-- phpMyAdmin SQL Dump
-- version 5.2.1
-- https://www.phpmyadmin.net/
--
-- Host: 127.0.0.1
-- Generation Time: Jan 15, 2026 at 11:49 AM
-- Server version: 10.4.32-MariaDB
-- PHP Version: 8.2.12

SET SQL_MODE = "NO_AUTO_VALUE_ON_ZERO";
START TRANSACTION;
SET time_zone = "+00:00";


/*!40101 SET @OLD_CHARACTER_SET_CLIENT=@@CHARACTER_SET_CLIENT */;
/*!40101 SET @OLD_CHARACTER_SET_RESULTS=@@CHARACTER_SET_RESULTS */;
/*!40101 SET @OLD_COLLATION_CONNECTION=@@COLLATION_CONNECTION */;
/*!40101 SET NAMES utf8mb4 */;

--
-- Database: `bakery_db`
--

DELIMITER $$
--
-- Procedures
--
CREATE DEFINER=`root`@`localhost` PROCEDURE `sp_calculate_payroll_by_month` (IN `p_month` INT, IN `p_year` INT)   BEGIN
    UPDATE EMPLOYEE_PAYROLL
    SET TotalSalary =
        ROUND(
            (BaseSalary / 26 * WorkDays)
            + IFNULL(Bonus, 0)
            - IFNULL(Penalty, 0),
        0)
    WHERE Month = p_month
      AND Year  = p_year;
END$$

CREATE DEFINER=`root`@`localhost` PROCEDURE `sp_employee_checkin_by_email` (IN `p_email` VARCHAR(100))   BEGIN
    DECLARE v_empid VARCHAR(30);

    SELECT EmployeeID
    INTO v_empid
    FROM EMPLOYEE
    WHERE Email = p_email
      AND Status = 'Active';

    IF v_empid IS NULL THEN
        SIGNAL SQLSTATE '45000'
        SET MESSAGE_TEXT = 'Invalid email or inactive employee';
    END IF;

    INSERT INTO EMPLOYEE_CHECKIN (EmployeeID)
    VALUES (v_empid);
END$$

CREATE DEFINER=`root`@`localhost` PROCEDURE `sp_employee_checkout_by_email` (IN `p_email` VARCHAR(100))   BEGIN
    DECLARE v_empid VARCHAR(30);

    SELECT EmployeeID
    INTO v_empid
    FROM EMPLOYEE
    WHERE Email = p_email
      AND Status = 'Active';

    IF v_empid IS NULL THEN
        SIGNAL SQLSTATE '45000'
        SET MESSAGE_TEXT = 'Invalid email or inactive employee';
    END IF; 

IF NOT EXISTS (
    SELECT 1
    FROM EMPLOYEE_CHECKIN
    WHERE EmployeeID = v_empid
      AND WorkDate = CURDATE()
      AND CheckOutTime IS NULL
) THEN
    SIGNAL SQLSTATE '45000'
    SET MESSAGE_TEXT = 'No check-in found today';
END IF;

    UPDATE EMPLOYEE_CHECKIN
    SET CheckOutTime = CURTIME()
    WHERE EmployeeID = v_empid
      AND WorkDate = CURDATE();
END$$

CREATE DEFINER=`root`@`localhost` PROCEDURE `sp_GenerateCheckinData` ()   BEGIN
    DECLARE v_emp VARCHAR(30);
    DECLARE v_date DATE;
    DECLARE v_month INT;
    DECLARE v_day INT;
    DECLARE done INT DEFAULT 0;

    -- Cursor lấy nhân viên Active
    DECLARE emp_cursor CURSOR FOR
        SELECT EmployeeID
        FROM EMPLOYEE
        WHERE Status = 'Active'
          AND EmployeeID BETWEEN 'E01' AND 'E10';

    DECLARE CONTINUE HANDLER FOR NOT FOUND SET done = 1;

    OPEN emp_cursor;

    emp_loop: LOOP
        FETCH emp_cursor INTO v_emp;
        IF done = 1 THEN
            LEAVE emp_loop;
        END IF;

        SET v_month = 6;

        month_loop: WHILE v_month <= 12 DO
            SET v_day = 1;

            day_loop: WHILE v_day <= 26 DO
                -- Random bỏ 20% ngày để không full công
                IF RAND() > 0.2 THEN
                    SET v_date = STR_TO_DATE(
                        CONCAT('2025-', LPAD(v_month,2,'0'), '-', LPAD(v_day,2,'0')),
                        '%Y-%m-%d'
                    );

                  -- CHECK-IN (trigger xử lý Late, WorkDays, LateWorkday & Log)

                    INSERT IGNORE INTO EMPLOYEE_CHECKIN
                    (EmployeeID, WorkDate, CheckInTime)
                    VALUES
                    (
                        v_emp,
                        v_date,
                        SEC_TO_TIME(
                            TIME_TO_SEC('07:40:00')
                            + FLOOR(RAND() * 3600) -- 07:40 → 08:40
                        )
                    );

                    -- CHECK-OUT (trigger validate + log)
                    UPDATE EMPLOYEE_CHECKIN
                    SET CheckOutTime =
                        SEC_TO_TIME(
                            TIME_TO_SEC('16:30:00')
                            + FLOOR(RAND() * 5400) -- 16:30 → 18:00
                        )
                    WHERE EmployeeID = v_emp
                      AND WorkDate = v_date;
                END IF;

                SET v_day = v_day + 1;
            END WHILE;

            SET v_month = v_month + 1;
        END WHILE;
    END LOOP;

    CLOSE emp_cursor;
END$$

CREATE DEFINER=`root`@`localhost` PROCEDURE `sp_GenerateCheckoutData` ()   BEGIN
    DECLARE done INT DEFAULT 0;
    DECLARE v_checkin_id INT;
    DECLARE v_checkin_time TIME;

    -- Cursor lấy các dòng đã check-in nhưng CHƯA check-out
    DECLARE cur_checkout CURSOR FOR
        SELECT CheckInID, CheckInTime
        FROM EMPLOYEE_CHECKIN
        WHERE CheckOutTime IS NULL;

    DECLARE CONTINUE HANDLER FOR NOT FOUND SET done = 1;

    OPEN cur_checkout;

    checkout_loop: LOOP
        FETCH cur_checkout INTO v_checkin_id, v_checkin_time;
        IF done = 1 THEN
            LEAVE checkout_loop;
        END IF;

        -- Check-out ngẫu nhiên từ 16:30 → 18:00
        UPDATE EMPLOYEE_CHECKIN
        SET CheckOutTime =
            SEC_TO_TIME(
                TIME_TO_SEC('16:30:00')
                + FLOOR(RAND() * 5400) -- +0 → +90 phút
            )
        WHERE CheckInID = v_checkin_id;
    END LOOP;

    CLOSE cur_checkout;
END$$

DELIMITER ;

-- --------------------------------------------------------

--
-- Table structure for table `customer`
--

CREATE TABLE `customer` (
  `CustomerID` int(10) NOT NULL,
  `FullName` varchar(100) NOT NULL,
  `Phone` varchar(20) NOT NULL,
  `Gender` enum('Male','Female') NOT NULL,
  `DOB` date NOT NULL,
  `Email` varchar(100) DEFAULT NULL,
  `Address` varchar(255) DEFAULT NULL
) ENGINE=InnoDB DEFAULT CHARSET=utf8mb4 COLLATE=utf8mb4_general_ci;

--
-- Dumping data for table `customer`
--

INSERT INTO `customer` (`CustomerID`, `FullName`, `Phone`, `Gender`, `DOB`, `Email`, `Address`) VALUES
(1, 'Huy', '0967923921', 'Male', '2015-01-06', NULL, NULL),
(2, 'Ngoc', '0911223344', 'Female', '2015-12-02', NULL, NULL),
(3, 'Visitor', '000000', 'Male', '0000-00-00', NULL, NULL);

-- --------------------------------------------------------

--
-- Table structure for table `employee`
--

CREATE TABLE `employee` (
  `EmployeeID` varchar(30) NOT NULL,
  `FullName` varchar(100) DEFAULT NULL,
  `DOB` date DEFAULT NULL,
  `Gender` enum('male','female') DEFAULT NULL,
  `Phone` varchar(30) DEFAULT NULL,
  `Email` varchar(100) DEFAULT NULL,
  `Address` varchar(255) DEFAULT NULL,
  `HireDate` date DEFAULT NULL,
  `Position` varchar(30) DEFAULT NULL,
  `Status` enum('Active','Inactive') DEFAULT NULL
) ENGINE=InnoDB DEFAULT CHARSET=utf8mb4 COLLATE=utf8mb4_general_ci;

--
-- Dumping data for table `employee`
--

INSERT INTO `employee` (`EmployeeID`, `FullName`, `DOB`, `Gender`, `Phone`, `Email`, `Address`, `HireDate`, `Position`, `Status`) VALUES
('E01', 'Nguyen Hong Ngoc', '1998-01-10', 'female', '0901', 'a@gmail.com', 'HN', '2001-01-01', 'Manager', 'Active'),
('E02', 'Tran Van Huy', '1997-02-11', 'male', '0902', 'b@gmail.com', 'HCM', '2020-05-12', 'Staff', 'Active'),
('E03', 'Pham Quoc Anh', '2001-03-12', 'male', '0903', 'c@gmail.com', 'DN', '2019-06-15', 'Staff', 'Active'),
('E04', 'Pham Thi D', '1999-04-13', 'female', '0904', 'd@gmail.com', 'HN', '2022-02-10', 'Staff', 'Active'),
('E05', 'Hoang Van E', '1995-05-14', 'male', '0905', 'e@gmail.com', 'HCM', '2018-03-20', 'Staff', 'Inactive'),
('E06', 'Nguyen Tu Quyen', '2004-05-12', 'female', '0906', 'tuquyen@gmail.com', 'HN', '2021-07-01', 'Staff', 'Active'),
('E07', 'Vu Van G', '1997-07-16', 'male', '0907', 'g@gmail.com', 'HN', '2020-08-08', 'Staff', 'Active'),
('E08', 'Dang Thi H', '1996-08-17', 'female', '0908', 'h@gmail.com', 'HCM', '2019-09-09', 'Staff', 'Active'),
('E09', 'Bui Van I', '1995-09-18', 'male', '0909', 'i@gmail.com', 'DN', '2018-10-10', 'Staff', 'Active'),
('E10', 'Nguyen Thi J', '1999-10-19', 'female', '0910', 'j@gmail.com', 'HN', '2022-11-11', 'Staff', 'Active');

-- --------------------------------------------------------

--
-- Table structure for table `employee_attendance_log`
--

CREATE TABLE `employee_attendance_log` (
  `LogID` int(11) NOT NULL,
  `EmployeeID` varchar(30) DEFAULT NULL,
  `WorkDate` date DEFAULT NULL,
  `Action` enum('CHECKIN','CHECKOUT') DEFAULT NULL,
  `ActionTime` datetime DEFAULT current_timestamp(),
  `Note` varchar(255) DEFAULT NULL
) ENGINE=InnoDB DEFAULT CHARSET=utf8mb4 COLLATE=utf8mb4_general_ci;

--
-- Dumping data for table `employee_attendance_log`
--

INSERT INTO `employee_attendance_log` (`LogID`, `EmployeeID`, `WorkDate`, `Action`, `ActionTime`, `Note`) VALUES
(1, 'E01', '2025-06-01', 'CHECKIN', '2026-01-15 09:32:16', 'Employee check-in'),
(2, 'E01', '2025-06-01', 'CHECKOUT', '2026-01-15 09:32:16', 'Employee check-out'),
(3, 'E01', '2025-06-02', 'CHECKIN', '2026-01-15 09:32:16', 'Employee check-in'),
(4, 'E01', '2025-06-02', 'CHECKOUT', '2026-01-15 09:32:16', 'Employee check-out'),
(5, 'E01', '2025-06-03', 'CHECKIN', '2026-01-15 09:32:16', 'Employee check-in'),
(6, 'E01', '2025-06-03', 'CHECKOUT', '2026-01-15 09:32:16', 'Employee check-out'),
(7, 'E01', '2025-06-04', 'CHECKIN', '2026-01-15 09:32:16', 'Employee check-in'),
(8, 'E01', '2025-06-04', 'CHECKOUT', '2026-01-15 09:32:16', 'Employee check-out'),
(9, 'E01', '2025-06-05', 'CHECKIN', '2026-01-15 09:32:16', 'Employee check-in'),
(10, 'E01', '2025-06-05', 'CHECKOUT', '2026-01-15 09:32:16', 'Employee check-out'),
(11, 'E01', '2025-06-06', 'CHECKIN', '2026-01-15 09:32:16', 'Employee check-in'),
(12, 'E01', '2025-06-06', 'CHECKOUT', '2026-01-15 09:32:16', 'Employee check-out'),
(13, 'E01', '2025-06-07', 'CHECKIN', '2026-01-15 09:32:16', 'Employee check-in'),
(14, 'E01', '2025-06-07', 'CHECKOUT', '2026-01-15 09:32:16', 'Employee check-out'),
(15, 'E01', '2025-06-11', 'CHECKIN', '2026-01-15 09:32:16', 'Employee check-in'),
(16, 'E01', '2025-06-11', 'CHECKOUT', '2026-01-15 09:32:16', 'Employee check-out'),
(17, 'E01', '2025-06-14', 'CHECKIN', '2026-01-15 09:32:16', 'Employee check-in'),
(18, 'E01', '2025-06-14', 'CHECKOUT', '2026-01-15 09:32:16', 'Employee check-out'),
(19, 'E01', '2025-06-16', 'CHECKIN', '2026-01-15 09:32:16', 'Employee check-in'),
(20, 'E01', '2025-06-16', 'CHECKOUT', '2026-01-15 09:32:16', 'Employee check-out'),
(21, 'E01', '2025-06-17', 'CHECKIN', '2026-01-15 09:32:16', 'Employee check-in'),
(22, 'E01', '2025-06-17', 'CHECKOUT', '2026-01-15 09:32:16', 'Employee check-out'),
(23, 'E01', '2025-06-19', 'CHECKIN', '2026-01-15 09:32:16', 'Employee check-in'),
(24, 'E01', '2025-06-19', 'CHECKOUT', '2026-01-15 09:32:16', 'Employee check-out'),
(25, 'E01', '2025-06-20', 'CHECKIN', '2026-01-15 09:32:16', 'Employee check-in'),
(26, 'E01', '2025-06-20', 'CHECKOUT', '2026-01-15 09:32:16', 'Employee check-out'),
(27, 'E01', '2025-06-21', 'CHECKIN', '2026-01-15 09:32:16', 'Employee check-in'),
(28, 'E01', '2025-06-21', 'CHECKOUT', '2026-01-15 09:32:16', 'Employee check-out'),
(29, 'E01', '2025-06-22', 'CHECKIN', '2026-01-15 09:32:16', 'Employee check-in'),
(30, 'E01', '2025-06-22', 'CHECKOUT', '2026-01-15 09:32:16', 'Employee check-out'),
(31, 'E01', '2025-06-24', 'CHECKIN', '2026-01-15 09:32:16', 'Employee check-in'),
(32, 'E01', '2025-06-24', 'CHECKOUT', '2026-01-15 09:32:16', 'Employee check-out'),
(33, 'E01', '2025-06-25', 'CHECKIN', '2026-01-15 09:32:16', 'Employee check-in'),
(34, 'E01', '2025-06-25', 'CHECKOUT', '2026-01-15 09:32:16', 'Employee check-out'),
(35, 'E01', '2025-06-26', 'CHECKIN', '2026-01-15 09:32:16', 'Employee check-in'),
(36, 'E01', '2025-06-26', 'CHECKOUT', '2026-01-15 09:32:16', 'Employee check-out'),
(37, 'E01', '2025-07-03', 'CHECKIN', '2026-01-15 09:32:16', 'Employee check-in'),
(38, 'E01', '2025-07-03', 'CHECKOUT', '2026-01-15 09:32:16', 'Employee check-out'),
(39, 'E01', '2025-07-04', 'CHECKIN', '2026-01-15 09:32:16', 'Employee check-in'),
(40, 'E01', '2025-07-04', 'CHECKOUT', '2026-01-15 09:32:16', 'Employee check-out'),
(41, 'E01', '2025-07-05', 'CHECKIN', '2026-01-15 09:32:16', 'Employee check-in'),
(42, 'E01', '2025-07-05', 'CHECKOUT', '2026-01-15 09:32:16', 'Employee check-out'),
(43, 'E01', '2025-07-06', 'CHECKIN', '2026-01-15 09:32:16', 'Employee check-in'),
(44, 'E01', '2025-07-06', 'CHECKOUT', '2026-01-15 09:32:16', 'Employee check-out'),
(45, 'E01', '2025-07-07', 'CHECKIN', '2026-01-15 09:32:16', 'Employee check-in'),
(46, 'E01', '2025-07-07', 'CHECKOUT', '2026-01-15 09:32:16', 'Employee check-out'),
(47, 'E01', '2025-07-08', 'CHECKIN', '2026-01-15 09:32:16', 'Employee check-in'),
(48, 'E01', '2025-07-08', 'CHECKOUT', '2026-01-15 09:32:16', 'Employee check-out'),
(49, 'E01', '2025-07-09', 'CHECKIN', '2026-01-15 09:32:16', 'Employee check-in'),
(50, 'E01', '2025-07-09', 'CHECKOUT', '2026-01-15 09:32:16', 'Employee check-out'),
(51, 'E01', '2025-07-10', 'CHECKIN', '2026-01-15 09:32:16', 'Employee check-in'),
(52, 'E01', '2025-07-10', 'CHECKOUT', '2026-01-15 09:32:16', 'Employee check-out'),
(53, 'E01', '2025-07-11', 'CHECKIN', '2026-01-15 09:32:16', 'Employee check-in'),
(54, 'E01', '2025-07-11', 'CHECKOUT', '2026-01-15 09:32:16', 'Employee check-out'),
(55, 'E01', '2025-07-12', 'CHECKIN', '2026-01-15 09:32:16', 'Employee check-in'),
(56, 'E01', '2025-07-12', 'CHECKOUT', '2026-01-15 09:32:16', 'Employee check-out'),
(57, 'E01', '2025-07-14', 'CHECKIN', '2026-01-15 09:32:16', 'Employee check-in'),
(58, 'E01', '2025-07-14', 'CHECKOUT', '2026-01-15 09:32:16', 'Employee check-out'),
(59, 'E01', '2025-07-15', 'CHECKIN', '2026-01-15 09:32:16', 'Employee check-in'),
(60, 'E01', '2025-07-15', 'CHECKOUT', '2026-01-15 09:32:16', 'Employee check-out'),
(61, 'E01', '2025-07-16', 'CHECKIN', '2026-01-15 09:32:16', 'Employee check-in'),
(62, 'E01', '2025-07-16', 'CHECKOUT', '2026-01-15 09:32:16', 'Employee check-out'),
(63, 'E01', '2025-07-18', 'CHECKIN', '2026-01-15 09:32:16', 'Employee check-in'),
(64, 'E01', '2025-07-18', 'CHECKOUT', '2026-01-15 09:32:16', 'Employee check-out'),
(65, 'E01', '2025-07-19', 'CHECKIN', '2026-01-15 09:32:16', 'Employee check-in'),
(66, 'E01', '2025-07-19', 'CHECKOUT', '2026-01-15 09:32:16', 'Employee check-out'),
(67, 'E01', '2025-07-20', 'CHECKIN', '2026-01-15 09:32:16', 'Employee check-in'),
(68, 'E01', '2025-07-20', 'CHECKOUT', '2026-01-15 09:32:16', 'Employee check-out'),
(69, 'E01', '2025-07-22', 'CHECKIN', '2026-01-15 09:32:16', 'Employee check-in'),
(70, 'E01', '2025-07-22', 'CHECKOUT', '2026-01-15 09:32:16', 'Employee check-out'),
(71, 'E01', '2025-07-23', 'CHECKIN', '2026-01-15 09:32:16', 'Employee check-in'),
(72, 'E01', '2025-07-23', 'CHECKOUT', '2026-01-15 09:32:16', 'Employee check-out'),
(73, 'E01', '2025-07-24', 'CHECKIN', '2026-01-15 09:32:16', 'Employee check-in'),
(74, 'E01', '2025-07-24', 'CHECKOUT', '2026-01-15 09:32:16', 'Employee check-out'),
(75, 'E01', '2025-07-25', 'CHECKIN', '2026-01-15 09:32:16', 'Employee check-in'),
(76, 'E01', '2025-07-25', 'CHECKOUT', '2026-01-15 09:32:16', 'Employee check-out'),
(77, 'E01', '2025-07-26', 'CHECKIN', '2026-01-15 09:32:16', 'Employee check-in'),
(78, 'E01', '2025-07-26', 'CHECKOUT', '2026-01-15 09:32:16', 'Employee check-out'),
(79, 'E01', '2025-08-01', 'CHECKIN', '2026-01-15 09:32:16', 'Employee check-in'),
(80, 'E01', '2025-08-01', 'CHECKOUT', '2026-01-15 09:32:16', 'Employee check-out'),
(81, 'E01', '2025-08-02', 'CHECKIN', '2026-01-15 09:32:16', 'Employee check-in'),
(82, 'E01', '2025-08-02', 'CHECKOUT', '2026-01-15 09:32:16', 'Employee check-out'),
(83, 'E01', '2025-08-04', 'CHECKIN', '2026-01-15 09:32:16', 'Employee check-in'),
(84, 'E01', '2025-08-04', 'CHECKOUT', '2026-01-15 09:32:16', 'Employee check-out'),
(85, 'E01', '2025-08-05', 'CHECKIN', '2026-01-15 09:32:16', 'Employee check-in'),
(86, 'E01', '2025-08-05', 'CHECKOUT', '2026-01-15 09:32:16', 'Employee check-out'),
(87, 'E01', '2025-08-06', 'CHECKIN', '2026-01-15 09:32:16', 'Employee check-in'),
(88, 'E01', '2025-08-06', 'CHECKOUT', '2026-01-15 09:32:16', 'Employee check-out'),
(89, 'E01', '2025-08-07', 'CHECKIN', '2026-01-15 09:32:16', 'Employee check-in'),
(90, 'E01', '2025-08-07', 'CHECKOUT', '2026-01-15 09:32:16', 'Employee check-out'),
(91, 'E01', '2025-08-08', 'CHECKIN', '2026-01-15 09:32:16', 'Employee check-in'),
(92, 'E01', '2025-08-08', 'CHECKOUT', '2026-01-15 09:32:16', 'Employee check-out'),
(93, 'E01', '2025-08-10', 'CHECKIN', '2026-01-15 09:32:16', 'Employee check-in'),
(94, 'E01', '2025-08-10', 'CHECKOUT', '2026-01-15 09:32:16', 'Employee check-out'),
(95, 'E01', '2025-08-11', 'CHECKIN', '2026-01-15 09:32:16', 'Employee check-in'),
(96, 'E01', '2025-08-11', 'CHECKOUT', '2026-01-15 09:32:16', 'Employee check-out'),
(97, 'E01', '2025-08-13', 'CHECKIN', '2026-01-15 09:32:16', 'Employee check-in'),
(98, 'E01', '2025-08-13', 'CHECKOUT', '2026-01-15 09:32:16', 'Employee check-out'),
(99, 'E01', '2025-08-14', 'CHECKIN', '2026-01-15 09:32:16', 'Employee check-in'),
(100, 'E01', '2025-08-14', 'CHECKOUT', '2026-01-15 09:32:16', 'Employee check-out'),
(101, 'E01', '2025-08-15', 'CHECKIN', '2026-01-15 09:32:16', 'Employee check-in'),
(102, 'E01', '2025-08-15', 'CHECKOUT', '2026-01-15 09:32:16', 'Employee check-out'),
(103, 'E01', '2025-08-17', 'CHECKIN', '2026-01-15 09:32:16', 'Employee check-in'),
(104, 'E01', '2025-08-17', 'CHECKOUT', '2026-01-15 09:32:16', 'Employee check-out'),
(105, 'E01', '2025-08-18', 'CHECKIN', '2026-01-15 09:32:16', 'Employee check-in'),
(106, 'E01', '2025-08-18', 'CHECKOUT', '2026-01-15 09:32:16', 'Employee check-out'),
(107, 'E01', '2025-08-19', 'CHECKIN', '2026-01-15 09:32:16', 'Employee check-in'),
(108, 'E01', '2025-08-19', 'CHECKOUT', '2026-01-15 09:32:16', 'Employee check-out'),
(109, 'E01', '2025-08-20', 'CHECKIN', '2026-01-15 09:32:16', 'Employee check-in'),
(110, 'E01', '2025-08-20', 'CHECKOUT', '2026-01-15 09:32:16', 'Employee check-out'),
(111, 'E01', '2025-08-21', 'CHECKIN', '2026-01-15 09:32:16', 'Employee check-in'),
(112, 'E01', '2025-08-21', 'CHECKOUT', '2026-01-15 09:32:16', 'Employee check-out'),
(113, 'E01', '2025-08-22', 'CHECKIN', '2026-01-15 09:32:16', 'Employee check-in'),
(114, 'E01', '2025-08-22', 'CHECKOUT', '2026-01-15 09:32:16', 'Employee check-out'),
(115, 'E01', '2025-08-23', 'CHECKIN', '2026-01-15 09:32:16', 'Employee check-in'),
(116, 'E01', '2025-08-23', 'CHECKOUT', '2026-01-15 09:32:16', 'Employee check-out'),
(117, 'E01', '2025-08-24', 'CHECKIN', '2026-01-15 09:32:16', 'Employee check-in'),
(118, 'E01', '2025-08-24', 'CHECKOUT', '2026-01-15 09:32:16', 'Employee check-out'),
(119, 'E01', '2025-08-25', 'CHECKIN', '2026-01-15 09:32:16', 'Employee check-in'),
(120, 'E01', '2025-08-25', 'CHECKOUT', '2026-01-15 09:32:16', 'Employee check-out'),
(121, 'E01', '2025-08-26', 'CHECKIN', '2026-01-15 09:32:16', 'Employee check-in'),
(122, 'E01', '2025-08-26', 'CHECKOUT', '2026-01-15 09:32:16', 'Employee check-out'),
(123, 'E01', '2025-09-01', 'CHECKIN', '2026-01-15 09:32:16', 'Employee check-in'),
(124, 'E01', '2025-09-01', 'CHECKOUT', '2026-01-15 09:32:16', 'Employee check-out'),
(125, 'E01', '2025-09-02', 'CHECKIN', '2026-01-15 09:32:16', 'Employee check-in'),
(126, 'E01', '2025-09-02', 'CHECKOUT', '2026-01-15 09:32:16', 'Employee check-out'),
(127, 'E01', '2025-09-04', 'CHECKIN', '2026-01-15 09:32:16', 'Employee check-in'),
(128, 'E01', '2025-09-04', 'CHECKOUT', '2026-01-15 09:32:16', 'Employee check-out'),
(129, 'E01', '2025-09-05', 'CHECKIN', '2026-01-15 09:32:16', 'Employee check-in'),
(130, 'E01', '2025-09-05', 'CHECKOUT', '2026-01-15 09:32:16', 'Employee check-out'),
(131, 'E01', '2025-09-06', 'CHECKIN', '2026-01-15 09:32:16', 'Employee check-in'),
(132, 'E01', '2025-09-06', 'CHECKOUT', '2026-01-15 09:32:16', 'Employee check-out'),
(133, 'E01', '2025-09-07', 'CHECKIN', '2026-01-15 09:32:16', 'Employee check-in'),
(134, 'E01', '2025-09-07', 'CHECKOUT', '2026-01-15 09:32:16', 'Employee check-out'),
(135, 'E01', '2025-09-08', 'CHECKIN', '2026-01-15 09:32:16', 'Employee check-in'),
(136, 'E01', '2025-09-08', 'CHECKOUT', '2026-01-15 09:32:16', 'Employee check-out'),
(137, 'E01', '2025-09-10', 'CHECKIN', '2026-01-15 09:32:16', 'Employee check-in'),
(138, 'E01', '2025-09-10', 'CHECKOUT', '2026-01-15 09:32:16', 'Employee check-out'),
(139, 'E01', '2025-09-11', 'CHECKIN', '2026-01-15 09:32:16', 'Employee check-in'),
(140, 'E01', '2025-09-11', 'CHECKOUT', '2026-01-15 09:32:16', 'Employee check-out'),
(141, 'E01', '2025-09-12', 'CHECKIN', '2026-01-15 09:32:16', 'Employee check-in'),
(142, 'E01', '2025-09-12', 'CHECKOUT', '2026-01-15 09:32:16', 'Employee check-out'),
(143, 'E01', '2025-09-15', 'CHECKIN', '2026-01-15 09:32:16', 'Employee check-in'),
(144, 'E01', '2025-09-15', 'CHECKOUT', '2026-01-15 09:32:16', 'Employee check-out'),
(145, 'E01', '2025-09-16', 'CHECKIN', '2026-01-15 09:32:16', 'Employee check-in'),
(146, 'E01', '2025-09-16', 'CHECKOUT', '2026-01-15 09:32:16', 'Employee check-out'),
(147, 'E01', '2025-09-20', 'CHECKIN', '2026-01-15 09:32:16', 'Employee check-in'),
(148, 'E01', '2025-09-20', 'CHECKOUT', '2026-01-15 09:32:16', 'Employee check-out'),
(149, 'E01', '2025-09-22', 'CHECKIN', '2026-01-15 09:32:16', 'Employee check-in'),
(150, 'E01', '2025-09-22', 'CHECKOUT', '2026-01-15 09:32:16', 'Employee check-out'),
(151, 'E01', '2025-09-25', 'CHECKIN', '2026-01-15 09:32:16', 'Employee check-in'),
(152, 'E01', '2025-09-25', 'CHECKOUT', '2026-01-15 09:32:16', 'Employee check-out'),
(153, 'E01', '2025-09-26', 'CHECKIN', '2026-01-15 09:32:16', 'Employee check-in'),
(154, 'E01', '2025-09-26', 'CHECKOUT', '2026-01-15 09:32:16', 'Employee check-out'),
(155, 'E01', '2025-10-02', 'CHECKIN', '2026-01-15 09:32:16', 'Employee check-in'),
(156, 'E01', '2025-10-02', 'CHECKOUT', '2026-01-15 09:32:16', 'Employee check-out'),
(157, 'E01', '2025-10-04', 'CHECKIN', '2026-01-15 09:32:16', 'Employee check-in'),
(158, 'E01', '2025-10-04', 'CHECKOUT', '2026-01-15 09:32:16', 'Employee check-out'),
(159, 'E01', '2025-10-05', 'CHECKIN', '2026-01-15 09:32:16', 'Employee check-in'),
(160, 'E01', '2025-10-05', 'CHECKOUT', '2026-01-15 09:32:16', 'Employee check-out'),
(161, 'E01', '2025-10-06', 'CHECKIN', '2026-01-15 09:32:16', 'Employee check-in'),
(162, 'E01', '2025-10-06', 'CHECKOUT', '2026-01-15 09:32:16', 'Employee check-out'),
(163, 'E01', '2025-10-07', 'CHECKIN', '2026-01-15 09:32:16', 'Employee check-in'),
(164, 'E01', '2025-10-07', 'CHECKOUT', '2026-01-15 09:32:16', 'Employee check-out'),
(165, 'E01', '2025-10-08', 'CHECKIN', '2026-01-15 09:32:16', 'Employee check-in'),
(166, 'E01', '2025-10-08', 'CHECKOUT', '2026-01-15 09:32:16', 'Employee check-out'),
(167, 'E01', '2025-10-09', 'CHECKIN', '2026-01-15 09:32:16', 'Employee check-in'),
(168, 'E01', '2025-10-09', 'CHECKOUT', '2026-01-15 09:32:16', 'Employee check-out'),
(169, 'E01', '2025-10-10', 'CHECKIN', '2026-01-15 09:32:16', 'Employee check-in'),
(170, 'E01', '2025-10-10', 'CHECKOUT', '2026-01-15 09:32:16', 'Employee check-out'),
(171, 'E01', '2025-10-12', 'CHECKIN', '2026-01-15 09:32:16', 'Employee check-in'),
(172, 'E01', '2025-10-12', 'CHECKOUT', '2026-01-15 09:32:16', 'Employee check-out'),
(173, 'E01', '2025-10-13', 'CHECKIN', '2026-01-15 09:32:16', 'Employee check-in'),
(174, 'E01', '2025-10-13', 'CHECKOUT', '2026-01-15 09:32:16', 'Employee check-out'),
(175, 'E01', '2025-10-15', 'CHECKIN', '2026-01-15 09:32:16', 'Employee check-in'),
(176, 'E01', '2025-10-15', 'CHECKOUT', '2026-01-15 09:32:16', 'Employee check-out'),
(177, 'E01', '2025-10-16', 'CHECKIN', '2026-01-15 09:32:16', 'Employee check-in'),
(178, 'E01', '2025-10-16', 'CHECKOUT', '2026-01-15 09:32:16', 'Employee check-out'),
(179, 'E01', '2025-10-17', 'CHECKIN', '2026-01-15 09:32:16', 'Employee check-in'),
(180, 'E01', '2025-10-17', 'CHECKOUT', '2026-01-15 09:32:16', 'Employee check-out'),
(181, 'E01', '2025-10-18', 'CHECKIN', '2026-01-15 09:32:16', 'Employee check-in'),
(182, 'E01', '2025-10-18', 'CHECKOUT', '2026-01-15 09:32:16', 'Employee check-out'),
(183, 'E01', '2025-10-19', 'CHECKIN', '2026-01-15 09:32:16', 'Employee check-in'),
(184, 'E01', '2025-10-19', 'CHECKOUT', '2026-01-15 09:32:16', 'Employee check-out'),
(185, 'E01', '2025-10-20', 'CHECKIN', '2026-01-15 09:32:16', 'Employee check-in'),
(186, 'E01', '2025-10-20', 'CHECKOUT', '2026-01-15 09:32:16', 'Employee check-out'),
(187, 'E01', '2025-10-21', 'CHECKIN', '2026-01-15 09:32:16', 'Employee check-in'),
(188, 'E01', '2025-10-21', 'CHECKOUT', '2026-01-15 09:32:16', 'Employee check-out'),
(189, 'E01', '2025-10-22', 'CHECKIN', '2026-01-15 09:32:16', 'Employee check-in'),
(190, 'E01', '2025-10-22', 'CHECKOUT', '2026-01-15 09:32:16', 'Employee check-out'),
(191, 'E01', '2025-10-23', 'CHECKIN', '2026-01-15 09:32:16', 'Employee check-in'),
(192, 'E01', '2025-10-23', 'CHECKOUT', '2026-01-15 09:32:16', 'Employee check-out'),
(193, 'E01', '2025-10-24', 'CHECKIN', '2026-01-15 09:32:16', 'Employee check-in'),
(194, 'E01', '2025-10-24', 'CHECKOUT', '2026-01-15 09:32:16', 'Employee check-out'),
(195, 'E01', '2025-10-25', 'CHECKIN', '2026-01-15 09:32:16', 'Employee check-in'),
(196, 'E01', '2025-10-25', 'CHECKOUT', '2026-01-15 09:32:16', 'Employee check-out'),
(197, 'E01', '2025-11-01', 'CHECKIN', '2026-01-15 09:32:16', 'Employee check-in'),
(198, 'E01', '2025-11-01', 'CHECKOUT', '2026-01-15 09:32:16', 'Employee check-out'),
(199, 'E01', '2025-11-03', 'CHECKIN', '2026-01-15 09:32:16', 'Employee check-in'),
(200, 'E01', '2025-11-03', 'CHECKOUT', '2026-01-15 09:32:16', 'Employee check-out'),
(201, 'E01', '2025-11-04', 'CHECKIN', '2026-01-15 09:32:16', 'Employee check-in'),
(202, 'E01', '2025-11-04', 'CHECKOUT', '2026-01-15 09:32:16', 'Employee check-out'),
(203, 'E01', '2025-11-06', 'CHECKIN', '2026-01-15 09:32:16', 'Employee check-in'),
(204, 'E01', '2025-11-06', 'CHECKOUT', '2026-01-15 09:32:16', 'Employee check-out'),
(205, 'E01', '2025-11-08', 'CHECKIN', '2026-01-15 09:32:16', 'Employee check-in'),
(206, 'E01', '2025-11-08', 'CHECKOUT', '2026-01-15 09:32:16', 'Employee check-out'),
(207, 'E01', '2025-11-11', 'CHECKIN', '2026-01-15 09:32:16', 'Employee check-in'),
(208, 'E01', '2025-11-11', 'CHECKOUT', '2026-01-15 09:32:16', 'Employee check-out'),
(209, 'E01', '2025-11-12', 'CHECKIN', '2026-01-15 09:32:16', 'Employee check-in'),
(210, 'E01', '2025-11-12', 'CHECKOUT', '2026-01-15 09:32:16', 'Employee check-out'),
(211, 'E01', '2025-11-13', 'CHECKIN', '2026-01-15 09:32:16', 'Employee check-in'),
(212, 'E01', '2025-11-13', 'CHECKOUT', '2026-01-15 09:32:16', 'Employee check-out'),
(213, 'E01', '2025-11-14', 'CHECKIN', '2026-01-15 09:32:16', 'Employee check-in'),
(214, 'E01', '2025-11-14', 'CHECKOUT', '2026-01-15 09:32:16', 'Employee check-out'),
(215, 'E01', '2025-11-15', 'CHECKIN', '2026-01-15 09:32:16', 'Employee check-in'),
(216, 'E01', '2025-11-15', 'CHECKOUT', '2026-01-15 09:32:16', 'Employee check-out'),
(217, 'E01', '2025-11-17', 'CHECKIN', '2026-01-15 09:32:16', 'Employee check-in'),
(218, 'E01', '2025-11-17', 'CHECKOUT', '2026-01-15 09:32:16', 'Employee check-out'),
(219, 'E01', '2025-11-18', 'CHECKIN', '2026-01-15 09:32:16', 'Employee check-in'),
(220, 'E01', '2025-11-18', 'CHECKOUT', '2026-01-15 09:32:16', 'Employee check-out'),
(221, 'E01', '2025-11-19', 'CHECKIN', '2026-01-15 09:32:16', 'Employee check-in'),
(222, 'E01', '2025-11-19', 'CHECKOUT', '2026-01-15 09:32:16', 'Employee check-out'),
(223, 'E01', '2025-11-20', 'CHECKIN', '2026-01-15 09:32:16', 'Employee check-in'),
(224, 'E01', '2025-11-20', 'CHECKOUT', '2026-01-15 09:32:16', 'Employee check-out'),
(225, 'E01', '2025-11-21', 'CHECKIN', '2026-01-15 09:32:16', 'Employee check-in'),
(226, 'E01', '2025-11-21', 'CHECKOUT', '2026-01-15 09:32:16', 'Employee check-out'),
(227, 'E01', '2025-11-22', 'CHECKIN', '2026-01-15 09:32:16', 'Employee check-in'),
(228, 'E01', '2025-11-22', 'CHECKOUT', '2026-01-15 09:32:16', 'Employee check-out'),
(229, 'E01', '2025-11-23', 'CHECKIN', '2026-01-15 09:32:16', 'Employee check-in'),
(230, 'E01', '2025-11-23', 'CHECKOUT', '2026-01-15 09:32:16', 'Employee check-out'),
(231, 'E01', '2025-11-24', 'CHECKIN', '2026-01-15 09:32:16', 'Employee check-in'),
(232, 'E01', '2025-11-24', 'CHECKOUT', '2026-01-15 09:32:16', 'Employee check-out'),
(233, 'E01', '2025-11-26', 'CHECKIN', '2026-01-15 09:32:16', 'Employee check-in'),
(234, 'E01', '2025-11-26', 'CHECKOUT', '2026-01-15 09:32:16', 'Employee check-out'),
(235, 'E01', '2025-12-01', 'CHECKIN', '2026-01-15 09:32:16', 'Employee check-in'),
(236, 'E01', '2025-12-01', 'CHECKOUT', '2026-01-15 09:32:16', 'Employee check-out'),
(237, 'E01', '2025-12-02', 'CHECKIN', '2026-01-15 09:32:16', 'Employee check-in'),
(238, 'E01', '2025-12-02', 'CHECKOUT', '2026-01-15 09:32:16', 'Employee check-out'),
(239, 'E01', '2025-12-03', 'CHECKIN', '2026-01-15 09:32:16', 'Employee check-in'),
(240, 'E01', '2025-12-03', 'CHECKOUT', '2026-01-15 09:32:16', 'Employee check-out'),
(241, 'E01', '2025-12-04', 'CHECKIN', '2026-01-15 09:32:16', 'Employee check-in'),
(242, 'E01', '2025-12-04', 'CHECKOUT', '2026-01-15 09:32:16', 'Employee check-out'),
(243, 'E01', '2025-12-05', 'CHECKIN', '2026-01-15 09:32:16', 'Employee check-in'),
(244, 'E01', '2025-12-05', 'CHECKOUT', '2026-01-15 09:32:16', 'Employee check-out'),
(245, 'E01', '2025-12-06', 'CHECKIN', '2026-01-15 09:32:16', 'Employee check-in'),
(246, 'E01', '2025-12-06', 'CHECKOUT', '2026-01-15 09:32:16', 'Employee check-out'),
(247, 'E01', '2025-12-08', 'CHECKIN', '2026-01-15 09:32:16', 'Employee check-in'),
(248, 'E01', '2025-12-08', 'CHECKOUT', '2026-01-15 09:32:16', 'Employee check-out'),
(249, 'E01', '2025-12-09', 'CHECKIN', '2026-01-15 09:32:16', 'Employee check-in'),
(250, 'E01', '2025-12-09', 'CHECKOUT', '2026-01-15 09:32:16', 'Employee check-out'),
(251, 'E01', '2025-12-10', 'CHECKIN', '2026-01-15 09:32:16', 'Employee check-in'),
(252, 'E01', '2025-12-10', 'CHECKOUT', '2026-01-15 09:32:16', 'Employee check-out'),
(253, 'E01', '2025-12-11', 'CHECKIN', '2026-01-15 09:32:16', 'Employee check-in'),
(254, 'E01', '2025-12-11', 'CHECKOUT', '2026-01-15 09:32:16', 'Employee check-out'),
(255, 'E01', '2025-12-12', 'CHECKIN', '2026-01-15 09:32:16', 'Employee check-in'),
(256, 'E01', '2025-12-12', 'CHECKOUT', '2026-01-15 09:32:16', 'Employee check-out'),
(257, 'E01', '2025-12-13', 'CHECKIN', '2026-01-15 09:32:16', 'Employee check-in'),
(258, 'E01', '2025-12-13', 'CHECKOUT', '2026-01-15 09:32:16', 'Employee check-out'),
(259, 'E01', '2025-12-14', 'CHECKIN', '2026-01-15 09:32:16', 'Employee check-in'),
(260, 'E01', '2025-12-14', 'CHECKOUT', '2026-01-15 09:32:16', 'Employee check-out'),
(261, 'E01', '2025-12-15', 'CHECKIN', '2026-01-15 09:32:16', 'Employee check-in'),
(262, 'E01', '2025-12-15', 'CHECKOUT', '2026-01-15 09:32:16', 'Employee check-out'),
(263, 'E01', '2025-12-17', 'CHECKIN', '2026-01-15 09:32:16', 'Employee check-in'),
(264, 'E01', '2025-12-17', 'CHECKOUT', '2026-01-15 09:32:16', 'Employee check-out'),
(265, 'E01', '2025-12-19', 'CHECKIN', '2026-01-15 09:32:16', 'Employee check-in'),
(266, 'E01', '2025-12-19', 'CHECKOUT', '2026-01-15 09:32:16', 'Employee check-out'),
(267, 'E01', '2025-12-20', 'CHECKIN', '2026-01-15 09:32:16', 'Employee check-in'),
(268, 'E01', '2025-12-20', 'CHECKOUT', '2026-01-15 09:32:16', 'Employee check-out'),
(269, 'E01', '2025-12-21', 'CHECKIN', '2026-01-15 09:32:16', 'Employee check-in'),
(270, 'E01', '2025-12-21', 'CHECKOUT', '2026-01-15 09:32:16', 'Employee check-out'),
(271, 'E01', '2025-12-22', 'CHECKIN', '2026-01-15 09:32:16', 'Employee check-in'),
(272, 'E01', '2025-12-22', 'CHECKOUT', '2026-01-15 09:32:16', 'Employee check-out'),
(273, 'E01', '2025-12-23', 'CHECKIN', '2026-01-15 09:32:16', 'Employee check-in'),
(274, 'E01', '2025-12-23', 'CHECKOUT', '2026-01-15 09:32:16', 'Employee check-out'),
(275, 'E01', '2025-12-24', 'CHECKIN', '2026-01-15 09:32:16', 'Employee check-in'),
(276, 'E01', '2025-12-24', 'CHECKOUT', '2026-01-15 09:32:16', 'Employee check-out'),
(277, 'E02', '2025-06-01', 'CHECKIN', '2026-01-15 09:32:16', 'Employee check-in'),
(278, 'E02', '2025-06-01', 'CHECKOUT', '2026-01-15 09:32:16', 'Employee check-out'),
(279, 'E02', '2025-06-02', 'CHECKIN', '2026-01-15 09:32:16', 'Employee check-in'),
(280, 'E02', '2025-06-02', 'CHECKOUT', '2026-01-15 09:32:16', 'Employee check-out'),
(281, 'E02', '2025-06-03', 'CHECKIN', '2026-01-15 09:32:16', 'Employee check-in'),
(282, 'E02', '2025-06-03', 'CHECKOUT', '2026-01-15 09:32:16', 'Employee check-out'),
(283, 'E02', '2025-06-04', 'CHECKIN', '2026-01-15 09:32:16', 'Employee check-in'),
(284, 'E02', '2025-06-04', 'CHECKOUT', '2026-01-15 09:32:16', 'Employee check-out'),
(285, 'E02', '2025-06-05', 'CHECKIN', '2026-01-15 09:32:16', 'Employee check-in'),
(286, 'E02', '2025-06-05', 'CHECKOUT', '2026-01-15 09:32:16', 'Employee check-out'),
(287, 'E02', '2025-06-06', 'CHECKIN', '2026-01-15 09:32:16', 'Employee check-in'),
(288, 'E02', '2025-06-06', 'CHECKOUT', '2026-01-15 09:32:16', 'Employee check-out'),
(289, 'E02', '2025-06-07', 'CHECKIN', '2026-01-15 09:32:16', 'Employee check-in'),
(290, 'E02', '2025-06-07', 'CHECKOUT', '2026-01-15 09:32:16', 'Employee check-out'),
(291, 'E02', '2025-06-08', 'CHECKIN', '2026-01-15 09:32:16', 'Employee check-in'),
(292, 'E02', '2025-06-08', 'CHECKOUT', '2026-01-15 09:32:16', 'Employee check-out'),
(293, 'E02', '2025-06-09', 'CHECKIN', '2026-01-15 09:32:16', 'Employee check-in'),
(294, 'E02', '2025-06-09', 'CHECKOUT', '2026-01-15 09:32:16', 'Employee check-out'),
(295, 'E02', '2025-06-10', 'CHECKIN', '2026-01-15 09:32:16', 'Employee check-in'),
(296, 'E02', '2025-06-10', 'CHECKOUT', '2026-01-15 09:32:16', 'Employee check-out'),
(297, 'E02', '2025-06-11', 'CHECKIN', '2026-01-15 09:32:16', 'Employee check-in'),
(298, 'E02', '2025-06-11', 'CHECKOUT', '2026-01-15 09:32:16', 'Employee check-out'),
(299, 'E02', '2025-06-12', 'CHECKIN', '2026-01-15 09:32:16', 'Employee check-in'),
(300, 'E02', '2025-06-12', 'CHECKOUT', '2026-01-15 09:32:16', 'Employee check-out'),
(301, 'E02', '2025-06-13', 'CHECKIN', '2026-01-15 09:32:16', 'Employee check-in'),
(302, 'E02', '2025-06-13', 'CHECKOUT', '2026-01-15 09:32:16', 'Employee check-out'),
(303, 'E02', '2025-06-14', 'CHECKIN', '2026-01-15 09:32:16', 'Employee check-in'),
(304, 'E02', '2025-06-14', 'CHECKOUT', '2026-01-15 09:32:16', 'Employee check-out'),
(305, 'E02', '2025-06-15', 'CHECKIN', '2026-01-15 09:32:16', 'Employee check-in'),
(306, 'E02', '2025-06-15', 'CHECKOUT', '2026-01-15 09:32:16', 'Employee check-out'),
(307, 'E02', '2025-06-17', 'CHECKIN', '2026-01-15 09:32:16', 'Employee check-in'),
(308, 'E02', '2025-06-17', 'CHECKOUT', '2026-01-15 09:32:16', 'Employee check-out'),
(309, 'E02', '2025-06-18', 'CHECKIN', '2026-01-15 09:32:16', 'Employee check-in'),
(310, 'E02', '2025-06-18', 'CHECKOUT', '2026-01-15 09:32:16', 'Employee check-out'),
(311, 'E02', '2025-06-19', 'CHECKIN', '2026-01-15 09:32:16', 'Employee check-in'),
(312, 'E02', '2025-06-19', 'CHECKOUT', '2026-01-15 09:32:16', 'Employee check-out'),
(313, 'E02', '2025-06-20', 'CHECKIN', '2026-01-15 09:32:16', 'Employee check-in'),
(314, 'E02', '2025-06-20', 'CHECKOUT', '2026-01-15 09:32:16', 'Employee check-out'),
(315, 'E02', '2025-06-21', 'CHECKIN', '2026-01-15 09:32:16', 'Employee check-in'),
(316, 'E02', '2025-06-21', 'CHECKOUT', '2026-01-15 09:32:16', 'Employee check-out'),
(317, 'E02', '2025-06-22', 'CHECKIN', '2026-01-15 09:32:16', 'Employee check-in'),
(318, 'E02', '2025-06-22', 'CHECKOUT', '2026-01-15 09:32:16', 'Employee check-out'),
(319, 'E02', '2025-06-24', 'CHECKIN', '2026-01-15 09:32:16', 'Employee check-in'),
(320, 'E02', '2025-06-24', 'CHECKOUT', '2026-01-15 09:32:16', 'Employee check-out'),
(321, 'E02', '2025-06-25', 'CHECKIN', '2026-01-15 09:32:16', 'Employee check-in'),
(322, 'E02', '2025-06-25', 'CHECKOUT', '2026-01-15 09:32:16', 'Employee check-out'),
(323, 'E02', '2025-06-26', 'CHECKIN', '2026-01-15 09:32:16', 'Employee check-in'),
(324, 'E02', '2025-06-26', 'CHECKOUT', '2026-01-15 09:32:16', 'Employee check-out'),
(325, 'E02', '2025-07-01', 'CHECKIN', '2026-01-15 09:32:16', 'Employee check-in'),
(326, 'E02', '2025-07-01', 'CHECKOUT', '2026-01-15 09:32:16', 'Employee check-out'),
(327, 'E02', '2025-07-02', 'CHECKIN', '2026-01-15 09:32:17', 'Employee check-in'),
(328, 'E02', '2025-07-02', 'CHECKOUT', '2026-01-15 09:32:17', 'Employee check-out'),
(329, 'E02', '2025-07-03', 'CHECKIN', '2026-01-15 09:32:17', 'Employee check-in'),
(330, 'E02', '2025-07-03', 'CHECKOUT', '2026-01-15 09:32:17', 'Employee check-out'),
(331, 'E02', '2025-07-04', 'CHECKIN', '2026-01-15 09:32:17', 'Employee check-in'),
(332, 'E02', '2025-07-04', 'CHECKOUT', '2026-01-15 09:32:17', 'Employee check-out'),
(333, 'E02', '2025-07-05', 'CHECKIN', '2026-01-15 09:32:17', 'Employee check-in'),
(334, 'E02', '2025-07-05', 'CHECKOUT', '2026-01-15 09:32:17', 'Employee check-out'),
(335, 'E02', '2025-07-06', 'CHECKIN', '2026-01-15 09:32:17', 'Employee check-in'),
(336, 'E02', '2025-07-06', 'CHECKOUT', '2026-01-15 09:32:17', 'Employee check-out'),
(337, 'E02', '2025-07-07', 'CHECKIN', '2026-01-15 09:32:17', 'Employee check-in'),
(338, 'E02', '2025-07-07', 'CHECKOUT', '2026-01-15 09:32:17', 'Employee check-out'),
(339, 'E02', '2025-07-08', 'CHECKIN', '2026-01-15 09:32:17', 'Employee check-in'),
(340, 'E02', '2025-07-08', 'CHECKOUT', '2026-01-15 09:32:17', 'Employee check-out'),
(341, 'E02', '2025-07-10', 'CHECKIN', '2026-01-15 09:32:17', 'Employee check-in'),
(342, 'E02', '2025-07-10', 'CHECKOUT', '2026-01-15 09:32:17', 'Employee check-out'),
(343, 'E02', '2025-07-11', 'CHECKIN', '2026-01-15 09:32:17', 'Employee check-in'),
(344, 'E02', '2025-07-11', 'CHECKOUT', '2026-01-15 09:32:17', 'Employee check-out'),
(345, 'E02', '2025-07-12', 'CHECKIN', '2026-01-15 09:32:17', 'Employee check-in'),
(346, 'E02', '2025-07-12', 'CHECKOUT', '2026-01-15 09:32:17', 'Employee check-out'),
(347, 'E02', '2025-07-13', 'CHECKIN', '2026-01-15 09:32:17', 'Employee check-in'),
(348, 'E02', '2025-07-13', 'CHECKOUT', '2026-01-15 09:32:17', 'Employee check-out'),
(349, 'E02', '2025-07-14', 'CHECKIN', '2026-01-15 09:32:17', 'Employee check-in'),
(350, 'E02', '2025-07-14', 'CHECKOUT', '2026-01-15 09:32:17', 'Employee check-out'),
(351, 'E02', '2025-07-15', 'CHECKIN', '2026-01-15 09:32:17', 'Employee check-in'),
(352, 'E02', '2025-07-15', 'CHECKOUT', '2026-01-15 09:32:17', 'Employee check-out'),
(353, 'E02', '2025-07-16', 'CHECKIN', '2026-01-15 09:32:17', 'Employee check-in'),
(354, 'E02', '2025-07-16', 'CHECKOUT', '2026-01-15 09:32:17', 'Employee check-out'),
(355, 'E02', '2025-07-17', 'CHECKIN', '2026-01-15 09:32:17', 'Employee check-in'),
(356, 'E02', '2025-07-17', 'CHECKOUT', '2026-01-15 09:32:17', 'Employee check-out'),
(357, 'E02', '2025-07-19', 'CHECKIN', '2026-01-15 09:32:17', 'Employee check-in'),
(358, 'E02', '2025-07-19', 'CHECKOUT', '2026-01-15 09:32:17', 'Employee check-out'),
(359, 'E02', '2025-07-21', 'CHECKIN', '2026-01-15 09:32:17', 'Employee check-in'),
(360, 'E02', '2025-07-21', 'CHECKOUT', '2026-01-15 09:32:17', 'Employee check-out'),
(361, 'E02', '2025-07-22', 'CHECKIN', '2026-01-15 09:32:17', 'Employee check-in'),
(362, 'E02', '2025-07-22', 'CHECKOUT', '2026-01-15 09:32:17', 'Employee check-out'),
(363, 'E02', '2025-07-23', 'CHECKIN', '2026-01-15 09:32:17', 'Employee check-in'),
(364, 'E02', '2025-07-23', 'CHECKOUT', '2026-01-15 09:32:17', 'Employee check-out'),
(365, 'E02', '2025-07-24', 'CHECKIN', '2026-01-15 09:32:17', 'Employee check-in'),
(366, 'E02', '2025-07-24', 'CHECKOUT', '2026-01-15 09:32:17', 'Employee check-out'),
(367, 'E02', '2025-07-26', 'CHECKIN', '2026-01-15 09:32:17', 'Employee check-in'),
(368, 'E02', '2025-07-26', 'CHECKOUT', '2026-01-15 09:32:17', 'Employee check-out'),
(369, 'E02', '2025-08-01', 'CHECKIN', '2026-01-15 09:32:17', 'Employee check-in'),
(370, 'E02', '2025-08-01', 'CHECKOUT', '2026-01-15 09:32:17', 'Employee check-out'),
(371, 'E02', '2025-08-03', 'CHECKIN', '2026-01-15 09:32:17', 'Employee check-in'),
(372, 'E02', '2025-08-03', 'CHECKOUT', '2026-01-15 09:32:17', 'Employee check-out'),
(373, 'E02', '2025-08-04', 'CHECKIN', '2026-01-15 09:32:17', 'Employee check-in'),
(374, 'E02', '2025-08-04', 'CHECKOUT', '2026-01-15 09:32:17', 'Employee check-out'),
(375, 'E02', '2025-08-05', 'CHECKIN', '2026-01-15 09:32:17', 'Employee check-in'),
(376, 'E02', '2025-08-05', 'CHECKOUT', '2026-01-15 09:32:17', 'Employee check-out'),
(377, 'E02', '2025-08-07', 'CHECKIN', '2026-01-15 09:32:17', 'Employee check-in'),
(378, 'E02', '2025-08-07', 'CHECKOUT', '2026-01-15 09:32:17', 'Employee check-out'),
(379, 'E02', '2025-08-08', 'CHECKIN', '2026-01-15 09:32:17', 'Employee check-in'),
(380, 'E02', '2025-08-08', 'CHECKOUT', '2026-01-15 09:32:17', 'Employee check-out'),
(381, 'E02', '2025-08-09', 'CHECKIN', '2026-01-15 09:32:17', 'Employee check-in'),
(382, 'E02', '2025-08-09', 'CHECKOUT', '2026-01-15 09:32:17', 'Employee check-out'),
(383, 'E02', '2025-08-10', 'CHECKIN', '2026-01-15 09:32:17', 'Employee check-in'),
(384, 'E02', '2025-08-10', 'CHECKOUT', '2026-01-15 09:32:17', 'Employee check-out'),
(385, 'E02', '2025-08-11', 'CHECKIN', '2026-01-15 09:32:17', 'Employee check-in'),
(386, 'E02', '2025-08-11', 'CHECKOUT', '2026-01-15 09:32:17', 'Employee check-out'),
(387, 'E02', '2025-08-12', 'CHECKIN', '2026-01-15 09:32:17', 'Employee check-in'),
(388, 'E02', '2025-08-12', 'CHECKOUT', '2026-01-15 09:32:17', 'Employee check-out'),
(389, 'E02', '2025-08-13', 'CHECKIN', '2026-01-15 09:32:17', 'Employee check-in'),
(390, 'E02', '2025-08-13', 'CHECKOUT', '2026-01-15 09:32:17', 'Employee check-out'),
(391, 'E02', '2025-08-14', 'CHECKIN', '2026-01-15 09:32:17', 'Employee check-in'),
(392, 'E02', '2025-08-14', 'CHECKOUT', '2026-01-15 09:32:17', 'Employee check-out'),
(393, 'E02', '2025-08-15', 'CHECKIN', '2026-01-15 09:32:17', 'Employee check-in'),
(394, 'E02', '2025-08-15', 'CHECKOUT', '2026-01-15 09:32:17', 'Employee check-out'),
(395, 'E02', '2025-08-16', 'CHECKIN', '2026-01-15 09:32:17', 'Employee check-in'),
(396, 'E02', '2025-08-16', 'CHECKOUT', '2026-01-15 09:32:17', 'Employee check-out'),
(397, 'E02', '2025-08-18', 'CHECKIN', '2026-01-15 09:32:17', 'Employee check-in'),
(398, 'E02', '2025-08-18', 'CHECKOUT', '2026-01-15 09:32:17', 'Employee check-out'),
(399, 'E02', '2025-08-19', 'CHECKIN', '2026-01-15 09:32:17', 'Employee check-in'),
(400, 'E02', '2025-08-19', 'CHECKOUT', '2026-01-15 09:32:17', 'Employee check-out'),
(401, 'E02', '2025-08-20', 'CHECKIN', '2026-01-15 09:32:17', 'Employee check-in'),
(402, 'E02', '2025-08-20', 'CHECKOUT', '2026-01-15 09:32:17', 'Employee check-out'),
(403, 'E02', '2025-08-21', 'CHECKIN', '2026-01-15 09:32:17', 'Employee check-in'),
(404, 'E02', '2025-08-21', 'CHECKOUT', '2026-01-15 09:32:17', 'Employee check-out'),
(405, 'E02', '2025-08-23', 'CHECKIN', '2026-01-15 09:32:17', 'Employee check-in'),
(406, 'E02', '2025-08-23', 'CHECKOUT', '2026-01-15 09:32:17', 'Employee check-out'),
(407, 'E02', '2025-08-24', 'CHECKIN', '2026-01-15 09:32:17', 'Employee check-in'),
(408, 'E02', '2025-08-24', 'CHECKOUT', '2026-01-15 09:32:17', 'Employee check-out'),
(409, 'E02', '2025-08-26', 'CHECKIN', '2026-01-15 09:32:17', 'Employee check-in'),
(410, 'E02', '2025-08-26', 'CHECKOUT', '2026-01-15 09:32:17', 'Employee check-out'),
(411, 'E02', '2025-09-03', 'CHECKIN', '2026-01-15 09:32:17', 'Employee check-in'),
(412, 'E02', '2025-09-03', 'CHECKOUT', '2026-01-15 09:32:17', 'Employee check-out'),
(413, 'E02', '2025-09-04', 'CHECKIN', '2026-01-15 09:32:17', 'Employee check-in'),
(414, 'E02', '2025-09-04', 'CHECKOUT', '2026-01-15 09:32:17', 'Employee check-out'),
(415, 'E02', '2025-09-05', 'CHECKIN', '2026-01-15 09:32:17', 'Employee check-in'),
(416, 'E02', '2025-09-05', 'CHECKOUT', '2026-01-15 09:32:17', 'Employee check-out'),
(417, 'E02', '2025-09-06', 'CHECKIN', '2026-01-15 09:32:17', 'Employee check-in'),
(418, 'E02', '2025-09-06', 'CHECKOUT', '2026-01-15 09:32:17', 'Employee check-out'),
(419, 'E02', '2025-09-07', 'CHECKIN', '2026-01-15 09:32:17', 'Employee check-in'),
(420, 'E02', '2025-09-07', 'CHECKOUT', '2026-01-15 09:32:17', 'Employee check-out'),
(421, 'E02', '2025-09-08', 'CHECKIN', '2026-01-15 09:32:17', 'Employee check-in'),
(422, 'E02', '2025-09-08', 'CHECKOUT', '2026-01-15 09:32:17', 'Employee check-out'),
(423, 'E02', '2025-09-10', 'CHECKIN', '2026-01-15 09:32:17', 'Employee check-in'),
(424, 'E02', '2025-09-10', 'CHECKOUT', '2026-01-15 09:32:17', 'Employee check-out'),
(425, 'E02', '2025-09-13', 'CHECKIN', '2026-01-15 09:32:17', 'Employee check-in'),
(426, 'E02', '2025-09-13', 'CHECKOUT', '2026-01-15 09:32:17', 'Employee check-out'),
(427, 'E02', '2025-09-14', 'CHECKIN', '2026-01-15 09:32:17', 'Employee check-in'),
(428, 'E02', '2025-09-14', 'CHECKOUT', '2026-01-15 09:32:17', 'Employee check-out'),
(429, 'E02', '2025-09-15', 'CHECKIN', '2026-01-15 09:32:17', 'Employee check-in'),
(430, 'E02', '2025-09-15', 'CHECKOUT', '2026-01-15 09:32:17', 'Employee check-out'),
(431, 'E02', '2025-09-16', 'CHECKIN', '2026-01-15 09:32:17', 'Employee check-in'),
(432, 'E02', '2025-09-16', 'CHECKOUT', '2026-01-15 09:32:17', 'Employee check-out'),
(433, 'E02', '2025-09-18', 'CHECKIN', '2026-01-15 09:32:17', 'Employee check-in'),
(434, 'E02', '2025-09-18', 'CHECKOUT', '2026-01-15 09:32:17', 'Employee check-out'),
(435, 'E02', '2025-09-19', 'CHECKIN', '2026-01-15 09:32:17', 'Employee check-in'),
(436, 'E02', '2025-09-19', 'CHECKOUT', '2026-01-15 09:32:17', 'Employee check-out'),
(437, 'E02', '2025-09-20', 'CHECKIN', '2026-01-15 09:32:17', 'Employee check-in'),
(438, 'E02', '2025-09-20', 'CHECKOUT', '2026-01-15 09:32:17', 'Employee check-out'),
(439, 'E02', '2025-09-23', 'CHECKIN', '2026-01-15 09:32:17', 'Employee check-in'),
(440, 'E02', '2025-09-23', 'CHECKOUT', '2026-01-15 09:32:17', 'Employee check-out'),
(441, 'E02', '2025-09-24', 'CHECKIN', '2026-01-15 09:32:17', 'Employee check-in'),
(442, 'E02', '2025-09-24', 'CHECKOUT', '2026-01-15 09:32:17', 'Employee check-out'),
(443, 'E02', '2025-09-26', 'CHECKIN', '2026-01-15 09:32:17', 'Employee check-in'),
(444, 'E02', '2025-09-26', 'CHECKOUT', '2026-01-15 09:32:17', 'Employee check-out'),
(445, 'E02', '2025-10-02', 'CHECKIN', '2026-01-15 09:32:17', 'Employee check-in'),
(446, 'E02', '2025-10-02', 'CHECKOUT', '2026-01-15 09:32:17', 'Employee check-out'),
(447, 'E02', '2025-10-03', 'CHECKIN', '2026-01-15 09:32:17', 'Employee check-in'),
(448, 'E02', '2025-10-03', 'CHECKOUT', '2026-01-15 09:32:17', 'Employee check-out'),
(449, 'E02', '2025-10-05', 'CHECKIN', '2026-01-15 09:32:17', 'Employee check-in'),
(450, 'E02', '2025-10-05', 'CHECKOUT', '2026-01-15 09:32:17', 'Employee check-out'),
(451, 'E02', '2025-10-06', 'CHECKIN', '2026-01-15 09:32:17', 'Employee check-in'),
(452, 'E02', '2025-10-06', 'CHECKOUT', '2026-01-15 09:32:17', 'Employee check-out'),
(453, 'E02', '2025-10-07', 'CHECKIN', '2026-01-15 09:32:17', 'Employee check-in'),
(454, 'E02', '2025-10-07', 'CHECKOUT', '2026-01-15 09:32:17', 'Employee check-out'),
(455, 'E02', '2025-10-08', 'CHECKIN', '2026-01-15 09:32:17', 'Employee check-in'),
(456, 'E02', '2025-10-08', 'CHECKOUT', '2026-01-15 09:32:17', 'Employee check-out'),
(457, 'E02', '2025-10-09', 'CHECKIN', '2026-01-15 09:32:17', 'Employee check-in'),
(458, 'E02', '2025-10-09', 'CHECKOUT', '2026-01-15 09:32:17', 'Employee check-out'),
(459, 'E02', '2025-10-10', 'CHECKIN', '2026-01-15 09:32:17', 'Employee check-in'),
(460, 'E02', '2025-10-10', 'CHECKOUT', '2026-01-15 09:32:17', 'Employee check-out'),
(461, 'E02', '2025-10-11', 'CHECKIN', '2026-01-15 09:32:17', 'Employee check-in'),
(462, 'E02', '2025-10-11', 'CHECKOUT', '2026-01-15 09:32:17', 'Employee check-out'),
(463, 'E02', '2025-10-12', 'CHECKIN', '2026-01-15 09:32:17', 'Employee check-in'),
(464, 'E02', '2025-10-12', 'CHECKOUT', '2026-01-15 09:32:17', 'Employee check-out'),
(465, 'E02', '2025-10-13', 'CHECKIN', '2026-01-15 09:32:17', 'Employee check-in'),
(466, 'E02', '2025-10-13', 'CHECKOUT', '2026-01-15 09:32:17', 'Employee check-out'),
(467, 'E02', '2025-10-15', 'CHECKIN', '2026-01-15 09:32:17', 'Employee check-in'),
(468, 'E02', '2025-10-15', 'CHECKOUT', '2026-01-15 09:32:17', 'Employee check-out'),
(469, 'E02', '2025-10-16', 'CHECKIN', '2026-01-15 09:32:17', 'Employee check-in'),
(470, 'E02', '2025-10-16', 'CHECKOUT', '2026-01-15 09:32:17', 'Employee check-out'),
(471, 'E02', '2025-10-18', 'CHECKIN', '2026-01-15 09:32:17', 'Employee check-in'),
(472, 'E02', '2025-10-18', 'CHECKOUT', '2026-01-15 09:32:17', 'Employee check-out'),
(473, 'E02', '2025-10-19', 'CHECKIN', '2026-01-15 09:32:17', 'Employee check-in'),
(474, 'E02', '2025-10-19', 'CHECKOUT', '2026-01-15 09:32:17', 'Employee check-out'),
(475, 'E02', '2025-10-20', 'CHECKIN', '2026-01-15 09:32:17', 'Employee check-in'),
(476, 'E02', '2025-10-20', 'CHECKOUT', '2026-01-15 09:32:17', 'Employee check-out'),
(477, 'E02', '2025-10-21', 'CHECKIN', '2026-01-15 09:32:17', 'Employee check-in'),
(478, 'E02', '2025-10-21', 'CHECKOUT', '2026-01-15 09:32:17', 'Employee check-out'),
(479, 'E02', '2025-10-22', 'CHECKIN', '2026-01-15 09:32:17', 'Employee check-in'),
(480, 'E02', '2025-10-22', 'CHECKOUT', '2026-01-15 09:32:17', 'Employee check-out'),
(481, 'E02', '2025-10-23', 'CHECKIN', '2026-01-15 09:32:17', 'Employee check-in'),
(482, 'E02', '2025-10-23', 'CHECKOUT', '2026-01-15 09:32:17', 'Employee check-out'),
(483, 'E02', '2025-10-24', 'CHECKIN', '2026-01-15 09:32:17', 'Employee check-in'),
(484, 'E02', '2025-10-24', 'CHECKOUT', '2026-01-15 09:32:17', 'Employee check-out'),
(485, 'E02', '2025-11-01', 'CHECKIN', '2026-01-15 09:32:17', 'Employee check-in'),
(486, 'E02', '2025-11-01', 'CHECKOUT', '2026-01-15 09:32:17', 'Employee check-out'),
(487, 'E02', '2025-11-02', 'CHECKIN', '2026-01-15 09:32:17', 'Employee check-in'),
(488, 'E02', '2025-11-02', 'CHECKOUT', '2026-01-15 09:32:17', 'Employee check-out'),
(489, 'E02', '2025-11-03', 'CHECKIN', '2026-01-15 09:32:17', 'Employee check-in'),
(490, 'E02', '2025-11-03', 'CHECKOUT', '2026-01-15 09:32:17', 'Employee check-out'),
(491, 'E02', '2025-11-04', 'CHECKIN', '2026-01-15 09:32:17', 'Employee check-in'),
(492, 'E02', '2025-11-04', 'CHECKOUT', '2026-01-15 09:32:17', 'Employee check-out'),
(493, 'E02', '2025-11-05', 'CHECKIN', '2026-01-15 09:32:17', 'Employee check-in'),
(494, 'E02', '2025-11-05', 'CHECKOUT', '2026-01-15 09:32:17', 'Employee check-out'),
(495, 'E02', '2025-11-06', 'CHECKIN', '2026-01-15 09:32:17', 'Employee check-in'),
(496, 'E02', '2025-11-06', 'CHECKOUT', '2026-01-15 09:32:17', 'Employee check-out'),
(497, 'E02', '2025-11-07', 'CHECKIN', '2026-01-15 09:32:17', 'Employee check-in'),
(498, 'E02', '2025-11-07', 'CHECKOUT', '2026-01-15 09:32:17', 'Employee check-out'),
(499, 'E02', '2025-11-09', 'CHECKIN', '2026-01-15 09:32:17', 'Employee check-in'),
(500, 'E02', '2025-11-09', 'CHECKOUT', '2026-01-15 09:32:17', 'Employee check-out'),
(501, 'E02', '2025-11-10', 'CHECKIN', '2026-01-15 09:32:17', 'Employee check-in'),
(502, 'E02', '2025-11-10', 'CHECKOUT', '2026-01-15 09:32:17', 'Employee check-out'),
(503, 'E02', '2025-11-11', 'CHECKIN', '2026-01-15 09:32:17', 'Employee check-in'),
(504, 'E02', '2025-11-11', 'CHECKOUT', '2026-01-15 09:32:17', 'Employee check-out'),
(505, 'E02', '2025-11-12', 'CHECKIN', '2026-01-15 09:32:17', 'Employee check-in'),
(506, 'E02', '2025-11-12', 'CHECKOUT', '2026-01-15 09:32:17', 'Employee check-out'),
(507, 'E02', '2025-11-13', 'CHECKIN', '2026-01-15 09:32:17', 'Employee check-in'),
(508, 'E02', '2025-11-13', 'CHECKOUT', '2026-01-15 09:32:17', 'Employee check-out'),
(509, 'E02', '2025-11-14', 'CHECKIN', '2026-01-15 09:32:17', 'Employee check-in'),
(510, 'E02', '2025-11-14', 'CHECKOUT', '2026-01-15 09:32:17', 'Employee check-out'),
(511, 'E02', '2025-11-15', 'CHECKIN', '2026-01-15 09:32:17', 'Employee check-in'),
(512, 'E02', '2025-11-15', 'CHECKOUT', '2026-01-15 09:32:17', 'Employee check-out'),
(513, 'E02', '2025-11-16', 'CHECKIN', '2026-01-15 09:32:17', 'Employee check-in'),
(514, 'E02', '2025-11-16', 'CHECKOUT', '2026-01-15 09:32:17', 'Employee check-out'),
(515, 'E02', '2025-11-18', 'CHECKIN', '2026-01-15 09:32:17', 'Employee check-in'),
(516, 'E02', '2025-11-18', 'CHECKOUT', '2026-01-15 09:32:17', 'Employee check-out'),
(517, 'E02', '2025-11-20', 'CHECKIN', '2026-01-15 09:32:17', 'Employee check-in'),
(518, 'E02', '2025-11-20', 'CHECKOUT', '2026-01-15 09:32:17', 'Employee check-out'),
(519, 'E02', '2025-11-21', 'CHECKIN', '2026-01-15 09:32:17', 'Employee check-in'),
(520, 'E02', '2025-11-21', 'CHECKOUT', '2026-01-15 09:32:17', 'Employee check-out'),
(521, 'E02', '2025-11-22', 'CHECKIN', '2026-01-15 09:32:17', 'Employee check-in'),
(522, 'E02', '2025-11-22', 'CHECKOUT', '2026-01-15 09:32:17', 'Employee check-out'),
(523, 'E02', '2025-11-23', 'CHECKIN', '2026-01-15 09:32:17', 'Employee check-in'),
(524, 'E02', '2025-11-23', 'CHECKOUT', '2026-01-15 09:32:17', 'Employee check-out'),
(525, 'E02', '2025-11-25', 'CHECKIN', '2026-01-15 09:32:17', 'Employee check-in'),
(526, 'E02', '2025-11-25', 'CHECKOUT', '2026-01-15 09:32:17', 'Employee check-out'),
(527, 'E02', '2025-11-26', 'CHECKIN', '2026-01-15 09:32:17', 'Employee check-in'),
(528, 'E02', '2025-11-26', 'CHECKOUT', '2026-01-15 09:32:17', 'Employee check-out'),
(529, 'E02', '2025-12-02', 'CHECKIN', '2026-01-15 09:32:17', 'Employee check-in'),
(530, 'E02', '2025-12-02', 'CHECKOUT', '2026-01-15 09:32:17', 'Employee check-out'),
(531, 'E02', '2025-12-03', 'CHECKIN', '2026-01-15 09:32:17', 'Employee check-in'),
(532, 'E02', '2025-12-03', 'CHECKOUT', '2026-01-15 09:32:17', 'Employee check-out'),
(533, 'E02', '2025-12-04', 'CHECKIN', '2026-01-15 09:32:17', 'Employee check-in'),
(534, 'E02', '2025-12-04', 'CHECKOUT', '2026-01-15 09:32:17', 'Employee check-out'),
(535, 'E02', '2025-12-05', 'CHECKIN', '2026-01-15 09:32:17', 'Employee check-in'),
(536, 'E02', '2025-12-05', 'CHECKOUT', '2026-01-15 09:32:17', 'Employee check-out'),
(537, 'E02', '2025-12-06', 'CHECKIN', '2026-01-15 09:32:17', 'Employee check-in'),
(538, 'E02', '2025-12-06', 'CHECKOUT', '2026-01-15 09:32:17', 'Employee check-out'),
(539, 'E02', '2025-12-07', 'CHECKIN', '2026-01-15 09:32:17', 'Employee check-in'),
(540, 'E02', '2025-12-07', 'CHECKOUT', '2026-01-15 09:32:17', 'Employee check-out'),
(541, 'E02', '2025-12-08', 'CHECKIN', '2026-01-15 09:32:17', 'Employee check-in'),
(542, 'E02', '2025-12-08', 'CHECKOUT', '2026-01-15 09:32:17', 'Employee check-out'),
(543, 'E02', '2025-12-09', 'CHECKIN', '2026-01-15 09:32:17', 'Employee check-in'),
(544, 'E02', '2025-12-09', 'CHECKOUT', '2026-01-15 09:32:17', 'Employee check-out'),
(545, 'E02', '2025-12-10', 'CHECKIN', '2026-01-15 09:32:17', 'Employee check-in'),
(546, 'E02', '2025-12-10', 'CHECKOUT', '2026-01-15 09:32:17', 'Employee check-out'),
(547, 'E02', '2025-12-12', 'CHECKIN', '2026-01-15 09:32:17', 'Employee check-in'),
(548, 'E02', '2025-12-12', 'CHECKOUT', '2026-01-15 09:32:17', 'Employee check-out'),
(549, 'E02', '2025-12-13', 'CHECKIN', '2026-01-15 09:32:17', 'Employee check-in'),
(550, 'E02', '2025-12-13', 'CHECKOUT', '2026-01-15 09:32:17', 'Employee check-out'),
(551, 'E02', '2025-12-14', 'CHECKIN', '2026-01-15 09:32:17', 'Employee check-in'),
(552, 'E02', '2025-12-14', 'CHECKOUT', '2026-01-15 09:32:17', 'Employee check-out'),
(553, 'E02', '2025-12-15', 'CHECKIN', '2026-01-15 09:32:17', 'Employee check-in'),
(554, 'E02', '2025-12-15', 'CHECKOUT', '2026-01-15 09:32:17', 'Employee check-out'),
(555, 'E02', '2025-12-17', 'CHECKIN', '2026-01-15 09:32:17', 'Employee check-in'),
(556, 'E02', '2025-12-17', 'CHECKOUT', '2026-01-15 09:32:17', 'Employee check-out'),
(557, 'E02', '2025-12-19', 'CHECKIN', '2026-01-15 09:32:17', 'Employee check-in'),
(558, 'E02', '2025-12-19', 'CHECKOUT', '2026-01-15 09:32:17', 'Employee check-out'),
(559, 'E02', '2025-12-20', 'CHECKIN', '2026-01-15 09:32:17', 'Employee check-in'),
(560, 'E02', '2025-12-20', 'CHECKOUT', '2026-01-15 09:32:17', 'Employee check-out'),
(561, 'E02', '2025-12-21', 'CHECKIN', '2026-01-15 09:32:17', 'Employee check-in'),
(562, 'E02', '2025-12-21', 'CHECKOUT', '2026-01-15 09:32:17', 'Employee check-out'),
(563, 'E02', '2025-12-22', 'CHECKIN', '2026-01-15 09:32:17', 'Employee check-in'),
(564, 'E02', '2025-12-22', 'CHECKOUT', '2026-01-15 09:32:17', 'Employee check-out'),
(565, 'E02', '2025-12-24', 'CHECKIN', '2026-01-15 09:32:17', 'Employee check-in'),
(566, 'E02', '2025-12-24', 'CHECKOUT', '2026-01-15 09:32:17', 'Employee check-out'),
(567, 'E02', '2025-12-25', 'CHECKIN', '2026-01-15 09:32:17', 'Employee check-in'),
(568, 'E02', '2025-12-25', 'CHECKOUT', '2026-01-15 09:32:17', 'Employee check-out'),
(569, 'E02', '2025-12-26', 'CHECKIN', '2026-01-15 09:32:17', 'Employee check-in'),
(570, 'E02', '2025-12-26', 'CHECKOUT', '2026-01-15 09:32:17', 'Employee check-out'),
(571, 'E03', '2025-06-02', 'CHECKIN', '2026-01-15 09:32:17', 'Employee check-in'),
(572, 'E03', '2025-06-02', 'CHECKOUT', '2026-01-15 09:32:17', 'Employee check-out'),
(573, 'E03', '2025-06-03', 'CHECKIN', '2026-01-15 09:32:17', 'Employee check-in'),
(574, 'E03', '2025-06-03', 'CHECKOUT', '2026-01-15 09:32:17', 'Employee check-out'),
(575, 'E03', '2025-06-05', 'CHECKIN', '2026-01-15 09:32:17', 'Employee check-in'),
(576, 'E03', '2025-06-05', 'CHECKOUT', '2026-01-15 09:32:17', 'Employee check-out'),
(577, 'E03', '2025-06-06', 'CHECKIN', '2026-01-15 09:32:17', 'Employee check-in'),
(578, 'E03', '2025-06-06', 'CHECKOUT', '2026-01-15 09:32:17', 'Employee check-out'),
(579, 'E03', '2025-06-08', 'CHECKIN', '2026-01-15 09:32:17', 'Employee check-in'),
(580, 'E03', '2025-06-08', 'CHECKOUT', '2026-01-15 09:32:17', 'Employee check-out'),
(581, 'E03', '2025-06-09', 'CHECKIN', '2026-01-15 09:32:17', 'Employee check-in'),
(582, 'E03', '2025-06-09', 'CHECKOUT', '2026-01-15 09:32:17', 'Employee check-out'),
(583, 'E03', '2025-06-11', 'CHECKIN', '2026-01-15 09:32:17', 'Employee check-in'),
(584, 'E03', '2025-06-11', 'CHECKOUT', '2026-01-15 09:32:17', 'Employee check-out'),
(585, 'E03', '2025-06-14', 'CHECKIN', '2026-01-15 09:32:17', 'Employee check-in'),
(586, 'E03', '2025-06-14', 'CHECKOUT', '2026-01-15 09:32:17', 'Employee check-out'),
(587, 'E03', '2025-06-16', 'CHECKIN', '2026-01-15 09:32:17', 'Employee check-in'),
(588, 'E03', '2025-06-16', 'CHECKOUT', '2026-01-15 09:32:17', 'Employee check-out'),
(589, 'E03', '2025-06-17', 'CHECKIN', '2026-01-15 09:32:17', 'Employee check-in'),
(590, 'E03', '2025-06-17', 'CHECKOUT', '2026-01-15 09:32:17', 'Employee check-out'),
(591, 'E03', '2025-06-18', 'CHECKIN', '2026-01-15 09:32:17', 'Employee check-in'),
(592, 'E03', '2025-06-18', 'CHECKOUT', '2026-01-15 09:32:17', 'Employee check-out'),
(593, 'E03', '2025-06-19', 'CHECKIN', '2026-01-15 09:32:17', 'Employee check-in'),
(594, 'E03', '2025-06-19', 'CHECKOUT', '2026-01-15 09:32:17', 'Employee check-out'),
(595, 'E03', '2025-06-20', 'CHECKIN', '2026-01-15 09:32:17', 'Employee check-in'),
(596, 'E03', '2025-06-20', 'CHECKOUT', '2026-01-15 09:32:17', 'Employee check-out'),
(597, 'E03', '2025-06-21', 'CHECKIN', '2026-01-15 09:32:17', 'Employee check-in'),
(598, 'E03', '2025-06-21', 'CHECKOUT', '2026-01-15 09:32:17', 'Employee check-out'),
(599, 'E03', '2025-06-22', 'CHECKIN', '2026-01-15 09:32:17', 'Employee check-in'),
(600, 'E03', '2025-06-22', 'CHECKOUT', '2026-01-15 09:32:17', 'Employee check-out'),
(601, 'E03', '2025-06-23', 'CHECKIN', '2026-01-15 09:32:17', 'Employee check-in'),
(602, 'E03', '2025-06-23', 'CHECKOUT', '2026-01-15 09:32:17', 'Employee check-out'),
(603, 'E03', '2025-06-25', 'CHECKIN', '2026-01-15 09:32:17', 'Employee check-in'),
(604, 'E03', '2025-06-25', 'CHECKOUT', '2026-01-15 09:32:17', 'Employee check-out'),
(605, 'E03', '2025-06-26', 'CHECKIN', '2026-01-15 09:32:17', 'Employee check-in'),
(606, 'E03', '2025-06-26', 'CHECKOUT', '2026-01-15 09:32:17', 'Employee check-out'),
(607, 'E03', '2025-07-01', 'CHECKIN', '2026-01-15 09:32:17', 'Employee check-in'),
(608, 'E03', '2025-07-01', 'CHECKOUT', '2026-01-15 09:32:17', 'Employee check-out'),
(609, 'E03', '2025-07-02', 'CHECKIN', '2026-01-15 09:32:17', 'Employee check-in');
INSERT INTO `employee_attendance_log` (`LogID`, `EmployeeID`, `WorkDate`, `Action`, `ActionTime`, `Note`) VALUES
(610, 'E03', '2025-07-02', 'CHECKOUT', '2026-01-15 09:32:17', 'Employee check-out'),
(611, 'E03', '2025-07-03', 'CHECKIN', '2026-01-15 09:32:17', 'Employee check-in'),
(612, 'E03', '2025-07-03', 'CHECKOUT', '2026-01-15 09:32:17', 'Employee check-out'),
(613, 'E03', '2025-07-04', 'CHECKIN', '2026-01-15 09:32:17', 'Employee check-in'),
(614, 'E03', '2025-07-04', 'CHECKOUT', '2026-01-15 09:32:17', 'Employee check-out'),
(615, 'E03', '2025-07-06', 'CHECKIN', '2026-01-15 09:32:17', 'Employee check-in'),
(616, 'E03', '2025-07-06', 'CHECKOUT', '2026-01-15 09:32:17', 'Employee check-out'),
(617, 'E03', '2025-07-07', 'CHECKIN', '2026-01-15 09:32:17', 'Employee check-in'),
(618, 'E03', '2025-07-07', 'CHECKOUT', '2026-01-15 09:32:17', 'Employee check-out'),
(619, 'E03', '2025-07-08', 'CHECKIN', '2026-01-15 09:32:17', 'Employee check-in'),
(620, 'E03', '2025-07-08', 'CHECKOUT', '2026-01-15 09:32:17', 'Employee check-out'),
(621, 'E03', '2025-07-10', 'CHECKIN', '2026-01-15 09:32:17', 'Employee check-in'),
(622, 'E03', '2025-07-10', 'CHECKOUT', '2026-01-15 09:32:17', 'Employee check-out'),
(623, 'E03', '2025-07-11', 'CHECKIN', '2026-01-15 09:32:17', 'Employee check-in'),
(624, 'E03', '2025-07-11', 'CHECKOUT', '2026-01-15 09:32:17', 'Employee check-out'),
(625, 'E03', '2025-07-12', 'CHECKIN', '2026-01-15 09:32:17', 'Employee check-in'),
(626, 'E03', '2025-07-12', 'CHECKOUT', '2026-01-15 09:32:17', 'Employee check-out'),
(627, 'E03', '2025-07-14', 'CHECKIN', '2026-01-15 09:32:17', 'Employee check-in'),
(628, 'E03', '2025-07-14', 'CHECKOUT', '2026-01-15 09:32:17', 'Employee check-out'),
(629, 'E03', '2025-07-15', 'CHECKIN', '2026-01-15 09:32:17', 'Employee check-in'),
(630, 'E03', '2025-07-15', 'CHECKOUT', '2026-01-15 09:32:17', 'Employee check-out'),
(631, 'E03', '2025-07-16', 'CHECKIN', '2026-01-15 09:32:17', 'Employee check-in'),
(632, 'E03', '2025-07-16', 'CHECKOUT', '2026-01-15 09:32:17', 'Employee check-out'),
(633, 'E03', '2025-07-18', 'CHECKIN', '2026-01-15 09:32:17', 'Employee check-in'),
(634, 'E03', '2025-07-18', 'CHECKOUT', '2026-01-15 09:32:17', 'Employee check-out'),
(635, 'E03', '2025-07-19', 'CHECKIN', '2026-01-15 09:32:17', 'Employee check-in'),
(636, 'E03', '2025-07-19', 'CHECKOUT', '2026-01-15 09:32:17', 'Employee check-out'),
(637, 'E03', '2025-07-20', 'CHECKIN', '2026-01-15 09:32:17', 'Employee check-in'),
(638, 'E03', '2025-07-20', 'CHECKOUT', '2026-01-15 09:32:17', 'Employee check-out'),
(639, 'E03', '2025-07-21', 'CHECKIN', '2026-01-15 09:32:17', 'Employee check-in'),
(640, 'E03', '2025-07-21', 'CHECKOUT', '2026-01-15 09:32:17', 'Employee check-out'),
(641, 'E03', '2025-07-22', 'CHECKIN', '2026-01-15 09:32:17', 'Employee check-in'),
(642, 'E03', '2025-07-22', 'CHECKOUT', '2026-01-15 09:32:17', 'Employee check-out'),
(643, 'E03', '2025-07-23', 'CHECKIN', '2026-01-15 09:32:17', 'Employee check-in'),
(644, 'E03', '2025-07-23', 'CHECKOUT', '2026-01-15 09:32:17', 'Employee check-out'),
(645, 'E03', '2025-07-24', 'CHECKIN', '2026-01-15 09:32:17', 'Employee check-in'),
(646, 'E03', '2025-07-24', 'CHECKOUT', '2026-01-15 09:32:17', 'Employee check-out'),
(647, 'E03', '2025-07-26', 'CHECKIN', '2026-01-15 09:32:17', 'Employee check-in'),
(648, 'E03', '2025-07-26', 'CHECKOUT', '2026-01-15 09:32:17', 'Employee check-out'),
(649, 'E03', '2025-08-01', 'CHECKIN', '2026-01-15 09:32:17', 'Employee check-in'),
(650, 'E03', '2025-08-01', 'CHECKOUT', '2026-01-15 09:32:17', 'Employee check-out'),
(651, 'E03', '2025-08-03', 'CHECKIN', '2026-01-15 09:32:17', 'Employee check-in'),
(652, 'E03', '2025-08-03', 'CHECKOUT', '2026-01-15 09:32:17', 'Employee check-out'),
(653, 'E03', '2025-08-04', 'CHECKIN', '2026-01-15 09:32:17', 'Employee check-in'),
(654, 'E03', '2025-08-04', 'CHECKOUT', '2026-01-15 09:32:17', 'Employee check-out'),
(655, 'E03', '2025-08-05', 'CHECKIN', '2026-01-15 09:32:17', 'Employee check-in'),
(656, 'E03', '2025-08-05', 'CHECKOUT', '2026-01-15 09:32:17', 'Employee check-out'),
(657, 'E03', '2025-08-06', 'CHECKIN', '2026-01-15 09:32:17', 'Employee check-in'),
(658, 'E03', '2025-08-06', 'CHECKOUT', '2026-01-15 09:32:17', 'Employee check-out'),
(659, 'E03', '2025-08-07', 'CHECKIN', '2026-01-15 09:32:17', 'Employee check-in'),
(660, 'E03', '2025-08-07', 'CHECKOUT', '2026-01-15 09:32:17', 'Employee check-out'),
(661, 'E03', '2025-08-08', 'CHECKIN', '2026-01-15 09:32:17', 'Employee check-in'),
(662, 'E03', '2025-08-08', 'CHECKOUT', '2026-01-15 09:32:17', 'Employee check-out'),
(663, 'E03', '2025-08-09', 'CHECKIN', '2026-01-15 09:32:17', 'Employee check-in'),
(664, 'E03', '2025-08-09', 'CHECKOUT', '2026-01-15 09:32:17', 'Employee check-out'),
(665, 'E03', '2025-08-11', 'CHECKIN', '2026-01-15 09:32:17', 'Employee check-in'),
(666, 'E03', '2025-08-11', 'CHECKOUT', '2026-01-15 09:32:17', 'Employee check-out'),
(667, 'E03', '2025-08-12', 'CHECKIN', '2026-01-15 09:32:17', 'Employee check-in'),
(668, 'E03', '2025-08-12', 'CHECKOUT', '2026-01-15 09:32:17', 'Employee check-out'),
(669, 'E03', '2025-08-14', 'CHECKIN', '2026-01-15 09:32:17', 'Employee check-in'),
(670, 'E03', '2025-08-14', 'CHECKOUT', '2026-01-15 09:32:17', 'Employee check-out'),
(671, 'E03', '2025-08-15', 'CHECKIN', '2026-01-15 09:32:17', 'Employee check-in'),
(672, 'E03', '2025-08-15', 'CHECKOUT', '2026-01-15 09:32:17', 'Employee check-out'),
(673, 'E03', '2025-08-16', 'CHECKIN', '2026-01-15 09:32:17', 'Employee check-in'),
(674, 'E03', '2025-08-16', 'CHECKOUT', '2026-01-15 09:32:17', 'Employee check-out'),
(675, 'E03', '2025-08-17', 'CHECKIN', '2026-01-15 09:32:17', 'Employee check-in'),
(676, 'E03', '2025-08-17', 'CHECKOUT', '2026-01-15 09:32:17', 'Employee check-out'),
(677, 'E03', '2025-08-18', 'CHECKIN', '2026-01-15 09:32:17', 'Employee check-in'),
(678, 'E03', '2025-08-18', 'CHECKOUT', '2026-01-15 09:32:17', 'Employee check-out'),
(679, 'E03', '2025-08-20', 'CHECKIN', '2026-01-15 09:32:17', 'Employee check-in'),
(680, 'E03', '2025-08-20', 'CHECKOUT', '2026-01-15 09:32:17', 'Employee check-out'),
(681, 'E03', '2025-08-21', 'CHECKIN', '2026-01-15 09:32:17', 'Employee check-in'),
(682, 'E03', '2025-08-21', 'CHECKOUT', '2026-01-15 09:32:17', 'Employee check-out'),
(683, 'E03', '2025-08-23', 'CHECKIN', '2026-01-15 09:32:17', 'Employee check-in'),
(684, 'E03', '2025-08-23', 'CHECKOUT', '2026-01-15 09:32:17', 'Employee check-out'),
(685, 'E03', '2025-08-24', 'CHECKIN', '2026-01-15 09:32:17', 'Employee check-in'),
(686, 'E03', '2025-08-24', 'CHECKOUT', '2026-01-15 09:32:17', 'Employee check-out'),
(687, 'E03', '2025-08-25', 'CHECKIN', '2026-01-15 09:32:17', 'Employee check-in'),
(688, 'E03', '2025-08-25', 'CHECKOUT', '2026-01-15 09:32:17', 'Employee check-out'),
(689, 'E03', '2025-08-26', 'CHECKIN', '2026-01-15 09:32:17', 'Employee check-in'),
(690, 'E03', '2025-08-26', 'CHECKOUT', '2026-01-15 09:32:17', 'Employee check-out'),
(691, 'E03', '2025-09-01', 'CHECKIN', '2026-01-15 09:32:17', 'Employee check-in'),
(692, 'E03', '2025-09-01', 'CHECKOUT', '2026-01-15 09:32:17', 'Employee check-out'),
(693, 'E03', '2025-09-03', 'CHECKIN', '2026-01-15 09:32:17', 'Employee check-in'),
(694, 'E03', '2025-09-03', 'CHECKOUT', '2026-01-15 09:32:17', 'Employee check-out'),
(695, 'E03', '2025-09-04', 'CHECKIN', '2026-01-15 09:32:17', 'Employee check-in'),
(696, 'E03', '2025-09-04', 'CHECKOUT', '2026-01-15 09:32:17', 'Employee check-out'),
(697, 'E03', '2025-09-05', 'CHECKIN', '2026-01-15 09:32:17', 'Employee check-in'),
(698, 'E03', '2025-09-05', 'CHECKOUT', '2026-01-15 09:32:17', 'Employee check-out'),
(699, 'E03', '2025-09-06', 'CHECKIN', '2026-01-15 09:32:17', 'Employee check-in'),
(700, 'E03', '2025-09-06', 'CHECKOUT', '2026-01-15 09:32:17', 'Employee check-out'),
(701, 'E03', '2025-09-07', 'CHECKIN', '2026-01-15 09:32:17', 'Employee check-in'),
(702, 'E03', '2025-09-07', 'CHECKOUT', '2026-01-15 09:32:17', 'Employee check-out'),
(703, 'E03', '2025-09-08', 'CHECKIN', '2026-01-15 09:32:17', 'Employee check-in'),
(704, 'E03', '2025-09-08', 'CHECKOUT', '2026-01-15 09:32:17', 'Employee check-out'),
(705, 'E03', '2025-09-09', 'CHECKIN', '2026-01-15 09:32:17', 'Employee check-in'),
(706, 'E03', '2025-09-09', 'CHECKOUT', '2026-01-15 09:32:17', 'Employee check-out'),
(707, 'E03', '2025-09-10', 'CHECKIN', '2026-01-15 09:32:17', 'Employee check-in'),
(708, 'E03', '2025-09-10', 'CHECKOUT', '2026-01-15 09:32:17', 'Employee check-out'),
(709, 'E03', '2025-09-11', 'CHECKIN', '2026-01-15 09:32:17', 'Employee check-in'),
(710, 'E03', '2025-09-11', 'CHECKOUT', '2026-01-15 09:32:17', 'Employee check-out'),
(711, 'E03', '2025-09-13', 'CHECKIN', '2026-01-15 09:32:17', 'Employee check-in'),
(712, 'E03', '2025-09-13', 'CHECKOUT', '2026-01-15 09:32:17', 'Employee check-out'),
(713, 'E03', '2025-09-15', 'CHECKIN', '2026-01-15 09:32:17', 'Employee check-in'),
(714, 'E03', '2025-09-15', 'CHECKOUT', '2026-01-15 09:32:17', 'Employee check-out'),
(715, 'E03', '2025-09-16', 'CHECKIN', '2026-01-15 09:32:17', 'Employee check-in'),
(716, 'E03', '2025-09-16', 'CHECKOUT', '2026-01-15 09:32:17', 'Employee check-out'),
(717, 'E03', '2025-09-17', 'CHECKIN', '2026-01-15 09:32:17', 'Employee check-in'),
(718, 'E03', '2025-09-17', 'CHECKOUT', '2026-01-15 09:32:17', 'Employee check-out'),
(719, 'E03', '2025-09-18', 'CHECKIN', '2026-01-15 09:32:17', 'Employee check-in'),
(720, 'E03', '2025-09-18', 'CHECKOUT', '2026-01-15 09:32:17', 'Employee check-out'),
(721, 'E03', '2025-09-19', 'CHECKIN', '2026-01-15 09:32:17', 'Employee check-in'),
(722, 'E03', '2025-09-19', 'CHECKOUT', '2026-01-15 09:32:17', 'Employee check-out'),
(723, 'E03', '2025-09-20', 'CHECKIN', '2026-01-15 09:32:17', 'Employee check-in'),
(724, 'E03', '2025-09-20', 'CHECKOUT', '2026-01-15 09:32:17', 'Employee check-out'),
(725, 'E03', '2025-09-21', 'CHECKIN', '2026-01-15 09:32:17', 'Employee check-in'),
(726, 'E03', '2025-09-21', 'CHECKOUT', '2026-01-15 09:32:17', 'Employee check-out'),
(727, 'E03', '2025-09-22', 'CHECKIN', '2026-01-15 09:32:17', 'Employee check-in'),
(728, 'E03', '2025-09-22', 'CHECKOUT', '2026-01-15 09:32:17', 'Employee check-out'),
(729, 'E03', '2025-09-24', 'CHECKIN', '2026-01-15 09:32:17', 'Employee check-in'),
(730, 'E03', '2025-09-24', 'CHECKOUT', '2026-01-15 09:32:17', 'Employee check-out'),
(731, 'E03', '2025-09-26', 'CHECKIN', '2026-01-15 09:32:17', 'Employee check-in'),
(732, 'E03', '2025-09-26', 'CHECKOUT', '2026-01-15 09:32:17', 'Employee check-out'),
(733, 'E03', '2025-10-01', 'CHECKIN', '2026-01-15 09:32:17', 'Employee check-in'),
(734, 'E03', '2025-10-01', 'CHECKOUT', '2026-01-15 09:32:17', 'Employee check-out'),
(735, 'E03', '2025-10-02', 'CHECKIN', '2026-01-15 09:32:17', 'Employee check-in'),
(736, 'E03', '2025-10-02', 'CHECKOUT', '2026-01-15 09:32:17', 'Employee check-out'),
(737, 'E03', '2025-10-03', 'CHECKIN', '2026-01-15 09:32:17', 'Employee check-in'),
(738, 'E03', '2025-10-03', 'CHECKOUT', '2026-01-15 09:32:17', 'Employee check-out'),
(739, 'E03', '2025-10-05', 'CHECKIN', '2026-01-15 09:32:17', 'Employee check-in'),
(740, 'E03', '2025-10-05', 'CHECKOUT', '2026-01-15 09:32:17', 'Employee check-out'),
(741, 'E03', '2025-10-07', 'CHECKIN', '2026-01-15 09:32:17', 'Employee check-in'),
(742, 'E03', '2025-10-07', 'CHECKOUT', '2026-01-15 09:32:17', 'Employee check-out'),
(743, 'E03', '2025-10-08', 'CHECKIN', '2026-01-15 09:32:17', 'Employee check-in'),
(744, 'E03', '2025-10-08', 'CHECKOUT', '2026-01-15 09:32:17', 'Employee check-out'),
(745, 'E03', '2025-10-09', 'CHECKIN', '2026-01-15 09:32:17', 'Employee check-in'),
(746, 'E03', '2025-10-09', 'CHECKOUT', '2026-01-15 09:32:17', 'Employee check-out'),
(747, 'E03', '2025-10-10', 'CHECKIN', '2026-01-15 09:32:17', 'Employee check-in'),
(748, 'E03', '2025-10-10', 'CHECKOUT', '2026-01-15 09:32:17', 'Employee check-out'),
(749, 'E03', '2025-10-11', 'CHECKIN', '2026-01-15 09:32:17', 'Employee check-in'),
(750, 'E03', '2025-10-11', 'CHECKOUT', '2026-01-15 09:32:17', 'Employee check-out'),
(751, 'E03', '2025-10-12', 'CHECKIN', '2026-01-15 09:32:17', 'Employee check-in'),
(752, 'E03', '2025-10-12', 'CHECKOUT', '2026-01-15 09:32:17', 'Employee check-out'),
(753, 'E03', '2025-10-14', 'CHECKIN', '2026-01-15 09:32:17', 'Employee check-in'),
(754, 'E03', '2025-10-14', 'CHECKOUT', '2026-01-15 09:32:17', 'Employee check-out'),
(755, 'E03', '2025-10-15', 'CHECKIN', '2026-01-15 09:32:17', 'Employee check-in'),
(756, 'E03', '2025-10-15', 'CHECKOUT', '2026-01-15 09:32:17', 'Employee check-out'),
(757, 'E03', '2025-10-16', 'CHECKIN', '2026-01-15 09:32:17', 'Employee check-in'),
(758, 'E03', '2025-10-16', 'CHECKOUT', '2026-01-15 09:32:17', 'Employee check-out'),
(759, 'E03', '2025-10-17', 'CHECKIN', '2026-01-15 09:32:17', 'Employee check-in'),
(760, 'E03', '2025-10-17', 'CHECKOUT', '2026-01-15 09:32:17', 'Employee check-out'),
(761, 'E03', '2025-10-18', 'CHECKIN', '2026-01-15 09:32:17', 'Employee check-in'),
(762, 'E03', '2025-10-18', 'CHECKOUT', '2026-01-15 09:32:17', 'Employee check-out'),
(763, 'E03', '2025-10-19', 'CHECKIN', '2026-01-15 09:32:17', 'Employee check-in'),
(764, 'E03', '2025-10-19', 'CHECKOUT', '2026-01-15 09:32:17', 'Employee check-out'),
(765, 'E03', '2025-10-20', 'CHECKIN', '2026-01-15 09:32:17', 'Employee check-in'),
(766, 'E03', '2025-10-20', 'CHECKOUT', '2026-01-15 09:32:17', 'Employee check-out'),
(767, 'E03', '2025-10-21', 'CHECKIN', '2026-01-15 09:32:17', 'Employee check-in'),
(768, 'E03', '2025-10-21', 'CHECKOUT', '2026-01-15 09:32:17', 'Employee check-out'),
(769, 'E03', '2025-10-23', 'CHECKIN', '2026-01-15 09:32:17', 'Employee check-in'),
(770, 'E03', '2025-10-23', 'CHECKOUT', '2026-01-15 09:32:17', 'Employee check-out'),
(771, 'E03', '2025-10-24', 'CHECKIN', '2026-01-15 09:32:17', 'Employee check-in'),
(772, 'E03', '2025-10-24', 'CHECKOUT', '2026-01-15 09:32:17', 'Employee check-out'),
(773, 'E03', '2025-10-25', 'CHECKIN', '2026-01-15 09:32:17', 'Employee check-in'),
(774, 'E03', '2025-10-25', 'CHECKOUT', '2026-01-15 09:32:17', 'Employee check-out'),
(775, 'E03', '2025-10-26', 'CHECKIN', '2026-01-15 09:32:17', 'Employee check-in'),
(776, 'E03', '2025-10-26', 'CHECKOUT', '2026-01-15 09:32:17', 'Employee check-out'),
(777, 'E03', '2025-11-01', 'CHECKIN', '2026-01-15 09:32:17', 'Employee check-in'),
(778, 'E03', '2025-11-01', 'CHECKOUT', '2026-01-15 09:32:17', 'Employee check-out'),
(779, 'E03', '2025-11-02', 'CHECKIN', '2026-01-15 09:32:17', 'Employee check-in'),
(780, 'E03', '2025-11-02', 'CHECKOUT', '2026-01-15 09:32:17', 'Employee check-out'),
(781, 'E03', '2025-11-03', 'CHECKIN', '2026-01-15 09:32:17', 'Employee check-in'),
(782, 'E03', '2025-11-03', 'CHECKOUT', '2026-01-15 09:32:17', 'Employee check-out'),
(783, 'E03', '2025-11-04', 'CHECKIN', '2026-01-15 09:32:17', 'Employee check-in'),
(784, 'E03', '2025-11-04', 'CHECKOUT', '2026-01-15 09:32:17', 'Employee check-out'),
(785, 'E03', '2025-11-05', 'CHECKIN', '2026-01-15 09:32:17', 'Employee check-in'),
(786, 'E03', '2025-11-05', 'CHECKOUT', '2026-01-15 09:32:17', 'Employee check-out'),
(787, 'E03', '2025-11-06', 'CHECKIN', '2026-01-15 09:32:17', 'Employee check-in'),
(788, 'E03', '2025-11-06', 'CHECKOUT', '2026-01-15 09:32:17', 'Employee check-out'),
(789, 'E03', '2025-11-07', 'CHECKIN', '2026-01-15 09:32:17', 'Employee check-in'),
(790, 'E03', '2025-11-07', 'CHECKOUT', '2026-01-15 09:32:17', 'Employee check-out'),
(791, 'E03', '2025-11-09', 'CHECKIN', '2026-01-15 09:32:17', 'Employee check-in'),
(792, 'E03', '2025-11-09', 'CHECKOUT', '2026-01-15 09:32:17', 'Employee check-out'),
(793, 'E03', '2025-11-10', 'CHECKIN', '2026-01-15 09:32:17', 'Employee check-in'),
(794, 'E03', '2025-11-10', 'CHECKOUT', '2026-01-15 09:32:17', 'Employee check-out'),
(795, 'E03', '2025-11-11', 'CHECKIN', '2026-01-15 09:32:17', 'Employee check-in'),
(796, 'E03', '2025-11-11', 'CHECKOUT', '2026-01-15 09:32:17', 'Employee check-out'),
(797, 'E03', '2025-11-14', 'CHECKIN', '2026-01-15 09:32:17', 'Employee check-in'),
(798, 'E03', '2025-11-14', 'CHECKOUT', '2026-01-15 09:32:17', 'Employee check-out'),
(799, 'E03', '2025-11-16', 'CHECKIN', '2026-01-15 09:32:17', 'Employee check-in'),
(800, 'E03', '2025-11-16', 'CHECKOUT', '2026-01-15 09:32:17', 'Employee check-out'),
(801, 'E03', '2025-11-17', 'CHECKIN', '2026-01-15 09:32:17', 'Employee check-in'),
(802, 'E03', '2025-11-17', 'CHECKOUT', '2026-01-15 09:32:17', 'Employee check-out'),
(803, 'E03', '2025-11-18', 'CHECKIN', '2026-01-15 09:32:17', 'Employee check-in'),
(804, 'E03', '2025-11-18', 'CHECKOUT', '2026-01-15 09:32:17', 'Employee check-out'),
(805, 'E03', '2025-11-19', 'CHECKIN', '2026-01-15 09:32:17', 'Employee check-in'),
(806, 'E03', '2025-11-19', 'CHECKOUT', '2026-01-15 09:32:17', 'Employee check-out'),
(807, 'E03', '2025-11-20', 'CHECKIN', '2026-01-15 09:32:17', 'Employee check-in'),
(808, 'E03', '2025-11-20', 'CHECKOUT', '2026-01-15 09:32:17', 'Employee check-out'),
(809, 'E03', '2025-11-21', 'CHECKIN', '2026-01-15 09:32:17', 'Employee check-in'),
(810, 'E03', '2025-11-21', 'CHECKOUT', '2026-01-15 09:32:17', 'Employee check-out'),
(811, 'E03', '2025-11-23', 'CHECKIN', '2026-01-15 09:32:17', 'Employee check-in'),
(812, 'E03', '2025-11-23', 'CHECKOUT', '2026-01-15 09:32:17', 'Employee check-out'),
(813, 'E03', '2025-11-24', 'CHECKIN', '2026-01-15 09:32:17', 'Employee check-in'),
(814, 'E03', '2025-11-24', 'CHECKOUT', '2026-01-15 09:32:17', 'Employee check-out'),
(815, 'E03', '2025-11-25', 'CHECKIN', '2026-01-15 09:32:17', 'Employee check-in'),
(816, 'E03', '2025-11-25', 'CHECKOUT', '2026-01-15 09:32:17', 'Employee check-out'),
(817, 'E03', '2025-11-26', 'CHECKIN', '2026-01-15 09:32:17', 'Employee check-in'),
(818, 'E03', '2025-11-26', 'CHECKOUT', '2026-01-15 09:32:17', 'Employee check-out'),
(819, 'E03', '2025-12-01', 'CHECKIN', '2026-01-15 09:32:17', 'Employee check-in'),
(820, 'E03', '2025-12-01', 'CHECKOUT', '2026-01-15 09:32:17', 'Employee check-out'),
(821, 'E03', '2025-12-03', 'CHECKIN', '2026-01-15 09:32:17', 'Employee check-in'),
(822, 'E03', '2025-12-03', 'CHECKOUT', '2026-01-15 09:32:17', 'Employee check-out'),
(823, 'E03', '2025-12-04', 'CHECKIN', '2026-01-15 09:32:17', 'Employee check-in'),
(824, 'E03', '2025-12-04', 'CHECKOUT', '2026-01-15 09:32:17', 'Employee check-out'),
(825, 'E03', '2025-12-05', 'CHECKIN', '2026-01-15 09:32:17', 'Employee check-in'),
(826, 'E03', '2025-12-05', 'CHECKOUT', '2026-01-15 09:32:17', 'Employee check-out'),
(827, 'E03', '2025-12-06', 'CHECKIN', '2026-01-15 09:32:17', 'Employee check-in'),
(828, 'E03', '2025-12-06', 'CHECKOUT', '2026-01-15 09:32:17', 'Employee check-out'),
(829, 'E03', '2025-12-07', 'CHECKIN', '2026-01-15 09:32:17', 'Employee check-in'),
(830, 'E03', '2025-12-07', 'CHECKOUT', '2026-01-15 09:32:17', 'Employee check-out'),
(831, 'E03', '2025-12-08', 'CHECKIN', '2026-01-15 09:32:17', 'Employee check-in'),
(832, 'E03', '2025-12-08', 'CHECKOUT', '2026-01-15 09:32:17', 'Employee check-out'),
(833, 'E03', '2025-12-09', 'CHECKIN', '2026-01-15 09:32:17', 'Employee check-in'),
(834, 'E03', '2025-12-09', 'CHECKOUT', '2026-01-15 09:32:17', 'Employee check-out'),
(835, 'E03', '2025-12-10', 'CHECKIN', '2026-01-15 09:32:17', 'Employee check-in'),
(836, 'E03', '2025-12-10', 'CHECKOUT', '2026-01-15 09:32:17', 'Employee check-out'),
(837, 'E03', '2025-12-12', 'CHECKIN', '2026-01-15 09:32:17', 'Employee check-in'),
(838, 'E03', '2025-12-12', 'CHECKOUT', '2026-01-15 09:32:17', 'Employee check-out'),
(839, 'E03', '2025-12-13', 'CHECKIN', '2026-01-15 09:32:17', 'Employee check-in'),
(840, 'E03', '2025-12-13', 'CHECKOUT', '2026-01-15 09:32:17', 'Employee check-out'),
(841, 'E03', '2025-12-14', 'CHECKIN', '2026-01-15 09:32:17', 'Employee check-in'),
(842, 'E03', '2025-12-14', 'CHECKOUT', '2026-01-15 09:32:17', 'Employee check-out'),
(843, 'E03', '2025-12-15', 'CHECKIN', '2026-01-15 09:32:17', 'Employee check-in'),
(844, 'E03', '2025-12-15', 'CHECKOUT', '2026-01-15 09:32:17', 'Employee check-out'),
(845, 'E03', '2025-12-16', 'CHECKIN', '2026-01-15 09:32:17', 'Employee check-in'),
(846, 'E03', '2025-12-16', 'CHECKOUT', '2026-01-15 09:32:17', 'Employee check-out'),
(847, 'E03', '2025-12-17', 'CHECKIN', '2026-01-15 09:32:17', 'Employee check-in'),
(848, 'E03', '2025-12-17', 'CHECKOUT', '2026-01-15 09:32:17', 'Employee check-out'),
(849, 'E03', '2025-12-19', 'CHECKIN', '2026-01-15 09:32:17', 'Employee check-in'),
(850, 'E03', '2025-12-19', 'CHECKOUT', '2026-01-15 09:32:17', 'Employee check-out'),
(851, 'E03', '2025-12-20', 'CHECKIN', '2026-01-15 09:32:17', 'Employee check-in'),
(852, 'E03', '2025-12-20', 'CHECKOUT', '2026-01-15 09:32:17', 'Employee check-out'),
(853, 'E03', '2025-12-21', 'CHECKIN', '2026-01-15 09:32:17', 'Employee check-in'),
(854, 'E03', '2025-12-21', 'CHECKOUT', '2026-01-15 09:32:17', 'Employee check-out'),
(855, 'E03', '2025-12-23', 'CHECKIN', '2026-01-15 09:32:17', 'Employee check-in'),
(856, 'E03', '2025-12-23', 'CHECKOUT', '2026-01-15 09:32:17', 'Employee check-out'),
(857, 'E03', '2025-12-24', 'CHECKIN', '2026-01-15 09:32:17', 'Employee check-in'),
(858, 'E03', '2025-12-24', 'CHECKOUT', '2026-01-15 09:32:17', 'Employee check-out'),
(859, 'E03', '2025-12-25', 'CHECKIN', '2026-01-15 09:32:17', 'Employee check-in'),
(860, 'E03', '2025-12-25', 'CHECKOUT', '2026-01-15 09:32:17', 'Employee check-out'),
(861, 'E03', '2025-12-26', 'CHECKIN', '2026-01-15 09:32:17', 'Employee check-in'),
(862, 'E03', '2025-12-26', 'CHECKOUT', '2026-01-15 09:32:17', 'Employee check-out'),
(863, 'E04', '2025-06-01', 'CHECKIN', '2026-01-15 09:32:17', 'Employee check-in'),
(864, 'E04', '2025-06-01', 'CHECKOUT', '2026-01-15 09:32:17', 'Employee check-out'),
(865, 'E04', '2025-06-02', 'CHECKIN', '2026-01-15 09:32:17', 'Employee check-in'),
(866, 'E04', '2025-06-02', 'CHECKOUT', '2026-01-15 09:32:17', 'Employee check-out'),
(867, 'E04', '2025-06-03', 'CHECKIN', '2026-01-15 09:32:17', 'Employee check-in'),
(868, 'E04', '2025-06-03', 'CHECKOUT', '2026-01-15 09:32:17', 'Employee check-out'),
(869, 'E04', '2025-06-04', 'CHECKIN', '2026-01-15 09:32:17', 'Employee check-in'),
(870, 'E04', '2025-06-04', 'CHECKOUT', '2026-01-15 09:32:17', 'Employee check-out'),
(871, 'E04', '2025-06-06', 'CHECKIN', '2026-01-15 09:32:17', 'Employee check-in'),
(872, 'E04', '2025-06-06', 'CHECKOUT', '2026-01-15 09:32:17', 'Employee check-out'),
(873, 'E04', '2025-06-07', 'CHECKIN', '2026-01-15 09:32:17', 'Employee check-in'),
(874, 'E04', '2025-06-07', 'CHECKOUT', '2026-01-15 09:32:17', 'Employee check-out'),
(875, 'E04', '2025-06-08', 'CHECKIN', '2026-01-15 09:32:17', 'Employee check-in'),
(876, 'E04', '2025-06-08', 'CHECKOUT', '2026-01-15 09:32:17', 'Employee check-out'),
(877, 'E04', '2025-06-09', 'CHECKIN', '2026-01-15 09:32:17', 'Employee check-in'),
(878, 'E04', '2025-06-09', 'CHECKOUT', '2026-01-15 09:32:17', 'Employee check-out'),
(879, 'E04', '2025-06-10', 'CHECKIN', '2026-01-15 09:32:17', 'Employee check-in'),
(880, 'E04', '2025-06-10', 'CHECKOUT', '2026-01-15 09:32:17', 'Employee check-out'),
(881, 'E04', '2025-06-11', 'CHECKIN', '2026-01-15 09:32:17', 'Employee check-in'),
(882, 'E04', '2025-06-11', 'CHECKOUT', '2026-01-15 09:32:17', 'Employee check-out'),
(883, 'E04', '2025-06-12', 'CHECKIN', '2026-01-15 09:32:17', 'Employee check-in'),
(884, 'E04', '2025-06-12', 'CHECKOUT', '2026-01-15 09:32:17', 'Employee check-out'),
(885, 'E04', '2025-06-13', 'CHECKIN', '2026-01-15 09:32:17', 'Employee check-in'),
(886, 'E04', '2025-06-13', 'CHECKOUT', '2026-01-15 09:32:17', 'Employee check-out'),
(887, 'E04', '2025-06-14', 'CHECKIN', '2026-01-15 09:32:17', 'Employee check-in'),
(888, 'E04', '2025-06-14', 'CHECKOUT', '2026-01-15 09:32:17', 'Employee check-out'),
(889, 'E04', '2025-06-15', 'CHECKIN', '2026-01-15 09:32:17', 'Employee check-in'),
(890, 'E04', '2025-06-15', 'CHECKOUT', '2026-01-15 09:32:17', 'Employee check-out'),
(891, 'E04', '2025-06-16', 'CHECKIN', '2026-01-15 09:32:17', 'Employee check-in'),
(892, 'E04', '2025-06-16', 'CHECKOUT', '2026-01-15 09:32:17', 'Employee check-out'),
(893, 'E04', '2025-06-17', 'CHECKIN', '2026-01-15 09:32:17', 'Employee check-in'),
(894, 'E04', '2025-06-17', 'CHECKOUT', '2026-01-15 09:32:17', 'Employee check-out'),
(895, 'E04', '2025-06-18', 'CHECKIN', '2026-01-15 09:32:17', 'Employee check-in'),
(896, 'E04', '2025-06-18', 'CHECKOUT', '2026-01-15 09:32:17', 'Employee check-out'),
(897, 'E04', '2025-06-20', 'CHECKIN', '2026-01-15 09:32:17', 'Employee check-in'),
(898, 'E04', '2025-06-20', 'CHECKOUT', '2026-01-15 09:32:17', 'Employee check-out'),
(899, 'E04', '2025-06-21', 'CHECKIN', '2026-01-15 09:32:17', 'Employee check-in'),
(900, 'E04', '2025-06-21', 'CHECKOUT', '2026-01-15 09:32:17', 'Employee check-out'),
(901, 'E04', '2025-06-22', 'CHECKIN', '2026-01-15 09:32:17', 'Employee check-in'),
(902, 'E04', '2025-06-22', 'CHECKOUT', '2026-01-15 09:32:17', 'Employee check-out'),
(903, 'E04', '2025-06-23', 'CHECKIN', '2026-01-15 09:32:17', 'Employee check-in'),
(904, 'E04', '2025-06-23', 'CHECKOUT', '2026-01-15 09:32:17', 'Employee check-out'),
(905, 'E04', '2025-06-24', 'CHECKIN', '2026-01-15 09:32:17', 'Employee check-in'),
(906, 'E04', '2025-06-24', 'CHECKOUT', '2026-01-15 09:32:17', 'Employee check-out'),
(907, 'E04', '2025-06-25', 'CHECKIN', '2026-01-15 09:32:17', 'Employee check-in'),
(908, 'E04', '2025-06-25', 'CHECKOUT', '2026-01-15 09:32:17', 'Employee check-out'),
(909, 'E04', '2025-06-26', 'CHECKIN', '2026-01-15 09:32:17', 'Employee check-in'),
(910, 'E04', '2025-06-26', 'CHECKOUT', '2026-01-15 09:32:17', 'Employee check-out'),
(911, 'E04', '2025-07-01', 'CHECKIN', '2026-01-15 09:32:17', 'Employee check-in'),
(912, 'E04', '2025-07-01', 'CHECKOUT', '2026-01-15 09:32:17', 'Employee check-out'),
(913, 'E04', '2025-07-02', 'CHECKIN', '2026-01-15 09:32:17', 'Employee check-in'),
(914, 'E04', '2025-07-02', 'CHECKOUT', '2026-01-15 09:32:17', 'Employee check-out'),
(915, 'E04', '2025-07-03', 'CHECKIN', '2026-01-15 09:32:17', 'Employee check-in'),
(916, 'E04', '2025-07-03', 'CHECKOUT', '2026-01-15 09:32:17', 'Employee check-out'),
(917, 'E04', '2025-07-04', 'CHECKIN', '2026-01-15 09:32:17', 'Employee check-in'),
(918, 'E04', '2025-07-04', 'CHECKOUT', '2026-01-15 09:32:17', 'Employee check-out'),
(919, 'E04', '2025-07-05', 'CHECKIN', '2026-01-15 09:32:17', 'Employee check-in'),
(920, 'E04', '2025-07-05', 'CHECKOUT', '2026-01-15 09:32:17', 'Employee check-out'),
(921, 'E04', '2025-07-06', 'CHECKIN', '2026-01-15 09:32:17', 'Employee check-in'),
(922, 'E04', '2025-07-06', 'CHECKOUT', '2026-01-15 09:32:17', 'Employee check-out'),
(923, 'E04', '2025-07-07', 'CHECKIN', '2026-01-15 09:32:17', 'Employee check-in'),
(924, 'E04', '2025-07-07', 'CHECKOUT', '2026-01-15 09:32:17', 'Employee check-out'),
(925, 'E04', '2025-07-08', 'CHECKIN', '2026-01-15 09:32:17', 'Employee check-in'),
(926, 'E04', '2025-07-08', 'CHECKOUT', '2026-01-15 09:32:17', 'Employee check-out'),
(927, 'E04', '2025-07-10', 'CHECKIN', '2026-01-15 09:32:17', 'Employee check-in'),
(928, 'E04', '2025-07-10', 'CHECKOUT', '2026-01-15 09:32:17', 'Employee check-out'),
(929, 'E04', '2025-07-11', 'CHECKIN', '2026-01-15 09:32:17', 'Employee check-in'),
(930, 'E04', '2025-07-11', 'CHECKOUT', '2026-01-15 09:32:17', 'Employee check-out'),
(931, 'E04', '2025-07-12', 'CHECKIN', '2026-01-15 09:32:17', 'Employee check-in'),
(932, 'E04', '2025-07-12', 'CHECKOUT', '2026-01-15 09:32:17', 'Employee check-out'),
(933, 'E04', '2025-07-13', 'CHECKIN', '2026-01-15 09:32:17', 'Employee check-in'),
(934, 'E04', '2025-07-13', 'CHECKOUT', '2026-01-15 09:32:17', 'Employee check-out'),
(935, 'E04', '2025-07-15', 'CHECKIN', '2026-01-15 09:32:17', 'Employee check-in'),
(936, 'E04', '2025-07-15', 'CHECKOUT', '2026-01-15 09:32:17', 'Employee check-out'),
(937, 'E04', '2025-07-16', 'CHECKIN', '2026-01-15 09:32:17', 'Employee check-in'),
(938, 'E04', '2025-07-16', 'CHECKOUT', '2026-01-15 09:32:17', 'Employee check-out'),
(939, 'E04', '2025-07-17', 'CHECKIN', '2026-01-15 09:32:17', 'Employee check-in'),
(940, 'E04', '2025-07-17', 'CHECKOUT', '2026-01-15 09:32:17', 'Employee check-out'),
(941, 'E04', '2025-07-21', 'CHECKIN', '2026-01-15 09:32:17', 'Employee check-in'),
(942, 'E04', '2025-07-21', 'CHECKOUT', '2026-01-15 09:32:17', 'Employee check-out'),
(943, 'E04', '2025-07-22', 'CHECKIN', '2026-01-15 09:32:17', 'Employee check-in'),
(944, 'E04', '2025-07-22', 'CHECKOUT', '2026-01-15 09:32:17', 'Employee check-out'),
(945, 'E04', '2025-07-23', 'CHECKIN', '2026-01-15 09:32:17', 'Employee check-in'),
(946, 'E04', '2025-07-23', 'CHECKOUT', '2026-01-15 09:32:17', 'Employee check-out'),
(947, 'E04', '2025-07-24', 'CHECKIN', '2026-01-15 09:32:17', 'Employee check-in'),
(948, 'E04', '2025-07-24', 'CHECKOUT', '2026-01-15 09:32:17', 'Employee check-out'),
(949, 'E04', '2025-08-01', 'CHECKIN', '2026-01-15 09:32:17', 'Employee check-in'),
(950, 'E04', '2025-08-01', 'CHECKOUT', '2026-01-15 09:32:17', 'Employee check-out'),
(951, 'E04', '2025-08-02', 'CHECKIN', '2026-01-15 09:32:17', 'Employee check-in'),
(952, 'E04', '2025-08-02', 'CHECKOUT', '2026-01-15 09:32:17', 'Employee check-out'),
(953, 'E04', '2025-08-03', 'CHECKIN', '2026-01-15 09:32:17', 'Employee check-in'),
(954, 'E04', '2025-08-03', 'CHECKOUT', '2026-01-15 09:32:17', 'Employee check-out'),
(955, 'E04', '2025-08-04', 'CHECKIN', '2026-01-15 09:32:18', 'Employee check-in'),
(956, 'E04', '2025-08-04', 'CHECKOUT', '2026-01-15 09:32:18', 'Employee check-out'),
(957, 'E04', '2025-08-05', 'CHECKIN', '2026-01-15 09:32:18', 'Employee check-in'),
(958, 'E04', '2025-08-05', 'CHECKOUT', '2026-01-15 09:32:18', 'Employee check-out'),
(959, 'E04', '2025-08-06', 'CHECKIN', '2026-01-15 09:32:18', 'Employee check-in'),
(960, 'E04', '2025-08-06', 'CHECKOUT', '2026-01-15 09:32:18', 'Employee check-out'),
(961, 'E04', '2025-08-07', 'CHECKIN', '2026-01-15 09:32:18', 'Employee check-in'),
(962, 'E04', '2025-08-07', 'CHECKOUT', '2026-01-15 09:32:18', 'Employee check-out'),
(963, 'E04', '2025-08-09', 'CHECKIN', '2026-01-15 09:32:18', 'Employee check-in'),
(964, 'E04', '2025-08-09', 'CHECKOUT', '2026-01-15 09:32:18', 'Employee check-out'),
(965, 'E04', '2025-08-10', 'CHECKIN', '2026-01-15 09:32:18', 'Employee check-in'),
(966, 'E04', '2025-08-10', 'CHECKOUT', '2026-01-15 09:32:18', 'Employee check-out'),
(967, 'E04', '2025-08-11', 'CHECKIN', '2026-01-15 09:32:18', 'Employee check-in'),
(968, 'E04', '2025-08-11', 'CHECKOUT', '2026-01-15 09:32:18', 'Employee check-out'),
(969, 'E04', '2025-08-12', 'CHECKIN', '2026-01-15 09:32:18', 'Employee check-in'),
(970, 'E04', '2025-08-12', 'CHECKOUT', '2026-01-15 09:32:18', 'Employee check-out'),
(971, 'E04', '2025-08-13', 'CHECKIN', '2026-01-15 09:32:18', 'Employee check-in'),
(972, 'E04', '2025-08-13', 'CHECKOUT', '2026-01-15 09:32:18', 'Employee check-out'),
(973, 'E04', '2025-08-14', 'CHECKIN', '2026-01-15 09:32:18', 'Employee check-in'),
(974, 'E04', '2025-08-14', 'CHECKOUT', '2026-01-15 09:32:18', 'Employee check-out'),
(975, 'E04', '2025-08-15', 'CHECKIN', '2026-01-15 09:32:18', 'Employee check-in'),
(976, 'E04', '2025-08-15', 'CHECKOUT', '2026-01-15 09:32:18', 'Employee check-out'),
(977, 'E04', '2025-08-16', 'CHECKIN', '2026-01-15 09:32:18', 'Employee check-in'),
(978, 'E04', '2025-08-16', 'CHECKOUT', '2026-01-15 09:32:18', 'Employee check-out'),
(979, 'E04', '2025-08-17', 'CHECKIN', '2026-01-15 09:32:18', 'Employee check-in'),
(980, 'E04', '2025-08-17', 'CHECKOUT', '2026-01-15 09:32:18', 'Employee check-out'),
(981, 'E04', '2025-08-20', 'CHECKIN', '2026-01-15 09:32:18', 'Employee check-in'),
(982, 'E04', '2025-08-20', 'CHECKOUT', '2026-01-15 09:32:18', 'Employee check-out'),
(983, 'E04', '2025-08-21', 'CHECKIN', '2026-01-15 09:32:18', 'Employee check-in'),
(984, 'E04', '2025-08-21', 'CHECKOUT', '2026-01-15 09:32:18', 'Employee check-out'),
(985, 'E04', '2025-08-22', 'CHECKIN', '2026-01-15 09:32:18', 'Employee check-in'),
(986, 'E04', '2025-08-22', 'CHECKOUT', '2026-01-15 09:32:18', 'Employee check-out'),
(987, 'E04', '2025-08-23', 'CHECKIN', '2026-01-15 09:32:18', 'Employee check-in'),
(988, 'E04', '2025-08-23', 'CHECKOUT', '2026-01-15 09:32:18', 'Employee check-out'),
(989, 'E04', '2025-08-24', 'CHECKIN', '2026-01-15 09:32:18', 'Employee check-in'),
(990, 'E04', '2025-08-24', 'CHECKOUT', '2026-01-15 09:32:18', 'Employee check-out'),
(991, 'E04', '2025-08-25', 'CHECKIN', '2026-01-15 09:32:18', 'Employee check-in'),
(992, 'E04', '2025-08-25', 'CHECKOUT', '2026-01-15 09:32:18', 'Employee check-out'),
(993, 'E04', '2025-08-26', 'CHECKIN', '2026-01-15 09:32:18', 'Employee check-in'),
(994, 'E04', '2025-08-26', 'CHECKOUT', '2026-01-15 09:32:18', 'Employee check-out'),
(995, 'E04', '2025-09-01', 'CHECKIN', '2026-01-15 09:32:18', 'Employee check-in'),
(996, 'E04', '2025-09-01', 'CHECKOUT', '2026-01-15 09:32:18', 'Employee check-out'),
(997, 'E04', '2025-09-02', 'CHECKIN', '2026-01-15 09:32:18', 'Employee check-in'),
(998, 'E04', '2025-09-02', 'CHECKOUT', '2026-01-15 09:32:18', 'Employee check-out'),
(999, 'E04', '2025-09-03', 'CHECKIN', '2026-01-15 09:32:18', 'Employee check-in'),
(1000, 'E04', '2025-09-03', 'CHECKOUT', '2026-01-15 09:32:18', 'Employee check-out'),
(1001, 'E04', '2025-09-04', 'CHECKIN', '2026-01-15 09:32:18', 'Employee check-in'),
(1002, 'E04', '2025-09-04', 'CHECKOUT', '2026-01-15 09:32:18', 'Employee check-out'),
(1003, 'E04', '2025-09-05', 'CHECKIN', '2026-01-15 09:32:18', 'Employee check-in'),
(1004, 'E04', '2025-09-05', 'CHECKOUT', '2026-01-15 09:32:18', 'Employee check-out'),
(1005, 'E04', '2025-09-06', 'CHECKIN', '2026-01-15 09:32:18', 'Employee check-in'),
(1006, 'E04', '2025-09-06', 'CHECKOUT', '2026-01-15 09:32:18', 'Employee check-out'),
(1007, 'E04', '2025-09-07', 'CHECKIN', '2026-01-15 09:32:18', 'Employee check-in'),
(1008, 'E04', '2025-09-07', 'CHECKOUT', '2026-01-15 09:32:18', 'Employee check-out'),
(1009, 'E04', '2025-09-08', 'CHECKIN', '2026-01-15 09:32:18', 'Employee check-in'),
(1010, 'E04', '2025-09-08', 'CHECKOUT', '2026-01-15 09:32:18', 'Employee check-out'),
(1011, 'E04', '2025-09-09', 'CHECKIN', '2026-01-15 09:32:18', 'Employee check-in'),
(1012, 'E04', '2025-09-09', 'CHECKOUT', '2026-01-15 09:32:18', 'Employee check-out'),
(1013, 'E04', '2025-09-10', 'CHECKIN', '2026-01-15 09:32:18', 'Employee check-in'),
(1014, 'E04', '2025-09-10', 'CHECKOUT', '2026-01-15 09:32:18', 'Employee check-out'),
(1015, 'E04', '2025-09-12', 'CHECKIN', '2026-01-15 09:32:18', 'Employee check-in'),
(1016, 'E04', '2025-09-12', 'CHECKOUT', '2026-01-15 09:32:18', 'Employee check-out'),
(1017, 'E04', '2025-09-13', 'CHECKIN', '2026-01-15 09:32:18', 'Employee check-in'),
(1018, 'E04', '2025-09-13', 'CHECKOUT', '2026-01-15 09:32:18', 'Employee check-out'),
(1019, 'E04', '2025-09-14', 'CHECKIN', '2026-01-15 09:32:18', 'Employee check-in'),
(1020, 'E04', '2025-09-14', 'CHECKOUT', '2026-01-15 09:32:18', 'Employee check-out'),
(1021, 'E04', '2025-09-16', 'CHECKIN', '2026-01-15 09:32:18', 'Employee check-in'),
(1022, 'E04', '2025-09-16', 'CHECKOUT', '2026-01-15 09:32:18', 'Employee check-out'),
(1023, 'E04', '2025-09-17', 'CHECKIN', '2026-01-15 09:32:18', 'Employee check-in'),
(1024, 'E04', '2025-09-17', 'CHECKOUT', '2026-01-15 09:32:18', 'Employee check-out'),
(1025, 'E04', '2025-09-20', 'CHECKIN', '2026-01-15 09:32:18', 'Employee check-in'),
(1026, 'E04', '2025-09-20', 'CHECKOUT', '2026-01-15 09:32:18', 'Employee check-out'),
(1027, 'E04', '2025-09-21', 'CHECKIN', '2026-01-15 09:32:18', 'Employee check-in'),
(1028, 'E04', '2025-09-21', 'CHECKOUT', '2026-01-15 09:32:18', 'Employee check-out'),
(1029, 'E04', '2025-09-22', 'CHECKIN', '2026-01-15 09:32:18', 'Employee check-in'),
(1030, 'E04', '2025-09-22', 'CHECKOUT', '2026-01-15 09:32:18', 'Employee check-out'),
(1031, 'E04', '2025-09-23', 'CHECKIN', '2026-01-15 09:32:18', 'Employee check-in'),
(1032, 'E04', '2025-09-23', 'CHECKOUT', '2026-01-15 09:32:18', 'Employee check-out'),
(1033, 'E04', '2025-09-24', 'CHECKIN', '2026-01-15 09:32:18', 'Employee check-in'),
(1034, 'E04', '2025-09-24', 'CHECKOUT', '2026-01-15 09:32:18', 'Employee check-out'),
(1035, 'E04', '2025-09-25', 'CHECKIN', '2026-01-15 09:32:18', 'Employee check-in'),
(1036, 'E04', '2025-09-25', 'CHECKOUT', '2026-01-15 09:32:18', 'Employee check-out'),
(1037, 'E04', '2025-10-01', 'CHECKIN', '2026-01-15 09:32:18', 'Employee check-in'),
(1038, 'E04', '2025-10-01', 'CHECKOUT', '2026-01-15 09:32:18', 'Employee check-out'),
(1039, 'E04', '2025-10-02', 'CHECKIN', '2026-01-15 09:32:18', 'Employee check-in'),
(1040, 'E04', '2025-10-02', 'CHECKOUT', '2026-01-15 09:32:18', 'Employee check-out'),
(1041, 'E04', '2025-10-03', 'CHECKIN', '2026-01-15 09:32:18', 'Employee check-in'),
(1042, 'E04', '2025-10-03', 'CHECKOUT', '2026-01-15 09:32:18', 'Employee check-out'),
(1043, 'E04', '2025-10-04', 'CHECKIN', '2026-01-15 09:32:18', 'Employee check-in'),
(1044, 'E04', '2025-10-04', 'CHECKOUT', '2026-01-15 09:32:18', 'Employee check-out'),
(1045, 'E04', '2025-10-05', 'CHECKIN', '2026-01-15 09:32:18', 'Employee check-in'),
(1046, 'E04', '2025-10-05', 'CHECKOUT', '2026-01-15 09:32:18', 'Employee check-out'),
(1047, 'E04', '2025-10-06', 'CHECKIN', '2026-01-15 09:32:18', 'Employee check-in'),
(1048, 'E04', '2025-10-06', 'CHECKOUT', '2026-01-15 09:32:18', 'Employee check-out'),
(1049, 'E04', '2025-10-08', 'CHECKIN', '2026-01-15 09:32:18', 'Employee check-in'),
(1050, 'E04', '2025-10-08', 'CHECKOUT', '2026-01-15 09:32:18', 'Employee check-out'),
(1051, 'E04', '2025-10-09', 'CHECKIN', '2026-01-15 09:32:18', 'Employee check-in'),
(1052, 'E04', '2025-10-09', 'CHECKOUT', '2026-01-15 09:32:18', 'Employee check-out'),
(1053, 'E04', '2025-10-11', 'CHECKIN', '2026-01-15 09:32:18', 'Employee check-in'),
(1054, 'E04', '2025-10-11', 'CHECKOUT', '2026-01-15 09:32:18', 'Employee check-out'),
(1055, 'E04', '2025-10-12', 'CHECKIN', '2026-01-15 09:32:18', 'Employee check-in'),
(1056, 'E04', '2025-10-12', 'CHECKOUT', '2026-01-15 09:32:18', 'Employee check-out'),
(1057, 'E04', '2025-10-13', 'CHECKIN', '2026-01-15 09:32:18', 'Employee check-in'),
(1058, 'E04', '2025-10-13', 'CHECKOUT', '2026-01-15 09:32:18', 'Employee check-out'),
(1059, 'E04', '2025-10-15', 'CHECKIN', '2026-01-15 09:32:18', 'Employee check-in'),
(1060, 'E04', '2025-10-15', 'CHECKOUT', '2026-01-15 09:32:18', 'Employee check-out'),
(1061, 'E04', '2025-10-16', 'CHECKIN', '2026-01-15 09:32:18', 'Employee check-in'),
(1062, 'E04', '2025-10-16', 'CHECKOUT', '2026-01-15 09:32:18', 'Employee check-out'),
(1063, 'E04', '2025-10-18', 'CHECKIN', '2026-01-15 09:32:18', 'Employee check-in'),
(1064, 'E04', '2025-10-18', 'CHECKOUT', '2026-01-15 09:32:18', 'Employee check-out'),
(1065, 'E04', '2025-10-19', 'CHECKIN', '2026-01-15 09:32:18', 'Employee check-in'),
(1066, 'E04', '2025-10-19', 'CHECKOUT', '2026-01-15 09:32:18', 'Employee check-out'),
(1067, 'E04', '2025-10-20', 'CHECKIN', '2026-01-15 09:32:18', 'Employee check-in'),
(1068, 'E04', '2025-10-20', 'CHECKOUT', '2026-01-15 09:32:18', 'Employee check-out'),
(1069, 'E04', '2025-10-21', 'CHECKIN', '2026-01-15 09:32:18', 'Employee check-in'),
(1070, 'E04', '2025-10-21', 'CHECKOUT', '2026-01-15 09:32:18', 'Employee check-out'),
(1071, 'E04', '2025-10-22', 'CHECKIN', '2026-01-15 09:32:18', 'Employee check-in'),
(1072, 'E04', '2025-10-22', 'CHECKOUT', '2026-01-15 09:32:18', 'Employee check-out'),
(1073, 'E04', '2025-10-23', 'CHECKIN', '2026-01-15 09:32:18', 'Employee check-in'),
(1074, 'E04', '2025-10-23', 'CHECKOUT', '2026-01-15 09:32:18', 'Employee check-out'),
(1075, 'E04', '2025-10-26', 'CHECKIN', '2026-01-15 09:32:18', 'Employee check-in'),
(1076, 'E04', '2025-10-26', 'CHECKOUT', '2026-01-15 09:32:18', 'Employee check-out'),
(1077, 'E04', '2025-11-01', 'CHECKIN', '2026-01-15 09:32:18', 'Employee check-in'),
(1078, 'E04', '2025-11-01', 'CHECKOUT', '2026-01-15 09:32:18', 'Employee check-out'),
(1079, 'E04', '2025-11-03', 'CHECKIN', '2026-01-15 09:32:18', 'Employee check-in'),
(1080, 'E04', '2025-11-03', 'CHECKOUT', '2026-01-15 09:32:18', 'Employee check-out'),
(1081, 'E04', '2025-11-04', 'CHECKIN', '2026-01-15 09:32:18', 'Employee check-in'),
(1082, 'E04', '2025-11-04', 'CHECKOUT', '2026-01-15 09:32:18', 'Employee check-out'),
(1083, 'E04', '2025-11-05', 'CHECKIN', '2026-01-15 09:32:18', 'Employee check-in'),
(1084, 'E04', '2025-11-05', 'CHECKOUT', '2026-01-15 09:32:18', 'Employee check-out'),
(1085, 'E04', '2025-11-07', 'CHECKIN', '2026-01-15 09:32:18', 'Employee check-in'),
(1086, 'E04', '2025-11-07', 'CHECKOUT', '2026-01-15 09:32:18', 'Employee check-out'),
(1087, 'E04', '2025-11-08', 'CHECKIN', '2026-01-15 09:32:18', 'Employee check-in'),
(1088, 'E04', '2025-11-08', 'CHECKOUT', '2026-01-15 09:32:18', 'Employee check-out'),
(1089, 'E04', '2025-11-09', 'CHECKIN', '2026-01-15 09:32:18', 'Employee check-in'),
(1090, 'E04', '2025-11-09', 'CHECKOUT', '2026-01-15 09:32:18', 'Employee check-out'),
(1091, 'E04', '2025-11-11', 'CHECKIN', '2026-01-15 09:32:18', 'Employee check-in'),
(1092, 'E04', '2025-11-11', 'CHECKOUT', '2026-01-15 09:32:18', 'Employee check-out'),
(1093, 'E04', '2025-11-12', 'CHECKIN', '2026-01-15 09:32:18', 'Employee check-in'),
(1094, 'E04', '2025-11-12', 'CHECKOUT', '2026-01-15 09:32:18', 'Employee check-out'),
(1095, 'E04', '2025-11-13', 'CHECKIN', '2026-01-15 09:32:18', 'Employee check-in'),
(1096, 'E04', '2025-11-13', 'CHECKOUT', '2026-01-15 09:32:18', 'Employee check-out'),
(1097, 'E04', '2025-11-14', 'CHECKIN', '2026-01-15 09:32:18', 'Employee check-in'),
(1098, 'E04', '2025-11-14', 'CHECKOUT', '2026-01-15 09:32:18', 'Employee check-out'),
(1099, 'E04', '2025-11-16', 'CHECKIN', '2026-01-15 09:32:18', 'Employee check-in'),
(1100, 'E04', '2025-11-16', 'CHECKOUT', '2026-01-15 09:32:18', 'Employee check-out'),
(1101, 'E04', '2025-11-17', 'CHECKIN', '2026-01-15 09:32:18', 'Employee check-in'),
(1102, 'E04', '2025-11-17', 'CHECKOUT', '2026-01-15 09:32:18', 'Employee check-out'),
(1103, 'E04', '2025-11-18', 'CHECKIN', '2026-01-15 09:32:18', 'Employee check-in'),
(1104, 'E04', '2025-11-18', 'CHECKOUT', '2026-01-15 09:32:18', 'Employee check-out'),
(1105, 'E04', '2025-11-19', 'CHECKIN', '2026-01-15 09:32:18', 'Employee check-in'),
(1106, 'E04', '2025-11-19', 'CHECKOUT', '2026-01-15 09:32:18', 'Employee check-out'),
(1107, 'E04', '2025-11-22', 'CHECKIN', '2026-01-15 09:32:18', 'Employee check-in'),
(1108, 'E04', '2025-11-22', 'CHECKOUT', '2026-01-15 09:32:18', 'Employee check-out'),
(1109, 'E04', '2025-12-01', 'CHECKIN', '2026-01-15 09:32:18', 'Employee check-in'),
(1110, 'E04', '2025-12-01', 'CHECKOUT', '2026-01-15 09:32:18', 'Employee check-out'),
(1111, 'E04', '2025-12-02', 'CHECKIN', '2026-01-15 09:32:18', 'Employee check-in'),
(1112, 'E04', '2025-12-02', 'CHECKOUT', '2026-01-15 09:32:18', 'Employee check-out'),
(1113, 'E04', '2025-12-04', 'CHECKIN', '2026-01-15 09:32:18', 'Employee check-in'),
(1114, 'E04', '2025-12-04', 'CHECKOUT', '2026-01-15 09:32:18', 'Employee check-out'),
(1115, 'E04', '2025-12-05', 'CHECKIN', '2026-01-15 09:32:18', 'Employee check-in'),
(1116, 'E04', '2025-12-05', 'CHECKOUT', '2026-01-15 09:32:18', 'Employee check-out'),
(1117, 'E04', '2025-12-06', 'CHECKIN', '2026-01-15 09:32:18', 'Employee check-in'),
(1118, 'E04', '2025-12-06', 'CHECKOUT', '2026-01-15 09:32:18', 'Employee check-out'),
(1119, 'E04', '2025-12-07', 'CHECKIN', '2026-01-15 09:32:18', 'Employee check-in'),
(1120, 'E04', '2025-12-07', 'CHECKOUT', '2026-01-15 09:32:18', 'Employee check-out'),
(1121, 'E04', '2025-12-08', 'CHECKIN', '2026-01-15 09:32:18', 'Employee check-in'),
(1122, 'E04', '2025-12-08', 'CHECKOUT', '2026-01-15 09:32:18', 'Employee check-out'),
(1123, 'E04', '2025-12-09', 'CHECKIN', '2026-01-15 09:32:18', 'Employee check-in'),
(1124, 'E04', '2025-12-09', 'CHECKOUT', '2026-01-15 09:32:18', 'Employee check-out'),
(1125, 'E04', '2025-12-10', 'CHECKIN', '2026-01-15 09:32:18', 'Employee check-in'),
(1126, 'E04', '2025-12-10', 'CHECKOUT', '2026-01-15 09:32:18', 'Employee check-out'),
(1127, 'E04', '2025-12-11', 'CHECKIN', '2026-01-15 09:32:18', 'Employee check-in'),
(1128, 'E04', '2025-12-11', 'CHECKOUT', '2026-01-15 09:32:18', 'Employee check-out'),
(1129, 'E04', '2025-12-12', 'CHECKIN', '2026-01-15 09:32:18', 'Employee check-in'),
(1130, 'E04', '2025-12-12', 'CHECKOUT', '2026-01-15 09:32:18', 'Employee check-out'),
(1131, 'E04', '2025-12-13', 'CHECKIN', '2026-01-15 09:32:18', 'Employee check-in'),
(1132, 'E04', '2025-12-13', 'CHECKOUT', '2026-01-15 09:32:18', 'Employee check-out'),
(1133, 'E04', '2025-12-14', 'CHECKIN', '2026-01-15 09:32:18', 'Employee check-in'),
(1134, 'E04', '2025-12-14', 'CHECKOUT', '2026-01-15 09:32:18', 'Employee check-out'),
(1135, 'E04', '2025-12-16', 'CHECKIN', '2026-01-15 09:32:18', 'Employee check-in'),
(1136, 'E04', '2025-12-16', 'CHECKOUT', '2026-01-15 09:32:18', 'Employee check-out'),
(1137, 'E04', '2025-12-17', 'CHECKIN', '2026-01-15 09:32:18', 'Employee check-in'),
(1138, 'E04', '2025-12-17', 'CHECKOUT', '2026-01-15 09:32:18', 'Employee check-out'),
(1139, 'E04', '2025-12-19', 'CHECKIN', '2026-01-15 09:32:18', 'Employee check-in'),
(1140, 'E04', '2025-12-19', 'CHECKOUT', '2026-01-15 09:32:18', 'Employee check-out'),
(1141, 'E04', '2025-12-20', 'CHECKIN', '2026-01-15 09:32:18', 'Employee check-in'),
(1142, 'E04', '2025-12-20', 'CHECKOUT', '2026-01-15 09:32:18', 'Employee check-out'),
(1143, 'E04', '2025-12-21', 'CHECKIN', '2026-01-15 09:32:18', 'Employee check-in'),
(1144, 'E04', '2025-12-21', 'CHECKOUT', '2026-01-15 09:32:18', 'Employee check-out'),
(1145, 'E04', '2025-12-22', 'CHECKIN', '2026-01-15 09:32:18', 'Employee check-in'),
(1146, 'E04', '2025-12-22', 'CHECKOUT', '2026-01-15 09:32:18', 'Employee check-out'),
(1147, 'E04', '2025-12-24', 'CHECKIN', '2026-01-15 09:32:18', 'Employee check-in'),
(1148, 'E04', '2025-12-24', 'CHECKOUT', '2026-01-15 09:32:18', 'Employee check-out'),
(1149, 'E06', '2025-06-01', 'CHECKIN', '2026-01-15 09:32:18', 'Employee check-in'),
(1150, 'E06', '2025-06-01', 'CHECKOUT', '2026-01-15 09:32:18', 'Employee check-out'),
(1151, 'E06', '2025-06-02', 'CHECKIN', '2026-01-15 09:32:18', 'Employee check-in'),
(1152, 'E06', '2025-06-02', 'CHECKOUT', '2026-01-15 09:32:18', 'Employee check-out'),
(1153, 'E06', '2025-06-04', 'CHECKIN', '2026-01-15 09:32:18', 'Employee check-in'),
(1154, 'E06', '2025-06-04', 'CHECKOUT', '2026-01-15 09:32:18', 'Employee check-out'),
(1155, 'E06', '2025-06-05', 'CHECKIN', '2026-01-15 09:32:18', 'Employee check-in'),
(1156, 'E06', '2025-06-05', 'CHECKOUT', '2026-01-15 09:32:18', 'Employee check-out'),
(1157, 'E06', '2025-06-06', 'CHECKIN', '2026-01-15 09:32:18', 'Employee check-in'),
(1158, 'E06', '2025-06-06', 'CHECKOUT', '2026-01-15 09:32:18', 'Employee check-out'),
(1159, 'E06', '2025-06-07', 'CHECKIN', '2026-01-15 09:32:18', 'Employee check-in'),
(1160, 'E06', '2025-06-07', 'CHECKOUT', '2026-01-15 09:32:18', 'Employee check-out'),
(1161, 'E06', '2025-06-09', 'CHECKIN', '2026-01-15 09:32:18', 'Employee check-in'),
(1162, 'E06', '2025-06-09', 'CHECKOUT', '2026-01-15 09:32:18', 'Employee check-out'),
(1163, 'E06', '2025-06-11', 'CHECKIN', '2026-01-15 09:32:18', 'Employee check-in'),
(1164, 'E06', '2025-06-11', 'CHECKOUT', '2026-01-15 09:32:18', 'Employee check-out'),
(1165, 'E06', '2025-06-12', 'CHECKIN', '2026-01-15 09:32:18', 'Employee check-in'),
(1166, 'E06', '2025-06-12', 'CHECKOUT', '2026-01-15 09:32:18', 'Employee check-out'),
(1167, 'E06', '2025-06-14', 'CHECKIN', '2026-01-15 09:32:18', 'Employee check-in'),
(1168, 'E06', '2025-06-14', 'CHECKOUT', '2026-01-15 09:32:18', 'Employee check-out'),
(1169, 'E06', '2025-06-16', 'CHECKIN', '2026-01-15 09:32:18', 'Employee check-in'),
(1170, 'E06', '2025-06-16', 'CHECKOUT', '2026-01-15 09:32:18', 'Employee check-out'),
(1171, 'E06', '2025-06-17', 'CHECKIN', '2026-01-15 09:32:18', 'Employee check-in'),
(1172, 'E06', '2025-06-17', 'CHECKOUT', '2026-01-15 09:32:18', 'Employee check-out'),
(1173, 'E06', '2025-06-18', 'CHECKIN', '2026-01-15 09:32:18', 'Employee check-in'),
(1174, 'E06', '2025-06-18', 'CHECKOUT', '2026-01-15 09:32:18', 'Employee check-out'),
(1175, 'E06', '2025-06-19', 'CHECKIN', '2026-01-15 09:32:18', 'Employee check-in'),
(1176, 'E06', '2025-06-19', 'CHECKOUT', '2026-01-15 09:32:18', 'Employee check-out'),
(1177, 'E06', '2025-06-20', 'CHECKIN', '2026-01-15 09:32:18', 'Employee check-in'),
(1178, 'E06', '2025-06-20', 'CHECKOUT', '2026-01-15 09:32:18', 'Employee check-out'),
(1179, 'E06', '2025-06-23', 'CHECKIN', '2026-01-15 09:32:18', 'Employee check-in'),
(1180, 'E06', '2025-06-23', 'CHECKOUT', '2026-01-15 09:32:18', 'Employee check-out'),
(1181, 'E06', '2025-06-24', 'CHECKIN', '2026-01-15 09:32:18', 'Employee check-in'),
(1182, 'E06', '2025-06-24', 'CHECKOUT', '2026-01-15 09:32:18', 'Employee check-out'),
(1183, 'E06', '2025-06-25', 'CHECKIN', '2026-01-15 09:32:18', 'Employee check-in'),
(1184, 'E06', '2025-06-25', 'CHECKOUT', '2026-01-15 09:32:18', 'Employee check-out'),
(1185, 'E06', '2025-06-26', 'CHECKIN', '2026-01-15 09:32:18', 'Employee check-in'),
(1186, 'E06', '2025-06-26', 'CHECKOUT', '2026-01-15 09:32:18', 'Employee check-out'),
(1187, 'E06', '2025-07-02', 'CHECKIN', '2026-01-15 09:32:18', 'Employee check-in'),
(1188, 'E06', '2025-07-02', 'CHECKOUT', '2026-01-15 09:32:18', 'Employee check-out'),
(1189, 'E06', '2025-07-03', 'CHECKIN', '2026-01-15 09:32:18', 'Employee check-in'),
(1190, 'E06', '2025-07-03', 'CHECKOUT', '2026-01-15 09:32:18', 'Employee check-out'),
(1191, 'E06', '2025-07-04', 'CHECKIN', '2026-01-15 09:32:18', 'Employee check-in'),
(1192, 'E06', '2025-07-04', 'CHECKOUT', '2026-01-15 09:32:18', 'Employee check-out'),
(1193, 'E06', '2025-07-05', 'CHECKIN', '2026-01-15 09:32:18', 'Employee check-in'),
(1194, 'E06', '2025-07-05', 'CHECKOUT', '2026-01-15 09:32:18', 'Employee check-out'),
(1195, 'E06', '2025-07-06', 'CHECKIN', '2026-01-15 09:32:18', 'Employee check-in'),
(1196, 'E06', '2025-07-06', 'CHECKOUT', '2026-01-15 09:32:18', 'Employee check-out'),
(1197, 'E06', '2025-07-07', 'CHECKIN', '2026-01-15 09:32:18', 'Employee check-in'),
(1198, 'E06', '2025-07-07', 'CHECKOUT', '2026-01-15 09:32:18', 'Employee check-out'),
(1199, 'E06', '2025-07-08', 'CHECKIN', '2026-01-15 09:32:18', 'Employee check-in'),
(1200, 'E06', '2025-07-08', 'CHECKOUT', '2026-01-15 09:32:18', 'Employee check-out'),
(1201, 'E06', '2025-07-09', 'CHECKIN', '2026-01-15 09:32:18', 'Employee check-in'),
(1202, 'E06', '2025-07-09', 'CHECKOUT', '2026-01-15 09:32:18', 'Employee check-out'),
(1203, 'E06', '2025-07-10', 'CHECKIN', '2026-01-15 09:32:18', 'Employee check-in'),
(1204, 'E06', '2025-07-10', 'CHECKOUT', '2026-01-15 09:32:18', 'Employee check-out'),
(1205, 'E06', '2025-07-11', 'CHECKIN', '2026-01-15 09:32:18', 'Employee check-in'),
(1206, 'E06', '2025-07-11', 'CHECKOUT', '2026-01-15 09:32:18', 'Employee check-out'),
(1207, 'E06', '2025-07-13', 'CHECKIN', '2026-01-15 09:32:18', 'Employee check-in'),
(1208, 'E06', '2025-07-13', 'CHECKOUT', '2026-01-15 09:32:18', 'Employee check-out'),
(1209, 'E06', '2025-07-14', 'CHECKIN', '2026-01-15 09:32:18', 'Employee check-in'),
(1210, 'E06', '2025-07-14', 'CHECKOUT', '2026-01-15 09:32:18', 'Employee check-out'),
(1211, 'E06', '2025-07-17', 'CHECKIN', '2026-01-15 09:32:18', 'Employee check-in'),
(1212, 'E06', '2025-07-17', 'CHECKOUT', '2026-01-15 09:32:18', 'Employee check-out'),
(1213, 'E06', '2025-07-18', 'CHECKIN', '2026-01-15 09:32:18', 'Employee check-in'),
(1214, 'E06', '2025-07-18', 'CHECKOUT', '2026-01-15 09:32:18', 'Employee check-out');
INSERT INTO `employee_attendance_log` (`LogID`, `EmployeeID`, `WorkDate`, `Action`, `ActionTime`, `Note`) VALUES
(1215, 'E06', '2025-07-19', 'CHECKIN', '2026-01-15 09:32:18', 'Employee check-in'),
(1216, 'E06', '2025-07-19', 'CHECKOUT', '2026-01-15 09:32:18', 'Employee check-out'),
(1217, 'E06', '2025-07-21', 'CHECKIN', '2026-01-15 09:32:18', 'Employee check-in'),
(1218, 'E06', '2025-07-21', 'CHECKOUT', '2026-01-15 09:32:18', 'Employee check-out'),
(1219, 'E06', '2025-07-23', 'CHECKIN', '2026-01-15 09:32:18', 'Employee check-in'),
(1220, 'E06', '2025-07-23', 'CHECKOUT', '2026-01-15 09:32:18', 'Employee check-out'),
(1221, 'E06', '2025-07-25', 'CHECKIN', '2026-01-15 09:32:18', 'Employee check-in'),
(1222, 'E06', '2025-07-25', 'CHECKOUT', '2026-01-15 09:32:18', 'Employee check-out'),
(1223, 'E06', '2025-08-01', 'CHECKIN', '2026-01-15 09:32:18', 'Employee check-in'),
(1224, 'E06', '2025-08-01', 'CHECKOUT', '2026-01-15 09:32:18', 'Employee check-out'),
(1225, 'E06', '2025-08-02', 'CHECKIN', '2026-01-15 09:32:18', 'Employee check-in'),
(1226, 'E06', '2025-08-02', 'CHECKOUT', '2026-01-15 09:32:18', 'Employee check-out'),
(1227, 'E06', '2025-08-03', 'CHECKIN', '2026-01-15 09:32:18', 'Employee check-in'),
(1228, 'E06', '2025-08-03', 'CHECKOUT', '2026-01-15 09:32:18', 'Employee check-out'),
(1229, 'E06', '2025-08-04', 'CHECKIN', '2026-01-15 09:32:18', 'Employee check-in'),
(1230, 'E06', '2025-08-04', 'CHECKOUT', '2026-01-15 09:32:18', 'Employee check-out'),
(1231, 'E06', '2025-08-05', 'CHECKIN', '2026-01-15 09:32:18', 'Employee check-in'),
(1232, 'E06', '2025-08-05', 'CHECKOUT', '2026-01-15 09:32:18', 'Employee check-out'),
(1233, 'E06', '2025-08-06', 'CHECKIN', '2026-01-15 09:32:18', 'Employee check-in'),
(1234, 'E06', '2025-08-06', 'CHECKOUT', '2026-01-15 09:32:18', 'Employee check-out'),
(1235, 'E06', '2025-08-07', 'CHECKIN', '2026-01-15 09:32:18', 'Employee check-in'),
(1236, 'E06', '2025-08-07', 'CHECKOUT', '2026-01-15 09:32:18', 'Employee check-out'),
(1237, 'E06', '2025-08-08', 'CHECKIN', '2026-01-15 09:32:18', 'Employee check-in'),
(1238, 'E06', '2025-08-08', 'CHECKOUT', '2026-01-15 09:32:18', 'Employee check-out'),
(1239, 'E06', '2025-08-09', 'CHECKIN', '2026-01-15 09:32:18', 'Employee check-in'),
(1240, 'E06', '2025-08-09', 'CHECKOUT', '2026-01-15 09:32:18', 'Employee check-out'),
(1241, 'E06', '2025-08-10', 'CHECKIN', '2026-01-15 09:32:18', 'Employee check-in'),
(1242, 'E06', '2025-08-10', 'CHECKOUT', '2026-01-15 09:32:18', 'Employee check-out'),
(1243, 'E06', '2025-08-14', 'CHECKIN', '2026-01-15 09:32:18', 'Employee check-in'),
(1244, 'E06', '2025-08-14', 'CHECKOUT', '2026-01-15 09:32:18', 'Employee check-out'),
(1245, 'E06', '2025-08-15', 'CHECKIN', '2026-01-15 09:32:18', 'Employee check-in'),
(1246, 'E06', '2025-08-15', 'CHECKOUT', '2026-01-15 09:32:18', 'Employee check-out'),
(1247, 'E06', '2025-08-16', 'CHECKIN', '2026-01-15 09:32:18', 'Employee check-in'),
(1248, 'E06', '2025-08-16', 'CHECKOUT', '2026-01-15 09:32:18', 'Employee check-out'),
(1249, 'E06', '2025-08-17', 'CHECKIN', '2026-01-15 09:32:18', 'Employee check-in'),
(1250, 'E06', '2025-08-17', 'CHECKOUT', '2026-01-15 09:32:18', 'Employee check-out'),
(1251, 'E06', '2025-08-18', 'CHECKIN', '2026-01-15 09:32:18', 'Employee check-in'),
(1252, 'E06', '2025-08-18', 'CHECKOUT', '2026-01-15 09:32:18', 'Employee check-out'),
(1253, 'E06', '2025-08-20', 'CHECKIN', '2026-01-15 09:32:18', 'Employee check-in'),
(1254, 'E06', '2025-08-20', 'CHECKOUT', '2026-01-15 09:32:18', 'Employee check-out'),
(1255, 'E06', '2025-08-21', 'CHECKIN', '2026-01-15 09:32:18', 'Employee check-in'),
(1256, 'E06', '2025-08-21', 'CHECKOUT', '2026-01-15 09:32:18', 'Employee check-out'),
(1257, 'E06', '2025-08-22', 'CHECKIN', '2026-01-15 09:32:18', 'Employee check-in'),
(1258, 'E06', '2025-08-22', 'CHECKOUT', '2026-01-15 09:32:18', 'Employee check-out'),
(1259, 'E06', '2025-08-23', 'CHECKIN', '2026-01-15 09:32:18', 'Employee check-in'),
(1260, 'E06', '2025-08-23', 'CHECKOUT', '2026-01-15 09:32:18', 'Employee check-out'),
(1261, 'E06', '2025-08-24', 'CHECKIN', '2026-01-15 09:32:18', 'Employee check-in'),
(1262, 'E06', '2025-08-24', 'CHECKOUT', '2026-01-15 09:32:18', 'Employee check-out'),
(1263, 'E06', '2025-08-26', 'CHECKIN', '2026-01-15 09:32:18', 'Employee check-in'),
(1264, 'E06', '2025-08-26', 'CHECKOUT', '2026-01-15 09:32:18', 'Employee check-out'),
(1265, 'E06', '2025-09-02', 'CHECKIN', '2026-01-15 09:32:18', 'Employee check-in'),
(1266, 'E06', '2025-09-02', 'CHECKOUT', '2026-01-15 09:32:18', 'Employee check-out'),
(1267, 'E06', '2025-09-03', 'CHECKIN', '2026-01-15 09:32:18', 'Employee check-in'),
(1268, 'E06', '2025-09-03', 'CHECKOUT', '2026-01-15 09:32:18', 'Employee check-out'),
(1269, 'E06', '2025-09-04', 'CHECKIN', '2026-01-15 09:32:18', 'Employee check-in'),
(1270, 'E06', '2025-09-04', 'CHECKOUT', '2026-01-15 09:32:18', 'Employee check-out'),
(1271, 'E06', '2025-09-05', 'CHECKIN', '2026-01-15 09:32:18', 'Employee check-in'),
(1272, 'E06', '2025-09-05', 'CHECKOUT', '2026-01-15 09:32:18', 'Employee check-out'),
(1273, 'E06', '2025-09-06', 'CHECKIN', '2026-01-15 09:32:18', 'Employee check-in'),
(1274, 'E06', '2025-09-06', 'CHECKOUT', '2026-01-15 09:32:18', 'Employee check-out'),
(1275, 'E06', '2025-09-07', 'CHECKIN', '2026-01-15 09:32:18', 'Employee check-in'),
(1276, 'E06', '2025-09-07', 'CHECKOUT', '2026-01-15 09:32:18', 'Employee check-out'),
(1277, 'E06', '2025-09-09', 'CHECKIN', '2026-01-15 09:32:18', 'Employee check-in'),
(1278, 'E06', '2025-09-09', 'CHECKOUT', '2026-01-15 09:32:18', 'Employee check-out'),
(1279, 'E06', '2025-09-10', 'CHECKIN', '2026-01-15 09:32:18', 'Employee check-in'),
(1280, 'E06', '2025-09-10', 'CHECKOUT', '2026-01-15 09:32:18', 'Employee check-out'),
(1281, 'E06', '2025-09-11', 'CHECKIN', '2026-01-15 09:32:18', 'Employee check-in'),
(1282, 'E06', '2025-09-11', 'CHECKOUT', '2026-01-15 09:32:18', 'Employee check-out'),
(1283, 'E06', '2025-09-12', 'CHECKIN', '2026-01-15 09:32:18', 'Employee check-in'),
(1284, 'E06', '2025-09-12', 'CHECKOUT', '2026-01-15 09:32:18', 'Employee check-out'),
(1285, 'E06', '2025-09-13', 'CHECKIN', '2026-01-15 09:32:18', 'Employee check-in'),
(1286, 'E06', '2025-09-13', 'CHECKOUT', '2026-01-15 09:32:18', 'Employee check-out'),
(1287, 'E06', '2025-09-14', 'CHECKIN', '2026-01-15 09:32:18', 'Employee check-in'),
(1288, 'E06', '2025-09-14', 'CHECKOUT', '2026-01-15 09:32:18', 'Employee check-out'),
(1289, 'E06', '2025-09-16', 'CHECKIN', '2026-01-15 09:32:18', 'Employee check-in'),
(1290, 'E06', '2025-09-16', 'CHECKOUT', '2026-01-15 09:32:18', 'Employee check-out'),
(1291, 'E06', '2025-09-17', 'CHECKIN', '2026-01-15 09:32:18', 'Employee check-in'),
(1292, 'E06', '2025-09-17', 'CHECKOUT', '2026-01-15 09:32:18', 'Employee check-out'),
(1293, 'E06', '2025-09-18', 'CHECKIN', '2026-01-15 09:32:18', 'Employee check-in'),
(1294, 'E06', '2025-09-18', 'CHECKOUT', '2026-01-15 09:32:18', 'Employee check-out'),
(1295, 'E06', '2025-09-19', 'CHECKIN', '2026-01-15 09:32:18', 'Employee check-in'),
(1296, 'E06', '2025-09-19', 'CHECKOUT', '2026-01-15 09:32:18', 'Employee check-out'),
(1297, 'E06', '2025-09-20', 'CHECKIN', '2026-01-15 09:32:18', 'Employee check-in'),
(1298, 'E06', '2025-09-20', 'CHECKOUT', '2026-01-15 09:32:18', 'Employee check-out'),
(1299, 'E06', '2025-09-21', 'CHECKIN', '2026-01-15 09:32:18', 'Employee check-in'),
(1300, 'E06', '2025-09-21', 'CHECKOUT', '2026-01-15 09:32:18', 'Employee check-out'),
(1301, 'E06', '2025-09-22', 'CHECKIN', '2026-01-15 09:32:18', 'Employee check-in'),
(1302, 'E06', '2025-09-22', 'CHECKOUT', '2026-01-15 09:32:18', 'Employee check-out'),
(1303, 'E06', '2025-09-23', 'CHECKIN', '2026-01-15 09:32:18', 'Employee check-in'),
(1304, 'E06', '2025-09-23', 'CHECKOUT', '2026-01-15 09:32:18', 'Employee check-out'),
(1305, 'E06', '2025-09-24', 'CHECKIN', '2026-01-15 09:32:18', 'Employee check-in'),
(1306, 'E06', '2025-09-24', 'CHECKOUT', '2026-01-15 09:32:18', 'Employee check-out'),
(1307, 'E06', '2025-09-25', 'CHECKIN', '2026-01-15 09:32:18', 'Employee check-in'),
(1308, 'E06', '2025-09-25', 'CHECKOUT', '2026-01-15 09:32:18', 'Employee check-out'),
(1309, 'E06', '2025-09-26', 'CHECKIN', '2026-01-15 09:32:18', 'Employee check-in'),
(1310, 'E06', '2025-09-26', 'CHECKOUT', '2026-01-15 09:32:18', 'Employee check-out'),
(1311, 'E06', '2025-10-01', 'CHECKIN', '2026-01-15 09:32:18', 'Employee check-in'),
(1312, 'E06', '2025-10-01', 'CHECKOUT', '2026-01-15 09:32:18', 'Employee check-out'),
(1313, 'E06', '2025-10-04', 'CHECKIN', '2026-01-15 09:32:18', 'Employee check-in'),
(1314, 'E06', '2025-10-04', 'CHECKOUT', '2026-01-15 09:32:18', 'Employee check-out'),
(1315, 'E06', '2025-10-05', 'CHECKIN', '2026-01-15 09:32:18', 'Employee check-in'),
(1316, 'E06', '2025-10-05', 'CHECKOUT', '2026-01-15 09:32:18', 'Employee check-out'),
(1317, 'E06', '2025-10-06', 'CHECKIN', '2026-01-15 09:32:18', 'Employee check-in'),
(1318, 'E06', '2025-10-06', 'CHECKOUT', '2026-01-15 09:32:18', 'Employee check-out'),
(1319, 'E06', '2025-10-07', 'CHECKIN', '2026-01-15 09:32:18', 'Employee check-in'),
(1320, 'E06', '2025-10-07', 'CHECKOUT', '2026-01-15 09:32:18', 'Employee check-out'),
(1321, 'E06', '2025-10-09', 'CHECKIN', '2026-01-15 09:32:18', 'Employee check-in'),
(1322, 'E06', '2025-10-09', 'CHECKOUT', '2026-01-15 09:32:18', 'Employee check-out'),
(1323, 'E06', '2025-10-10', 'CHECKIN', '2026-01-15 09:32:18', 'Employee check-in'),
(1324, 'E06', '2025-10-10', 'CHECKOUT', '2026-01-15 09:32:18', 'Employee check-out'),
(1325, 'E06', '2025-10-11', 'CHECKIN', '2026-01-15 09:32:18', 'Employee check-in'),
(1326, 'E06', '2025-10-11', 'CHECKOUT', '2026-01-15 09:32:18', 'Employee check-out'),
(1327, 'E06', '2025-10-12', 'CHECKIN', '2026-01-15 09:32:18', 'Employee check-in'),
(1328, 'E06', '2025-10-12', 'CHECKOUT', '2026-01-15 09:32:18', 'Employee check-out'),
(1329, 'E06', '2025-10-13', 'CHECKIN', '2026-01-15 09:32:18', 'Employee check-in'),
(1330, 'E06', '2025-10-13', 'CHECKOUT', '2026-01-15 09:32:18', 'Employee check-out'),
(1331, 'E06', '2025-10-14', 'CHECKIN', '2026-01-15 09:32:18', 'Employee check-in'),
(1332, 'E06', '2025-10-14', 'CHECKOUT', '2026-01-15 09:32:18', 'Employee check-out'),
(1333, 'E06', '2025-10-15', 'CHECKIN', '2026-01-15 09:32:18', 'Employee check-in'),
(1334, 'E06', '2025-10-15', 'CHECKOUT', '2026-01-15 09:32:18', 'Employee check-out'),
(1335, 'E06', '2025-10-16', 'CHECKIN', '2026-01-15 09:32:18', 'Employee check-in'),
(1336, 'E06', '2025-10-16', 'CHECKOUT', '2026-01-15 09:32:18', 'Employee check-out'),
(1337, 'E06', '2025-10-17', 'CHECKIN', '2026-01-15 09:32:18', 'Employee check-in'),
(1338, 'E06', '2025-10-17', 'CHECKOUT', '2026-01-15 09:32:18', 'Employee check-out'),
(1339, 'E06', '2025-10-18', 'CHECKIN', '2026-01-15 09:32:18', 'Employee check-in'),
(1340, 'E06', '2025-10-18', 'CHECKOUT', '2026-01-15 09:32:18', 'Employee check-out'),
(1341, 'E06', '2025-10-19', 'CHECKIN', '2026-01-15 09:32:18', 'Employee check-in'),
(1342, 'E06', '2025-10-19', 'CHECKOUT', '2026-01-15 09:32:18', 'Employee check-out'),
(1343, 'E06', '2025-10-20', 'CHECKIN', '2026-01-15 09:32:18', 'Employee check-in'),
(1344, 'E06', '2025-10-20', 'CHECKOUT', '2026-01-15 09:32:18', 'Employee check-out'),
(1345, 'E06', '2025-10-22', 'CHECKIN', '2026-01-15 09:32:18', 'Employee check-in'),
(1346, 'E06', '2025-10-22', 'CHECKOUT', '2026-01-15 09:32:18', 'Employee check-out'),
(1347, 'E06', '2025-10-23', 'CHECKIN', '2026-01-15 09:32:18', 'Employee check-in'),
(1348, 'E06', '2025-10-23', 'CHECKOUT', '2026-01-15 09:32:18', 'Employee check-out'),
(1349, 'E06', '2025-10-24', 'CHECKIN', '2026-01-15 09:32:18', 'Employee check-in'),
(1350, 'E06', '2025-10-24', 'CHECKOUT', '2026-01-15 09:32:18', 'Employee check-out'),
(1351, 'E06', '2025-10-25', 'CHECKIN', '2026-01-15 09:32:18', 'Employee check-in'),
(1352, 'E06', '2025-10-25', 'CHECKOUT', '2026-01-15 09:32:18', 'Employee check-out'),
(1353, 'E06', '2025-10-26', 'CHECKIN', '2026-01-15 09:32:18', 'Employee check-in'),
(1354, 'E06', '2025-10-26', 'CHECKOUT', '2026-01-15 09:32:18', 'Employee check-out'),
(1355, 'E06', '2025-11-01', 'CHECKIN', '2026-01-15 09:32:18', 'Employee check-in'),
(1356, 'E06', '2025-11-01', 'CHECKOUT', '2026-01-15 09:32:18', 'Employee check-out'),
(1357, 'E06', '2025-11-02', 'CHECKIN', '2026-01-15 09:32:18', 'Employee check-in'),
(1358, 'E06', '2025-11-02', 'CHECKOUT', '2026-01-15 09:32:18', 'Employee check-out'),
(1359, 'E06', '2025-11-03', 'CHECKIN', '2026-01-15 09:32:18', 'Employee check-in'),
(1360, 'E06', '2025-11-03', 'CHECKOUT', '2026-01-15 09:32:18', 'Employee check-out'),
(1361, 'E06', '2025-11-04', 'CHECKIN', '2026-01-15 09:32:18', 'Employee check-in'),
(1362, 'E06', '2025-11-04', 'CHECKOUT', '2026-01-15 09:32:18', 'Employee check-out'),
(1363, 'E06', '2025-11-05', 'CHECKIN', '2026-01-15 09:32:18', 'Employee check-in'),
(1364, 'E06', '2025-11-05', 'CHECKOUT', '2026-01-15 09:32:18', 'Employee check-out'),
(1365, 'E06', '2025-11-06', 'CHECKIN', '2026-01-15 09:32:18', 'Employee check-in'),
(1366, 'E06', '2025-11-06', 'CHECKOUT', '2026-01-15 09:32:18', 'Employee check-out'),
(1367, 'E06', '2025-11-08', 'CHECKIN', '2026-01-15 09:32:18', 'Employee check-in'),
(1368, 'E06', '2025-11-08', 'CHECKOUT', '2026-01-15 09:32:18', 'Employee check-out'),
(1369, 'E06', '2025-11-09', 'CHECKIN', '2026-01-15 09:32:18', 'Employee check-in'),
(1370, 'E06', '2025-11-09', 'CHECKOUT', '2026-01-15 09:32:18', 'Employee check-out'),
(1371, 'E06', '2025-11-10', 'CHECKIN', '2026-01-15 09:32:18', 'Employee check-in'),
(1372, 'E06', '2025-11-10', 'CHECKOUT', '2026-01-15 09:32:18', 'Employee check-out'),
(1373, 'E06', '2025-11-12', 'CHECKIN', '2026-01-15 09:32:18', 'Employee check-in'),
(1374, 'E06', '2025-11-12', 'CHECKOUT', '2026-01-15 09:32:18', 'Employee check-out'),
(1375, 'E06', '2025-11-14', 'CHECKIN', '2026-01-15 09:32:18', 'Employee check-in'),
(1376, 'E06', '2025-11-14', 'CHECKOUT', '2026-01-15 09:32:18', 'Employee check-out'),
(1377, 'E06', '2025-11-15', 'CHECKIN', '2026-01-15 09:32:18', 'Employee check-in'),
(1378, 'E06', '2025-11-15', 'CHECKOUT', '2026-01-15 09:32:18', 'Employee check-out'),
(1379, 'E06', '2025-11-16', 'CHECKIN', '2026-01-15 09:32:18', 'Employee check-in'),
(1380, 'E06', '2025-11-16', 'CHECKOUT', '2026-01-15 09:32:18', 'Employee check-out'),
(1381, 'E06', '2025-11-17', 'CHECKIN', '2026-01-15 09:32:18', 'Employee check-in'),
(1382, 'E06', '2025-11-17', 'CHECKOUT', '2026-01-15 09:32:18', 'Employee check-out'),
(1383, 'E06', '2025-11-19', 'CHECKIN', '2026-01-15 09:32:18', 'Employee check-in'),
(1384, 'E06', '2025-11-19', 'CHECKOUT', '2026-01-15 09:32:18', 'Employee check-out'),
(1385, 'E06', '2025-11-20', 'CHECKIN', '2026-01-15 09:32:18', 'Employee check-in'),
(1386, 'E06', '2025-11-20', 'CHECKOUT', '2026-01-15 09:32:18', 'Employee check-out'),
(1387, 'E06', '2025-11-22', 'CHECKIN', '2026-01-15 09:32:18', 'Employee check-in'),
(1388, 'E06', '2025-11-22', 'CHECKOUT', '2026-01-15 09:32:18', 'Employee check-out'),
(1389, 'E06', '2025-11-23', 'CHECKIN', '2026-01-15 09:32:18', 'Employee check-in'),
(1390, 'E06', '2025-11-23', 'CHECKOUT', '2026-01-15 09:32:18', 'Employee check-out'),
(1391, 'E06', '2025-11-24', 'CHECKIN', '2026-01-15 09:32:18', 'Employee check-in'),
(1392, 'E06', '2025-11-24', 'CHECKOUT', '2026-01-15 09:32:18', 'Employee check-out'),
(1393, 'E06', '2025-11-25', 'CHECKIN', '2026-01-15 09:32:18', 'Employee check-in'),
(1394, 'E06', '2025-11-25', 'CHECKOUT', '2026-01-15 09:32:18', 'Employee check-out'),
(1395, 'E06', '2025-11-26', 'CHECKIN', '2026-01-15 09:32:18', 'Employee check-in'),
(1396, 'E06', '2025-11-26', 'CHECKOUT', '2026-01-15 09:32:18', 'Employee check-out'),
(1397, 'E06', '2025-12-01', 'CHECKIN', '2026-01-15 09:32:18', 'Employee check-in'),
(1398, 'E06', '2025-12-01', 'CHECKOUT', '2026-01-15 09:32:18', 'Employee check-out'),
(1399, 'E06', '2025-12-02', 'CHECKIN', '2026-01-15 09:32:18', 'Employee check-in'),
(1400, 'E06', '2025-12-02', 'CHECKOUT', '2026-01-15 09:32:18', 'Employee check-out'),
(1401, 'E06', '2025-12-03', 'CHECKIN', '2026-01-15 09:32:18', 'Employee check-in'),
(1402, 'E06', '2025-12-03', 'CHECKOUT', '2026-01-15 09:32:18', 'Employee check-out'),
(1403, 'E06', '2025-12-04', 'CHECKIN', '2026-01-15 09:32:18', 'Employee check-in'),
(1404, 'E06', '2025-12-04', 'CHECKOUT', '2026-01-15 09:32:18', 'Employee check-out'),
(1405, 'E06', '2025-12-05', 'CHECKIN', '2026-01-15 09:32:18', 'Employee check-in'),
(1406, 'E06', '2025-12-05', 'CHECKOUT', '2026-01-15 09:32:18', 'Employee check-out'),
(1407, 'E06', '2025-12-06', 'CHECKIN', '2026-01-15 09:32:18', 'Employee check-in'),
(1408, 'E06', '2025-12-06', 'CHECKOUT', '2026-01-15 09:32:18', 'Employee check-out'),
(1409, 'E06', '2025-12-07', 'CHECKIN', '2026-01-15 09:32:18', 'Employee check-in'),
(1410, 'E06', '2025-12-07', 'CHECKOUT', '2026-01-15 09:32:18', 'Employee check-out'),
(1411, 'E06', '2025-12-08', 'CHECKIN', '2026-01-15 09:32:18', 'Employee check-in'),
(1412, 'E06', '2025-12-08', 'CHECKOUT', '2026-01-15 09:32:18', 'Employee check-out'),
(1413, 'E06', '2025-12-09', 'CHECKIN', '2026-01-15 09:32:18', 'Employee check-in'),
(1414, 'E06', '2025-12-09', 'CHECKOUT', '2026-01-15 09:32:18', 'Employee check-out'),
(1415, 'E06', '2025-12-10', 'CHECKIN', '2026-01-15 09:32:18', 'Employee check-in'),
(1416, 'E06', '2025-12-10', 'CHECKOUT', '2026-01-15 09:32:18', 'Employee check-out'),
(1417, 'E06', '2025-12-11', 'CHECKIN', '2026-01-15 09:32:18', 'Employee check-in'),
(1418, 'E06', '2025-12-11', 'CHECKOUT', '2026-01-15 09:32:18', 'Employee check-out'),
(1419, 'E06', '2025-12-12', 'CHECKIN', '2026-01-15 09:32:18', 'Employee check-in'),
(1420, 'E06', '2025-12-12', 'CHECKOUT', '2026-01-15 09:32:18', 'Employee check-out'),
(1421, 'E06', '2025-12-13', 'CHECKIN', '2026-01-15 09:32:18', 'Employee check-in'),
(1422, 'E06', '2025-12-13', 'CHECKOUT', '2026-01-15 09:32:18', 'Employee check-out'),
(1423, 'E06', '2025-12-14', 'CHECKIN', '2026-01-15 09:32:18', 'Employee check-in'),
(1424, 'E06', '2025-12-14', 'CHECKOUT', '2026-01-15 09:32:18', 'Employee check-out'),
(1425, 'E06', '2025-12-15', 'CHECKIN', '2026-01-15 09:32:18', 'Employee check-in'),
(1426, 'E06', '2025-12-15', 'CHECKOUT', '2026-01-15 09:32:18', 'Employee check-out'),
(1427, 'E06', '2025-12-16', 'CHECKIN', '2026-01-15 09:32:18', 'Employee check-in'),
(1428, 'E06', '2025-12-16', 'CHECKOUT', '2026-01-15 09:32:18', 'Employee check-out'),
(1429, 'E06', '2025-12-17', 'CHECKIN', '2026-01-15 09:32:18', 'Employee check-in'),
(1430, 'E06', '2025-12-17', 'CHECKOUT', '2026-01-15 09:32:18', 'Employee check-out'),
(1431, 'E06', '2025-12-18', 'CHECKIN', '2026-01-15 09:32:18', 'Employee check-in'),
(1432, 'E06', '2025-12-18', 'CHECKOUT', '2026-01-15 09:32:18', 'Employee check-out'),
(1433, 'E06', '2025-12-19', 'CHECKIN', '2026-01-15 09:32:18', 'Employee check-in'),
(1434, 'E06', '2025-12-19', 'CHECKOUT', '2026-01-15 09:32:18', 'Employee check-out'),
(1435, 'E06', '2025-12-21', 'CHECKIN', '2026-01-15 09:32:18', 'Employee check-in'),
(1436, 'E06', '2025-12-21', 'CHECKOUT', '2026-01-15 09:32:18', 'Employee check-out'),
(1437, 'E06', '2025-12-22', 'CHECKIN', '2026-01-15 09:32:18', 'Employee check-in'),
(1438, 'E06', '2025-12-22', 'CHECKOUT', '2026-01-15 09:32:18', 'Employee check-out'),
(1439, 'E06', '2025-12-23', 'CHECKIN', '2026-01-15 09:32:18', 'Employee check-in'),
(1440, 'E06', '2025-12-23', 'CHECKOUT', '2026-01-15 09:32:18', 'Employee check-out'),
(1441, 'E06', '2025-12-24', 'CHECKIN', '2026-01-15 09:32:18', 'Employee check-in'),
(1442, 'E06', '2025-12-24', 'CHECKOUT', '2026-01-15 09:32:18', 'Employee check-out'),
(1443, 'E06', '2025-12-25', 'CHECKIN', '2026-01-15 09:32:18', 'Employee check-in'),
(1444, 'E06', '2025-12-25', 'CHECKOUT', '2026-01-15 09:32:18', 'Employee check-out'),
(1445, 'E07', '2025-06-01', 'CHECKIN', '2026-01-15 09:32:18', 'Employee check-in'),
(1446, 'E07', '2025-06-01', 'CHECKOUT', '2026-01-15 09:32:18', 'Employee check-out'),
(1447, 'E07', '2025-06-03', 'CHECKIN', '2026-01-15 09:32:18', 'Employee check-in'),
(1448, 'E07', '2025-06-03', 'CHECKOUT', '2026-01-15 09:32:18', 'Employee check-out'),
(1449, 'E07', '2025-06-04', 'CHECKIN', '2026-01-15 09:32:18', 'Employee check-in'),
(1450, 'E07', '2025-06-04', 'CHECKOUT', '2026-01-15 09:32:18', 'Employee check-out'),
(1451, 'E07', '2025-06-05', 'CHECKIN', '2026-01-15 09:32:18', 'Employee check-in'),
(1452, 'E07', '2025-06-05', 'CHECKOUT', '2026-01-15 09:32:18', 'Employee check-out'),
(1453, 'E07', '2025-06-06', 'CHECKIN', '2026-01-15 09:32:18', 'Employee check-in'),
(1454, 'E07', '2025-06-06', 'CHECKOUT', '2026-01-15 09:32:18', 'Employee check-out'),
(1455, 'E07', '2025-06-07', 'CHECKIN', '2026-01-15 09:32:18', 'Employee check-in'),
(1456, 'E07', '2025-06-07', 'CHECKOUT', '2026-01-15 09:32:18', 'Employee check-out'),
(1457, 'E07', '2025-06-08', 'CHECKIN', '2026-01-15 09:32:18', 'Employee check-in'),
(1458, 'E07', '2025-06-08', 'CHECKOUT', '2026-01-15 09:32:18', 'Employee check-out'),
(1459, 'E07', '2025-06-10', 'CHECKIN', '2026-01-15 09:32:18', 'Employee check-in'),
(1460, 'E07', '2025-06-10', 'CHECKOUT', '2026-01-15 09:32:18', 'Employee check-out'),
(1461, 'E07', '2025-06-11', 'CHECKIN', '2026-01-15 09:32:18', 'Employee check-in'),
(1462, 'E07', '2025-06-11', 'CHECKOUT', '2026-01-15 09:32:18', 'Employee check-out'),
(1463, 'E07', '2025-06-12', 'CHECKIN', '2026-01-15 09:32:18', 'Employee check-in'),
(1464, 'E07', '2025-06-12', 'CHECKOUT', '2026-01-15 09:32:18', 'Employee check-out'),
(1465, 'E07', '2025-06-13', 'CHECKIN', '2026-01-15 09:32:18', 'Employee check-in'),
(1466, 'E07', '2025-06-13', 'CHECKOUT', '2026-01-15 09:32:18', 'Employee check-out'),
(1467, 'E07', '2025-06-15', 'CHECKIN', '2026-01-15 09:32:18', 'Employee check-in'),
(1468, 'E07', '2025-06-15', 'CHECKOUT', '2026-01-15 09:32:18', 'Employee check-out'),
(1469, 'E07', '2025-06-17', 'CHECKIN', '2026-01-15 09:32:18', 'Employee check-in'),
(1470, 'E07', '2025-06-17', 'CHECKOUT', '2026-01-15 09:32:18', 'Employee check-out'),
(1471, 'E07', '2025-06-18', 'CHECKIN', '2026-01-15 09:32:18', 'Employee check-in'),
(1472, 'E07', '2025-06-18', 'CHECKOUT', '2026-01-15 09:32:18', 'Employee check-out'),
(1473, 'E07', '2025-06-19', 'CHECKIN', '2026-01-15 09:32:18', 'Employee check-in'),
(1474, 'E07', '2025-06-19', 'CHECKOUT', '2026-01-15 09:32:18', 'Employee check-out'),
(1475, 'E07', '2025-06-20', 'CHECKIN', '2026-01-15 09:32:18', 'Employee check-in'),
(1476, 'E07', '2025-06-20', 'CHECKOUT', '2026-01-15 09:32:18', 'Employee check-out'),
(1477, 'E07', '2025-06-22', 'CHECKIN', '2026-01-15 09:32:18', 'Employee check-in'),
(1478, 'E07', '2025-06-22', 'CHECKOUT', '2026-01-15 09:32:18', 'Employee check-out'),
(1479, 'E07', '2025-06-23', 'CHECKIN', '2026-01-15 09:32:18', 'Employee check-in'),
(1480, 'E07', '2025-06-23', 'CHECKOUT', '2026-01-15 09:32:18', 'Employee check-out'),
(1481, 'E07', '2025-06-24', 'CHECKIN', '2026-01-15 09:32:18', 'Employee check-in'),
(1482, 'E07', '2025-06-24', 'CHECKOUT', '2026-01-15 09:32:18', 'Employee check-out'),
(1483, 'E07', '2025-06-26', 'CHECKIN', '2026-01-15 09:32:18', 'Employee check-in'),
(1484, 'E07', '2025-06-26', 'CHECKOUT', '2026-01-15 09:32:18', 'Employee check-out'),
(1485, 'E07', '2025-07-01', 'CHECKIN', '2026-01-15 09:32:18', 'Employee check-in'),
(1486, 'E07', '2025-07-01', 'CHECKOUT', '2026-01-15 09:32:18', 'Employee check-out'),
(1487, 'E07', '2025-07-02', 'CHECKIN', '2026-01-15 09:32:18', 'Employee check-in'),
(1488, 'E07', '2025-07-02', 'CHECKOUT', '2026-01-15 09:32:18', 'Employee check-out'),
(1489, 'E07', '2025-07-04', 'CHECKIN', '2026-01-15 09:32:18', 'Employee check-in'),
(1490, 'E07', '2025-07-04', 'CHECKOUT', '2026-01-15 09:32:18', 'Employee check-out'),
(1491, 'E07', '2025-07-05', 'CHECKIN', '2026-01-15 09:32:18', 'Employee check-in'),
(1492, 'E07', '2025-07-05', 'CHECKOUT', '2026-01-15 09:32:18', 'Employee check-out'),
(1493, 'E07', '2025-07-06', 'CHECKIN', '2026-01-15 09:32:18', 'Employee check-in'),
(1494, 'E07', '2025-07-06', 'CHECKOUT', '2026-01-15 09:32:18', 'Employee check-out'),
(1495, 'E07', '2025-07-07', 'CHECKIN', '2026-01-15 09:32:18', 'Employee check-in'),
(1496, 'E07', '2025-07-07', 'CHECKOUT', '2026-01-15 09:32:18', 'Employee check-out'),
(1497, 'E07', '2025-07-08', 'CHECKIN', '2026-01-15 09:32:18', 'Employee check-in'),
(1498, 'E07', '2025-07-08', 'CHECKOUT', '2026-01-15 09:32:18', 'Employee check-out'),
(1499, 'E07', '2025-07-09', 'CHECKIN', '2026-01-15 09:32:18', 'Employee check-in'),
(1500, 'E07', '2025-07-09', 'CHECKOUT', '2026-01-15 09:32:18', 'Employee check-out'),
(1501, 'E07', '2025-07-11', 'CHECKIN', '2026-01-15 09:32:18', 'Employee check-in'),
(1502, 'E07', '2025-07-11', 'CHECKOUT', '2026-01-15 09:32:18', 'Employee check-out'),
(1503, 'E07', '2025-07-13', 'CHECKIN', '2026-01-15 09:32:18', 'Employee check-in'),
(1504, 'E07', '2025-07-13', 'CHECKOUT', '2026-01-15 09:32:18', 'Employee check-out'),
(1505, 'E07', '2025-07-14', 'CHECKIN', '2026-01-15 09:32:18', 'Employee check-in'),
(1506, 'E07', '2025-07-14', 'CHECKOUT', '2026-01-15 09:32:18', 'Employee check-out'),
(1507, 'E07', '2025-07-15', 'CHECKIN', '2026-01-15 09:32:18', 'Employee check-in'),
(1508, 'E07', '2025-07-15', 'CHECKOUT', '2026-01-15 09:32:18', 'Employee check-out'),
(1509, 'E07', '2025-07-16', 'CHECKIN', '2026-01-15 09:32:18', 'Employee check-in'),
(1510, 'E07', '2025-07-16', 'CHECKOUT', '2026-01-15 09:32:18', 'Employee check-out'),
(1511, 'E07', '2025-07-17', 'CHECKIN', '2026-01-15 09:32:18', 'Employee check-in'),
(1512, 'E07', '2025-07-17', 'CHECKOUT', '2026-01-15 09:32:18', 'Employee check-out'),
(1513, 'E07', '2025-07-18', 'CHECKIN', '2026-01-15 09:32:18', 'Employee check-in'),
(1514, 'E07', '2025-07-18', 'CHECKOUT', '2026-01-15 09:32:18', 'Employee check-out'),
(1515, 'E07', '2025-07-21', 'CHECKIN', '2026-01-15 09:32:18', 'Employee check-in'),
(1516, 'E07', '2025-07-21', 'CHECKOUT', '2026-01-15 09:32:18', 'Employee check-out'),
(1517, 'E07', '2025-07-23', 'CHECKIN', '2026-01-15 09:32:18', 'Employee check-in'),
(1518, 'E07', '2025-07-23', 'CHECKOUT', '2026-01-15 09:32:18', 'Employee check-out'),
(1519, 'E07', '2025-07-24', 'CHECKIN', '2026-01-15 09:32:18', 'Employee check-in'),
(1520, 'E07', '2025-07-24', 'CHECKOUT', '2026-01-15 09:32:18', 'Employee check-out'),
(1521, 'E07', '2025-07-25', 'CHECKIN', '2026-01-15 09:32:18', 'Employee check-in'),
(1522, 'E07', '2025-07-25', 'CHECKOUT', '2026-01-15 09:32:18', 'Employee check-out'),
(1523, 'E07', '2025-07-26', 'CHECKIN', '2026-01-15 09:32:18', 'Employee check-in'),
(1524, 'E07', '2025-07-26', 'CHECKOUT', '2026-01-15 09:32:18', 'Employee check-out'),
(1525, 'E07', '2025-08-01', 'CHECKIN', '2026-01-15 09:32:18', 'Employee check-in'),
(1526, 'E07', '2025-08-01', 'CHECKOUT', '2026-01-15 09:32:18', 'Employee check-out'),
(1527, 'E07', '2025-08-02', 'CHECKIN', '2026-01-15 09:32:18', 'Employee check-in'),
(1528, 'E07', '2025-08-02', 'CHECKOUT', '2026-01-15 09:32:18', 'Employee check-out'),
(1529, 'E07', '2025-08-04', 'CHECKIN', '2026-01-15 09:32:18', 'Employee check-in'),
(1530, 'E07', '2025-08-04', 'CHECKOUT', '2026-01-15 09:32:18', 'Employee check-out'),
(1531, 'E07', '2025-08-05', 'CHECKIN', '2026-01-15 09:32:18', 'Employee check-in'),
(1532, 'E07', '2025-08-05', 'CHECKOUT', '2026-01-15 09:32:18', 'Employee check-out'),
(1533, 'E07', '2025-08-07', 'CHECKIN', '2026-01-15 09:32:18', 'Employee check-in'),
(1534, 'E07', '2025-08-07', 'CHECKOUT', '2026-01-15 09:32:18', 'Employee check-out'),
(1535, 'E07', '2025-08-08', 'CHECKIN', '2026-01-15 09:32:18', 'Employee check-in'),
(1536, 'E07', '2025-08-08', 'CHECKOUT', '2026-01-15 09:32:18', 'Employee check-out'),
(1537, 'E07', '2025-08-09', 'CHECKIN', '2026-01-15 09:32:18', 'Employee check-in'),
(1538, 'E07', '2025-08-09', 'CHECKOUT', '2026-01-15 09:32:18', 'Employee check-out'),
(1539, 'E07', '2025-08-11', 'CHECKIN', '2026-01-15 09:32:18', 'Employee check-in'),
(1540, 'E07', '2025-08-11', 'CHECKOUT', '2026-01-15 09:32:18', 'Employee check-out'),
(1541, 'E07', '2025-08-12', 'CHECKIN', '2026-01-15 09:32:18', 'Employee check-in'),
(1542, 'E07', '2025-08-12', 'CHECKOUT', '2026-01-15 09:32:18', 'Employee check-out'),
(1543, 'E07', '2025-08-13', 'CHECKIN', '2026-01-15 09:32:18', 'Employee check-in'),
(1544, 'E07', '2025-08-13', 'CHECKOUT', '2026-01-15 09:32:18', 'Employee check-out'),
(1545, 'E07', '2025-08-14', 'CHECKIN', '2026-01-15 09:32:18', 'Employee check-in'),
(1546, 'E07', '2025-08-14', 'CHECKOUT', '2026-01-15 09:32:18', 'Employee check-out'),
(1547, 'E07', '2025-08-15', 'CHECKIN', '2026-01-15 09:32:18', 'Employee check-in'),
(1548, 'E07', '2025-08-15', 'CHECKOUT', '2026-01-15 09:32:18', 'Employee check-out'),
(1549, 'E07', '2025-08-16', 'CHECKIN', '2026-01-15 09:32:18', 'Employee check-in'),
(1550, 'E07', '2025-08-16', 'CHECKOUT', '2026-01-15 09:32:18', 'Employee check-out'),
(1551, 'E07', '2025-08-17', 'CHECKIN', '2026-01-15 09:32:18', 'Employee check-in'),
(1552, 'E07', '2025-08-17', 'CHECKOUT', '2026-01-15 09:32:18', 'Employee check-out'),
(1553, 'E07', '2025-08-18', 'CHECKIN', '2026-01-15 09:32:18', 'Employee check-in'),
(1554, 'E07', '2025-08-18', 'CHECKOUT', '2026-01-15 09:32:18', 'Employee check-out'),
(1555, 'E07', '2025-08-19', 'CHECKIN', '2026-01-15 09:32:18', 'Employee check-in'),
(1556, 'E07', '2025-08-19', 'CHECKOUT', '2026-01-15 09:32:18', 'Employee check-out'),
(1557, 'E07', '2025-08-20', 'CHECKIN', '2026-01-15 09:32:18', 'Employee check-in'),
(1558, 'E07', '2025-08-20', 'CHECKOUT', '2026-01-15 09:32:18', 'Employee check-out'),
(1559, 'E07', '2025-08-21', 'CHECKIN', '2026-01-15 09:32:18', 'Employee check-in'),
(1560, 'E07', '2025-08-21', 'CHECKOUT', '2026-01-15 09:32:18', 'Employee check-out'),
(1561, 'E07', '2025-08-22', 'CHECKIN', '2026-01-15 09:32:18', 'Employee check-in'),
(1562, 'E07', '2025-08-22', 'CHECKOUT', '2026-01-15 09:32:18', 'Employee check-out'),
(1563, 'E07', '2025-08-24', 'CHECKIN', '2026-01-15 09:32:18', 'Employee check-in'),
(1564, 'E07', '2025-08-24', 'CHECKOUT', '2026-01-15 09:32:19', 'Employee check-out'),
(1565, 'E07', '2025-08-26', 'CHECKIN', '2026-01-15 09:32:19', 'Employee check-in'),
(1566, 'E07', '2025-08-26', 'CHECKOUT', '2026-01-15 09:32:19', 'Employee check-out'),
(1567, 'E07', '2025-09-01', 'CHECKIN', '2026-01-15 09:32:19', 'Employee check-in'),
(1568, 'E07', '2025-09-01', 'CHECKOUT', '2026-01-15 09:32:19', 'Employee check-out'),
(1569, 'E07', '2025-09-02', 'CHECKIN', '2026-01-15 09:32:19', 'Employee check-in'),
(1570, 'E07', '2025-09-02', 'CHECKOUT', '2026-01-15 09:32:19', 'Employee check-out'),
(1571, 'E07', '2025-09-03', 'CHECKIN', '2026-01-15 09:32:19', 'Employee check-in'),
(1572, 'E07', '2025-09-03', 'CHECKOUT', '2026-01-15 09:32:19', 'Employee check-out'),
(1573, 'E07', '2025-09-04', 'CHECKIN', '2026-01-15 09:32:19', 'Employee check-in'),
(1574, 'E07', '2025-09-04', 'CHECKOUT', '2026-01-15 09:32:19', 'Employee check-out'),
(1575, 'E07', '2025-09-05', 'CHECKIN', '2026-01-15 09:32:19', 'Employee check-in'),
(1576, 'E07', '2025-09-05', 'CHECKOUT', '2026-01-15 09:32:19', 'Employee check-out'),
(1577, 'E07', '2025-09-07', 'CHECKIN', '2026-01-15 09:32:19', 'Employee check-in'),
(1578, 'E07', '2025-09-07', 'CHECKOUT', '2026-01-15 09:32:19', 'Employee check-out'),
(1579, 'E07', '2025-09-09', 'CHECKIN', '2026-01-15 09:32:19', 'Employee check-in'),
(1580, 'E07', '2025-09-09', 'CHECKOUT', '2026-01-15 09:32:19', 'Employee check-out'),
(1581, 'E07', '2025-09-10', 'CHECKIN', '2026-01-15 09:32:19', 'Employee check-in'),
(1582, 'E07', '2025-09-10', 'CHECKOUT', '2026-01-15 09:32:19', 'Employee check-out'),
(1583, 'E07', '2025-09-11', 'CHECKIN', '2026-01-15 09:32:19', 'Employee check-in'),
(1584, 'E07', '2025-09-11', 'CHECKOUT', '2026-01-15 09:32:19', 'Employee check-out'),
(1585, 'E07', '2025-09-12', 'CHECKIN', '2026-01-15 09:32:19', 'Employee check-in'),
(1586, 'E07', '2025-09-12', 'CHECKOUT', '2026-01-15 09:32:19', 'Employee check-out'),
(1587, 'E07', '2025-09-13', 'CHECKIN', '2026-01-15 09:32:19', 'Employee check-in'),
(1588, 'E07', '2025-09-13', 'CHECKOUT', '2026-01-15 09:32:19', 'Employee check-out'),
(1589, 'E07', '2025-09-14', 'CHECKIN', '2026-01-15 09:32:19', 'Employee check-in'),
(1590, 'E07', '2025-09-14', 'CHECKOUT', '2026-01-15 09:32:19', 'Employee check-out'),
(1591, 'E07', '2025-09-15', 'CHECKIN', '2026-01-15 09:32:19', 'Employee check-in'),
(1592, 'E07', '2025-09-15', 'CHECKOUT', '2026-01-15 09:32:19', 'Employee check-out'),
(1593, 'E07', '2025-09-16', 'CHECKIN', '2026-01-15 09:32:19', 'Employee check-in'),
(1594, 'E07', '2025-09-16', 'CHECKOUT', '2026-01-15 09:32:19', 'Employee check-out'),
(1595, 'E07', '2025-09-17', 'CHECKIN', '2026-01-15 09:32:19', 'Employee check-in'),
(1596, 'E07', '2025-09-17', 'CHECKOUT', '2026-01-15 09:32:19', 'Employee check-out'),
(1597, 'E07', '2025-09-18', 'CHECKIN', '2026-01-15 09:32:19', 'Employee check-in'),
(1598, 'E07', '2025-09-18', 'CHECKOUT', '2026-01-15 09:32:19', 'Employee check-out'),
(1599, 'E07', '2025-09-19', 'CHECKIN', '2026-01-15 09:32:19', 'Employee check-in'),
(1600, 'E07', '2025-09-19', 'CHECKOUT', '2026-01-15 09:32:19', 'Employee check-out'),
(1601, 'E07', '2025-09-20', 'CHECKIN', '2026-01-15 09:32:19', 'Employee check-in'),
(1602, 'E07', '2025-09-20', 'CHECKOUT', '2026-01-15 09:32:19', 'Employee check-out'),
(1603, 'E07', '2025-09-21', 'CHECKIN', '2026-01-15 09:32:19', 'Employee check-in'),
(1604, 'E07', '2025-09-21', 'CHECKOUT', '2026-01-15 09:32:19', 'Employee check-out'),
(1605, 'E07', '2025-09-22', 'CHECKIN', '2026-01-15 09:32:19', 'Employee check-in'),
(1606, 'E07', '2025-09-22', 'CHECKOUT', '2026-01-15 09:32:19', 'Employee check-out'),
(1607, 'E07', '2025-09-23', 'CHECKIN', '2026-01-15 09:32:19', 'Employee check-in'),
(1608, 'E07', '2025-09-23', 'CHECKOUT', '2026-01-15 09:32:19', 'Employee check-out'),
(1609, 'E07', '2025-09-25', 'CHECKIN', '2026-01-15 09:32:19', 'Employee check-in'),
(1610, 'E07', '2025-09-25', 'CHECKOUT', '2026-01-15 09:32:19', 'Employee check-out'),
(1611, 'E07', '2025-09-26', 'CHECKIN', '2026-01-15 09:32:19', 'Employee check-in'),
(1612, 'E07', '2025-09-26', 'CHECKOUT', '2026-01-15 09:32:19', 'Employee check-out'),
(1613, 'E07', '2025-10-01', 'CHECKIN', '2026-01-15 09:32:19', 'Employee check-in'),
(1614, 'E07', '2025-10-01', 'CHECKOUT', '2026-01-15 09:32:19', 'Employee check-out'),
(1615, 'E07', '2025-10-02', 'CHECKIN', '2026-01-15 09:32:19', 'Employee check-in'),
(1616, 'E07', '2025-10-02', 'CHECKOUT', '2026-01-15 09:32:19', 'Employee check-out'),
(1617, 'E07', '2025-10-04', 'CHECKIN', '2026-01-15 09:32:19', 'Employee check-in'),
(1618, 'E07', '2025-10-04', 'CHECKOUT', '2026-01-15 09:32:19', 'Employee check-out'),
(1619, 'E07', '2025-10-05', 'CHECKIN', '2026-01-15 09:32:19', 'Employee check-in'),
(1620, 'E07', '2025-10-05', 'CHECKOUT', '2026-01-15 09:32:19', 'Employee check-out'),
(1621, 'E07', '2025-10-06', 'CHECKIN', '2026-01-15 09:32:19', 'Employee check-in'),
(1622, 'E07', '2025-10-06', 'CHECKOUT', '2026-01-15 09:32:19', 'Employee check-out'),
(1623, 'E07', '2025-10-08', 'CHECKIN', '2026-01-15 09:32:19', 'Employee check-in'),
(1624, 'E07', '2025-10-08', 'CHECKOUT', '2026-01-15 09:32:19', 'Employee check-out'),
(1625, 'E07', '2025-10-09', 'CHECKIN', '2026-01-15 09:32:19', 'Employee check-in'),
(1626, 'E07', '2025-10-09', 'CHECKOUT', '2026-01-15 09:32:19', 'Employee check-out'),
(1627, 'E07', '2025-10-10', 'CHECKIN', '2026-01-15 09:32:19', 'Employee check-in'),
(1628, 'E07', '2025-10-10', 'CHECKOUT', '2026-01-15 09:32:19', 'Employee check-out'),
(1629, 'E07', '2025-10-11', 'CHECKIN', '2026-01-15 09:32:19', 'Employee check-in'),
(1630, 'E07', '2025-10-11', 'CHECKOUT', '2026-01-15 09:32:19', 'Employee check-out'),
(1631, 'E07', '2025-10-13', 'CHECKIN', '2026-01-15 09:32:19', 'Employee check-in'),
(1632, 'E07', '2025-10-13', 'CHECKOUT', '2026-01-15 09:32:19', 'Employee check-out'),
(1633, 'E07', '2025-10-14', 'CHECKIN', '2026-01-15 09:32:19', 'Employee check-in'),
(1634, 'E07', '2025-10-14', 'CHECKOUT', '2026-01-15 09:32:19', 'Employee check-out'),
(1635, 'E07', '2025-10-15', 'CHECKIN', '2026-01-15 09:32:19', 'Employee check-in'),
(1636, 'E07', '2025-10-15', 'CHECKOUT', '2026-01-15 09:32:19', 'Employee check-out'),
(1637, 'E07', '2025-10-17', 'CHECKIN', '2026-01-15 09:32:19', 'Employee check-in'),
(1638, 'E07', '2025-10-17', 'CHECKOUT', '2026-01-15 09:32:19', 'Employee check-out'),
(1639, 'E07', '2025-10-18', 'CHECKIN', '2026-01-15 09:32:19', 'Employee check-in'),
(1640, 'E07', '2025-10-18', 'CHECKOUT', '2026-01-15 09:32:19', 'Employee check-out'),
(1641, 'E07', '2025-10-19', 'CHECKIN', '2026-01-15 09:32:19', 'Employee check-in'),
(1642, 'E07', '2025-10-19', 'CHECKOUT', '2026-01-15 09:32:19', 'Employee check-out'),
(1643, 'E07', '2025-10-21', 'CHECKIN', '2026-01-15 09:32:19', 'Employee check-in'),
(1644, 'E07', '2025-10-21', 'CHECKOUT', '2026-01-15 09:32:19', 'Employee check-out'),
(1645, 'E07', '2025-10-22', 'CHECKIN', '2026-01-15 09:32:19', 'Employee check-in'),
(1646, 'E07', '2025-10-22', 'CHECKOUT', '2026-01-15 09:32:19', 'Employee check-out'),
(1647, 'E07', '2025-10-23', 'CHECKIN', '2026-01-15 09:32:19', 'Employee check-in'),
(1648, 'E07', '2025-10-23', 'CHECKOUT', '2026-01-15 09:32:19', 'Employee check-out'),
(1649, 'E07', '2025-10-24', 'CHECKIN', '2026-01-15 09:32:19', 'Employee check-in'),
(1650, 'E07', '2025-10-24', 'CHECKOUT', '2026-01-15 09:32:19', 'Employee check-out'),
(1651, 'E07', '2025-10-25', 'CHECKIN', '2026-01-15 09:32:19', 'Employee check-in'),
(1652, 'E07', '2025-10-25', 'CHECKOUT', '2026-01-15 09:32:19', 'Employee check-out'),
(1653, 'E07', '2025-10-26', 'CHECKIN', '2026-01-15 09:32:19', 'Employee check-in'),
(1654, 'E07', '2025-10-26', 'CHECKOUT', '2026-01-15 09:32:19', 'Employee check-out'),
(1655, 'E07', '2025-11-01', 'CHECKIN', '2026-01-15 09:32:19', 'Employee check-in'),
(1656, 'E07', '2025-11-01', 'CHECKOUT', '2026-01-15 09:32:19', 'Employee check-out'),
(1657, 'E07', '2025-11-02', 'CHECKIN', '2026-01-15 09:32:19', 'Employee check-in'),
(1658, 'E07', '2025-11-02', 'CHECKOUT', '2026-01-15 09:32:19', 'Employee check-out'),
(1659, 'E07', '2025-11-04', 'CHECKIN', '2026-01-15 09:32:19', 'Employee check-in'),
(1660, 'E07', '2025-11-04', 'CHECKOUT', '2026-01-15 09:32:19', 'Employee check-out'),
(1661, 'E07', '2025-11-05', 'CHECKIN', '2026-01-15 09:32:19', 'Employee check-in'),
(1662, 'E07', '2025-11-05', 'CHECKOUT', '2026-01-15 09:32:19', 'Employee check-out'),
(1663, 'E07', '2025-11-07', 'CHECKIN', '2026-01-15 09:32:19', 'Employee check-in'),
(1664, 'E07', '2025-11-07', 'CHECKOUT', '2026-01-15 09:32:19', 'Employee check-out'),
(1665, 'E07', '2025-11-09', 'CHECKIN', '2026-01-15 09:32:19', 'Employee check-in'),
(1666, 'E07', '2025-11-09', 'CHECKOUT', '2026-01-15 09:32:19', 'Employee check-out'),
(1667, 'E07', '2025-11-10', 'CHECKIN', '2026-01-15 09:32:19', 'Employee check-in'),
(1668, 'E07', '2025-11-10', 'CHECKOUT', '2026-01-15 09:32:19', 'Employee check-out'),
(1669, 'E07', '2025-11-11', 'CHECKIN', '2026-01-15 09:32:19', 'Employee check-in'),
(1670, 'E07', '2025-11-11', 'CHECKOUT', '2026-01-15 09:32:19', 'Employee check-out'),
(1671, 'E07', '2025-11-12', 'CHECKIN', '2026-01-15 09:32:19', 'Employee check-in'),
(1672, 'E07', '2025-11-12', 'CHECKOUT', '2026-01-15 09:32:19', 'Employee check-out'),
(1673, 'E07', '2025-11-13', 'CHECKIN', '2026-01-15 09:32:19', 'Employee check-in'),
(1674, 'E07', '2025-11-13', 'CHECKOUT', '2026-01-15 09:32:19', 'Employee check-out'),
(1675, 'E07', '2025-11-14', 'CHECKIN', '2026-01-15 09:32:19', 'Employee check-in'),
(1676, 'E07', '2025-11-14', 'CHECKOUT', '2026-01-15 09:32:19', 'Employee check-out'),
(1677, 'E07', '2025-11-15', 'CHECKIN', '2026-01-15 09:32:19', 'Employee check-in'),
(1678, 'E07', '2025-11-15', 'CHECKOUT', '2026-01-15 09:32:19', 'Employee check-out'),
(1679, 'E07', '2025-11-16', 'CHECKIN', '2026-01-15 09:32:19', 'Employee check-in'),
(1680, 'E07', '2025-11-16', 'CHECKOUT', '2026-01-15 09:32:19', 'Employee check-out'),
(1681, 'E07', '2025-11-17', 'CHECKIN', '2026-01-15 09:32:19', 'Employee check-in'),
(1682, 'E07', '2025-11-17', 'CHECKOUT', '2026-01-15 09:32:19', 'Employee check-out'),
(1683, 'E07', '2025-11-18', 'CHECKIN', '2026-01-15 09:32:19', 'Employee check-in'),
(1684, 'E07', '2025-11-18', 'CHECKOUT', '2026-01-15 09:32:19', 'Employee check-out'),
(1685, 'E07', '2025-11-19', 'CHECKIN', '2026-01-15 09:32:19', 'Employee check-in'),
(1686, 'E07', '2025-11-19', 'CHECKOUT', '2026-01-15 09:32:19', 'Employee check-out'),
(1687, 'E07', '2025-11-20', 'CHECKIN', '2026-01-15 09:32:19', 'Employee check-in'),
(1688, 'E07', '2025-11-20', 'CHECKOUT', '2026-01-15 09:32:19', 'Employee check-out'),
(1689, 'E07', '2025-11-21', 'CHECKIN', '2026-01-15 09:32:19', 'Employee check-in'),
(1690, 'E07', '2025-11-21', 'CHECKOUT', '2026-01-15 09:32:19', 'Employee check-out'),
(1691, 'E07', '2025-11-22', 'CHECKIN', '2026-01-15 09:32:19', 'Employee check-in'),
(1692, 'E07', '2025-11-22', 'CHECKOUT', '2026-01-15 09:32:19', 'Employee check-out'),
(1693, 'E07', '2025-11-23', 'CHECKIN', '2026-01-15 09:32:19', 'Employee check-in'),
(1694, 'E07', '2025-11-23', 'CHECKOUT', '2026-01-15 09:32:19', 'Employee check-out'),
(1695, 'E07', '2025-11-24', 'CHECKIN', '2026-01-15 09:32:19', 'Employee check-in'),
(1696, 'E07', '2025-11-24', 'CHECKOUT', '2026-01-15 09:32:19', 'Employee check-out'),
(1697, 'E07', '2025-11-26', 'CHECKIN', '2026-01-15 09:32:19', 'Employee check-in'),
(1698, 'E07', '2025-11-26', 'CHECKOUT', '2026-01-15 09:32:19', 'Employee check-out'),
(1699, 'E07', '2025-12-01', 'CHECKIN', '2026-01-15 09:32:19', 'Employee check-in'),
(1700, 'E07', '2025-12-01', 'CHECKOUT', '2026-01-15 09:32:19', 'Employee check-out'),
(1701, 'E07', '2025-12-02', 'CHECKIN', '2026-01-15 09:32:19', 'Employee check-in'),
(1702, 'E07', '2025-12-02', 'CHECKOUT', '2026-01-15 09:32:19', 'Employee check-out'),
(1703, 'E07', '2025-12-03', 'CHECKIN', '2026-01-15 09:32:19', 'Employee check-in'),
(1704, 'E07', '2025-12-03', 'CHECKOUT', '2026-01-15 09:32:19', 'Employee check-out'),
(1705, 'E07', '2025-12-05', 'CHECKIN', '2026-01-15 09:32:19', 'Employee check-in'),
(1706, 'E07', '2025-12-05', 'CHECKOUT', '2026-01-15 09:32:19', 'Employee check-out'),
(1707, 'E07', '2025-12-06', 'CHECKIN', '2026-01-15 09:32:19', 'Employee check-in'),
(1708, 'E07', '2025-12-06', 'CHECKOUT', '2026-01-15 09:32:19', 'Employee check-out'),
(1709, 'E07', '2025-12-08', 'CHECKIN', '2026-01-15 09:32:19', 'Employee check-in'),
(1710, 'E07', '2025-12-08', 'CHECKOUT', '2026-01-15 09:32:19', 'Employee check-out'),
(1711, 'E07', '2025-12-09', 'CHECKIN', '2026-01-15 09:32:19', 'Employee check-in'),
(1712, 'E07', '2025-12-09', 'CHECKOUT', '2026-01-15 09:32:19', 'Employee check-out'),
(1713, 'E07', '2025-12-11', 'CHECKIN', '2026-01-15 09:32:19', 'Employee check-in'),
(1714, 'E07', '2025-12-11', 'CHECKOUT', '2026-01-15 09:32:19', 'Employee check-out'),
(1715, 'E07', '2025-12-12', 'CHECKIN', '2026-01-15 09:32:19', 'Employee check-in'),
(1716, 'E07', '2025-12-12', 'CHECKOUT', '2026-01-15 09:32:19', 'Employee check-out'),
(1717, 'E07', '2025-12-14', 'CHECKIN', '2026-01-15 09:32:19', 'Employee check-in'),
(1718, 'E07', '2025-12-14', 'CHECKOUT', '2026-01-15 09:32:19', 'Employee check-out'),
(1719, 'E07', '2025-12-15', 'CHECKIN', '2026-01-15 09:32:19', 'Employee check-in'),
(1720, 'E07', '2025-12-15', 'CHECKOUT', '2026-01-15 09:32:19', 'Employee check-out'),
(1721, 'E07', '2025-12-16', 'CHECKIN', '2026-01-15 09:32:19', 'Employee check-in'),
(1722, 'E07', '2025-12-16', 'CHECKOUT', '2026-01-15 09:32:19', 'Employee check-out'),
(1723, 'E07', '2025-12-17', 'CHECKIN', '2026-01-15 09:32:19', 'Employee check-in'),
(1724, 'E07', '2025-12-17', 'CHECKOUT', '2026-01-15 09:32:19', 'Employee check-out'),
(1725, 'E07', '2025-12-19', 'CHECKIN', '2026-01-15 09:32:19', 'Employee check-in'),
(1726, 'E07', '2025-12-19', 'CHECKOUT', '2026-01-15 09:32:19', 'Employee check-out'),
(1727, 'E07', '2025-12-20', 'CHECKIN', '2026-01-15 09:32:19', 'Employee check-in'),
(1728, 'E07', '2025-12-20', 'CHECKOUT', '2026-01-15 09:32:19', 'Employee check-out'),
(1729, 'E07', '2025-12-22', 'CHECKIN', '2026-01-15 09:32:19', 'Employee check-in'),
(1730, 'E07', '2025-12-22', 'CHECKOUT', '2026-01-15 09:32:19', 'Employee check-out'),
(1731, 'E07', '2025-12-23', 'CHECKIN', '2026-01-15 09:32:19', 'Employee check-in'),
(1732, 'E07', '2025-12-23', 'CHECKOUT', '2026-01-15 09:32:19', 'Employee check-out'),
(1733, 'E07', '2025-12-25', 'CHECKIN', '2026-01-15 09:32:19', 'Employee check-in'),
(1734, 'E07', '2025-12-25', 'CHECKOUT', '2026-01-15 09:32:19', 'Employee check-out'),
(1735, 'E07', '2025-12-26', 'CHECKIN', '2026-01-15 09:32:19', 'Employee check-in'),
(1736, 'E07', '2025-12-26', 'CHECKOUT', '2026-01-15 09:32:19', 'Employee check-out'),
(1737, 'E08', '2025-06-02', 'CHECKIN', '2026-01-15 09:32:19', 'Employee check-in'),
(1738, 'E08', '2025-06-02', 'CHECKOUT', '2026-01-15 09:32:19', 'Employee check-out'),
(1739, 'E08', '2025-06-03', 'CHECKIN', '2026-01-15 09:32:19', 'Employee check-in'),
(1740, 'E08', '2025-06-03', 'CHECKOUT', '2026-01-15 09:32:19', 'Employee check-out'),
(1741, 'E08', '2025-06-05', 'CHECKIN', '2026-01-15 09:32:19', 'Employee check-in'),
(1742, 'E08', '2025-06-05', 'CHECKOUT', '2026-01-15 09:32:19', 'Employee check-out'),
(1743, 'E08', '2025-06-06', 'CHECKIN', '2026-01-15 09:32:19', 'Employee check-in'),
(1744, 'E08', '2025-06-06', 'CHECKOUT', '2026-01-15 09:32:19', 'Employee check-out'),
(1745, 'E08', '2025-06-07', 'CHECKIN', '2026-01-15 09:32:19', 'Employee check-in'),
(1746, 'E08', '2025-06-07', 'CHECKOUT', '2026-01-15 09:32:19', 'Employee check-out'),
(1747, 'E08', '2025-06-08', 'CHECKIN', '2026-01-15 09:32:19', 'Employee check-in'),
(1748, 'E08', '2025-06-08', 'CHECKOUT', '2026-01-15 09:32:19', 'Employee check-out'),
(1749, 'E08', '2025-06-09', 'CHECKIN', '2026-01-15 09:32:19', 'Employee check-in'),
(1750, 'E08', '2025-06-09', 'CHECKOUT', '2026-01-15 09:32:19', 'Employee check-out'),
(1751, 'E08', '2025-06-10', 'CHECKIN', '2026-01-15 09:32:19', 'Employee check-in'),
(1752, 'E08', '2025-06-10', 'CHECKOUT', '2026-01-15 09:32:19', 'Employee check-out'),
(1753, 'E08', '2025-06-11', 'CHECKIN', '2026-01-15 09:32:19', 'Employee check-in'),
(1754, 'E08', '2025-06-11', 'CHECKOUT', '2026-01-15 09:32:19', 'Employee check-out'),
(1755, 'E08', '2025-06-12', 'CHECKIN', '2026-01-15 09:32:19', 'Employee check-in'),
(1756, 'E08', '2025-06-12', 'CHECKOUT', '2026-01-15 09:32:19', 'Employee check-out'),
(1757, 'E08', '2025-06-13', 'CHECKIN', '2026-01-15 09:32:19', 'Employee check-in'),
(1758, 'E08', '2025-06-13', 'CHECKOUT', '2026-01-15 09:32:19', 'Employee check-out'),
(1759, 'E08', '2025-06-14', 'CHECKIN', '2026-01-15 09:32:19', 'Employee check-in'),
(1760, 'E08', '2025-06-14', 'CHECKOUT', '2026-01-15 09:32:19', 'Employee check-out'),
(1761, 'E08', '2025-06-16', 'CHECKIN', '2026-01-15 09:32:19', 'Employee check-in'),
(1762, 'E08', '2025-06-16', 'CHECKOUT', '2026-01-15 09:32:19', 'Employee check-out'),
(1763, 'E08', '2025-06-18', 'CHECKIN', '2026-01-15 09:32:19', 'Employee check-in'),
(1764, 'E08', '2025-06-18', 'CHECKOUT', '2026-01-15 09:32:19', 'Employee check-out'),
(1765, 'E08', '2025-06-19', 'CHECKIN', '2026-01-15 09:32:19', 'Employee check-in'),
(1766, 'E08', '2025-06-19', 'CHECKOUT', '2026-01-15 09:32:19', 'Employee check-out'),
(1767, 'E08', '2025-06-22', 'CHECKIN', '2026-01-15 09:32:19', 'Employee check-in'),
(1768, 'E08', '2025-06-22', 'CHECKOUT', '2026-01-15 09:32:19', 'Employee check-out'),
(1769, 'E08', '2025-06-23', 'CHECKIN', '2026-01-15 09:32:19', 'Employee check-in'),
(1770, 'E08', '2025-06-23', 'CHECKOUT', '2026-01-15 09:32:19', 'Employee check-out'),
(1771, 'E08', '2025-06-24', 'CHECKIN', '2026-01-15 09:32:19', 'Employee check-in'),
(1772, 'E08', '2025-06-24', 'CHECKOUT', '2026-01-15 09:32:19', 'Employee check-out'),
(1773, 'E08', '2025-06-25', 'CHECKIN', '2026-01-15 09:32:19', 'Employee check-in'),
(1774, 'E08', '2025-06-25', 'CHECKOUT', '2026-01-15 09:32:19', 'Employee check-out'),
(1775, 'E08', '2025-06-26', 'CHECKIN', '2026-01-15 09:32:19', 'Employee check-in'),
(1776, 'E08', '2025-06-26', 'CHECKOUT', '2026-01-15 09:32:19', 'Employee check-out'),
(1777, 'E08', '2025-07-01', 'CHECKIN', '2026-01-15 09:32:19', 'Employee check-in'),
(1778, 'E08', '2025-07-01', 'CHECKOUT', '2026-01-15 09:32:19', 'Employee check-out'),
(1779, 'E08', '2025-07-02', 'CHECKIN', '2026-01-15 09:32:19', 'Employee check-in'),
(1780, 'E08', '2025-07-02', 'CHECKOUT', '2026-01-15 09:32:19', 'Employee check-out'),
(1781, 'E08', '2025-07-03', 'CHECKIN', '2026-01-15 09:32:19', 'Employee check-in'),
(1782, 'E08', '2025-07-03', 'CHECKOUT', '2026-01-15 09:32:19', 'Employee check-out'),
(1783, 'E08', '2025-07-04', 'CHECKIN', '2026-01-15 09:32:19', 'Employee check-in'),
(1784, 'E08', '2025-07-04', 'CHECKOUT', '2026-01-15 09:32:19', 'Employee check-out'),
(1785, 'E08', '2025-07-05', 'CHECKIN', '2026-01-15 09:32:19', 'Employee check-in'),
(1786, 'E08', '2025-07-05', 'CHECKOUT', '2026-01-15 09:32:19', 'Employee check-out'),
(1787, 'E08', '2025-07-06', 'CHECKIN', '2026-01-15 09:32:19', 'Employee check-in'),
(1788, 'E08', '2025-07-06', 'CHECKOUT', '2026-01-15 09:32:19', 'Employee check-out'),
(1789, 'E08', '2025-07-07', 'CHECKIN', '2026-01-15 09:32:19', 'Employee check-in'),
(1790, 'E08', '2025-07-07', 'CHECKOUT', '2026-01-15 09:32:19', 'Employee check-out'),
(1791, 'E08', '2025-07-09', 'CHECKIN', '2026-01-15 09:32:19', 'Employee check-in'),
(1792, 'E08', '2025-07-09', 'CHECKOUT', '2026-01-15 09:32:19', 'Employee check-out'),
(1793, 'E08', '2025-07-10', 'CHECKIN', '2026-01-15 09:32:19', 'Employee check-in'),
(1794, 'E08', '2025-07-10', 'CHECKOUT', '2026-01-15 09:32:19', 'Employee check-out'),
(1795, 'E08', '2025-07-11', 'CHECKIN', '2026-01-15 09:32:19', 'Employee check-in'),
(1796, 'E08', '2025-07-11', 'CHECKOUT', '2026-01-15 09:32:19', 'Employee check-out'),
(1797, 'E08', '2025-07-12', 'CHECKIN', '2026-01-15 09:32:19', 'Employee check-in'),
(1798, 'E08', '2025-07-12', 'CHECKOUT', '2026-01-15 09:32:19', 'Employee check-out'),
(1799, 'E08', '2025-07-14', 'CHECKIN', '2026-01-15 09:32:19', 'Employee check-in'),
(1800, 'E08', '2025-07-14', 'CHECKOUT', '2026-01-15 09:32:19', 'Employee check-out'),
(1801, 'E08', '2025-07-15', 'CHECKIN', '2026-01-15 09:32:19', 'Employee check-in'),
(1802, 'E08', '2025-07-15', 'CHECKOUT', '2026-01-15 09:32:19', 'Employee check-out'),
(1803, 'E08', '2025-07-16', 'CHECKIN', '2026-01-15 09:32:19', 'Employee check-in'),
(1804, 'E08', '2025-07-16', 'CHECKOUT', '2026-01-15 09:32:19', 'Employee check-out'),
(1805, 'E08', '2025-07-17', 'CHECKIN', '2026-01-15 09:32:19', 'Employee check-in'),
(1806, 'E08', '2025-07-17', 'CHECKOUT', '2026-01-15 09:32:19', 'Employee check-out'),
(1807, 'E08', '2025-07-18', 'CHECKIN', '2026-01-15 09:32:19', 'Employee check-in'),
(1808, 'E08', '2025-07-18', 'CHECKOUT', '2026-01-15 09:32:19', 'Employee check-out'),
(1809, 'E08', '2025-07-19', 'CHECKIN', '2026-01-15 09:32:19', 'Employee check-in'),
(1810, 'E08', '2025-07-19', 'CHECKOUT', '2026-01-15 09:32:19', 'Employee check-out'),
(1811, 'E08', '2025-07-20', 'CHECKIN', '2026-01-15 09:32:19', 'Employee check-in'),
(1812, 'E08', '2025-07-20', 'CHECKOUT', '2026-01-15 09:32:19', 'Employee check-out'),
(1813, 'E08', '2025-07-21', 'CHECKIN', '2026-01-15 09:32:19', 'Employee check-in'),
(1814, 'E08', '2025-07-21', 'CHECKOUT', '2026-01-15 09:32:19', 'Employee check-out'),
(1815, 'E08', '2025-07-22', 'CHECKIN', '2026-01-15 09:32:19', 'Employee check-in');
INSERT INTO `employee_attendance_log` (`LogID`, `EmployeeID`, `WorkDate`, `Action`, `ActionTime`, `Note`) VALUES
(1816, 'E08', '2025-07-22', 'CHECKOUT', '2026-01-15 09:32:19', 'Employee check-out'),
(1817, 'E08', '2025-07-23', 'CHECKIN', '2026-01-15 09:32:19', 'Employee check-in'),
(1818, 'E08', '2025-07-23', 'CHECKOUT', '2026-01-15 09:32:19', 'Employee check-out'),
(1819, 'E08', '2025-07-24', 'CHECKIN', '2026-01-15 09:32:19', 'Employee check-in'),
(1820, 'E08', '2025-07-24', 'CHECKOUT', '2026-01-15 09:32:19', 'Employee check-out'),
(1821, 'E08', '2025-07-25', 'CHECKIN', '2026-01-15 09:32:19', 'Employee check-in'),
(1822, 'E08', '2025-07-25', 'CHECKOUT', '2026-01-15 09:32:19', 'Employee check-out'),
(1823, 'E08', '2025-08-02', 'CHECKIN', '2026-01-15 09:32:19', 'Employee check-in'),
(1824, 'E08', '2025-08-02', 'CHECKOUT', '2026-01-15 09:32:19', 'Employee check-out'),
(1825, 'E08', '2025-08-03', 'CHECKIN', '2026-01-15 09:32:19', 'Employee check-in'),
(1826, 'E08', '2025-08-03', 'CHECKOUT', '2026-01-15 09:32:19', 'Employee check-out'),
(1827, 'E08', '2025-08-04', 'CHECKIN', '2026-01-15 09:32:19', 'Employee check-in'),
(1828, 'E08', '2025-08-04', 'CHECKOUT', '2026-01-15 09:32:19', 'Employee check-out'),
(1829, 'E08', '2025-08-05', 'CHECKIN', '2026-01-15 09:32:19', 'Employee check-in'),
(1830, 'E08', '2025-08-05', 'CHECKOUT', '2026-01-15 09:32:19', 'Employee check-out'),
(1831, 'E08', '2025-08-06', 'CHECKIN', '2026-01-15 09:32:19', 'Employee check-in'),
(1832, 'E08', '2025-08-06', 'CHECKOUT', '2026-01-15 09:32:19', 'Employee check-out'),
(1833, 'E08', '2025-08-07', 'CHECKIN', '2026-01-15 09:32:19', 'Employee check-in'),
(1834, 'E08', '2025-08-07', 'CHECKOUT', '2026-01-15 09:32:19', 'Employee check-out'),
(1835, 'E08', '2025-08-08', 'CHECKIN', '2026-01-15 09:32:19', 'Employee check-in'),
(1836, 'E08', '2025-08-08', 'CHECKOUT', '2026-01-15 09:32:19', 'Employee check-out'),
(1837, 'E08', '2025-08-09', 'CHECKIN', '2026-01-15 09:32:19', 'Employee check-in'),
(1838, 'E08', '2025-08-09', 'CHECKOUT', '2026-01-15 09:32:19', 'Employee check-out'),
(1839, 'E08', '2025-08-10', 'CHECKIN', '2026-01-15 09:32:19', 'Employee check-in'),
(1840, 'E08', '2025-08-10', 'CHECKOUT', '2026-01-15 09:32:19', 'Employee check-out'),
(1841, 'E08', '2025-08-11', 'CHECKIN', '2026-01-15 09:32:19', 'Employee check-in'),
(1842, 'E08', '2025-08-11', 'CHECKOUT', '2026-01-15 09:32:19', 'Employee check-out'),
(1843, 'E08', '2025-08-12', 'CHECKIN', '2026-01-15 09:32:19', 'Employee check-in'),
(1844, 'E08', '2025-08-12', 'CHECKOUT', '2026-01-15 09:32:19', 'Employee check-out'),
(1845, 'E08', '2025-08-14', 'CHECKIN', '2026-01-15 09:32:19', 'Employee check-in'),
(1846, 'E08', '2025-08-14', 'CHECKOUT', '2026-01-15 09:32:19', 'Employee check-out'),
(1847, 'E08', '2025-08-15', 'CHECKIN', '2026-01-15 09:32:19', 'Employee check-in'),
(1848, 'E08', '2025-08-15', 'CHECKOUT', '2026-01-15 09:32:19', 'Employee check-out'),
(1849, 'E08', '2025-08-17', 'CHECKIN', '2026-01-15 09:32:19', 'Employee check-in'),
(1850, 'E08', '2025-08-17', 'CHECKOUT', '2026-01-15 09:32:19', 'Employee check-out'),
(1851, 'E08', '2025-08-19', 'CHECKIN', '2026-01-15 09:32:19', 'Employee check-in'),
(1852, 'E08', '2025-08-19', 'CHECKOUT', '2026-01-15 09:32:19', 'Employee check-out'),
(1853, 'E08', '2025-08-20', 'CHECKIN', '2026-01-15 09:32:19', 'Employee check-in'),
(1854, 'E08', '2025-08-20', 'CHECKOUT', '2026-01-15 09:32:19', 'Employee check-out'),
(1855, 'E08', '2025-08-21', 'CHECKIN', '2026-01-15 09:32:19', 'Employee check-in'),
(1856, 'E08', '2025-08-21', 'CHECKOUT', '2026-01-15 09:32:19', 'Employee check-out'),
(1857, 'E08', '2025-08-22', 'CHECKIN', '2026-01-15 09:32:19', 'Employee check-in'),
(1858, 'E08', '2025-08-22', 'CHECKOUT', '2026-01-15 09:32:19', 'Employee check-out'),
(1859, 'E08', '2025-08-23', 'CHECKIN', '2026-01-15 09:32:19', 'Employee check-in'),
(1860, 'E08', '2025-08-23', 'CHECKOUT', '2026-01-15 09:32:19', 'Employee check-out'),
(1861, 'E08', '2025-08-25', 'CHECKIN', '2026-01-15 09:32:19', 'Employee check-in'),
(1862, 'E08', '2025-08-25', 'CHECKOUT', '2026-01-15 09:32:19', 'Employee check-out'),
(1863, 'E08', '2025-08-26', 'CHECKIN', '2026-01-15 09:32:19', 'Employee check-in'),
(1864, 'E08', '2025-08-26', 'CHECKOUT', '2026-01-15 09:32:19', 'Employee check-out'),
(1865, 'E08', '2025-09-02', 'CHECKIN', '2026-01-15 09:32:19', 'Employee check-in'),
(1866, 'E08', '2025-09-02', 'CHECKOUT', '2026-01-15 09:32:19', 'Employee check-out'),
(1867, 'E08', '2025-09-04', 'CHECKIN', '2026-01-15 09:32:19', 'Employee check-in'),
(1868, 'E08', '2025-09-04', 'CHECKOUT', '2026-01-15 09:32:19', 'Employee check-out'),
(1869, 'E08', '2025-09-05', 'CHECKIN', '2026-01-15 09:32:19', 'Employee check-in'),
(1870, 'E08', '2025-09-05', 'CHECKOUT', '2026-01-15 09:32:19', 'Employee check-out'),
(1871, 'E08', '2025-09-08', 'CHECKIN', '2026-01-15 09:32:19', 'Employee check-in'),
(1872, 'E08', '2025-09-08', 'CHECKOUT', '2026-01-15 09:32:19', 'Employee check-out'),
(1873, 'E08', '2025-09-09', 'CHECKIN', '2026-01-15 09:32:19', 'Employee check-in'),
(1874, 'E08', '2025-09-09', 'CHECKOUT', '2026-01-15 09:32:19', 'Employee check-out'),
(1875, 'E08', '2025-09-10', 'CHECKIN', '2026-01-15 09:32:19', 'Employee check-in'),
(1876, 'E08', '2025-09-10', 'CHECKOUT', '2026-01-15 09:32:19', 'Employee check-out'),
(1877, 'E08', '2025-09-11', 'CHECKIN', '2026-01-15 09:32:19', 'Employee check-in'),
(1878, 'E08', '2025-09-11', 'CHECKOUT', '2026-01-15 09:32:19', 'Employee check-out'),
(1879, 'E08', '2025-09-12', 'CHECKIN', '2026-01-15 09:32:19', 'Employee check-in'),
(1880, 'E08', '2025-09-12', 'CHECKOUT', '2026-01-15 09:32:19', 'Employee check-out'),
(1881, 'E08', '2025-09-13', 'CHECKIN', '2026-01-15 09:32:19', 'Employee check-in'),
(1882, 'E08', '2025-09-13', 'CHECKOUT', '2026-01-15 09:32:19', 'Employee check-out'),
(1883, 'E08', '2025-09-15', 'CHECKIN', '2026-01-15 09:32:19', 'Employee check-in'),
(1884, 'E08', '2025-09-15', 'CHECKOUT', '2026-01-15 09:32:19', 'Employee check-out'),
(1885, 'E08', '2025-09-16', 'CHECKIN', '2026-01-15 09:32:19', 'Employee check-in'),
(1886, 'E08', '2025-09-16', 'CHECKOUT', '2026-01-15 09:32:19', 'Employee check-out'),
(1887, 'E08', '2025-09-17', 'CHECKIN', '2026-01-15 09:32:19', 'Employee check-in'),
(1888, 'E08', '2025-09-17', 'CHECKOUT', '2026-01-15 09:32:19', 'Employee check-out'),
(1889, 'E08', '2025-09-18', 'CHECKIN', '2026-01-15 09:32:19', 'Employee check-in'),
(1890, 'E08', '2025-09-18', 'CHECKOUT', '2026-01-15 09:32:19', 'Employee check-out'),
(1891, 'E08', '2025-09-19', 'CHECKIN', '2026-01-15 09:32:19', 'Employee check-in'),
(1892, 'E08', '2025-09-19', 'CHECKOUT', '2026-01-15 09:32:19', 'Employee check-out'),
(1893, 'E08', '2025-09-20', 'CHECKIN', '2026-01-15 09:32:19', 'Employee check-in'),
(1894, 'E08', '2025-09-20', 'CHECKOUT', '2026-01-15 09:32:19', 'Employee check-out'),
(1895, 'E08', '2025-09-21', 'CHECKIN', '2026-01-15 09:32:19', 'Employee check-in'),
(1896, 'E08', '2025-09-21', 'CHECKOUT', '2026-01-15 09:32:19', 'Employee check-out'),
(1897, 'E08', '2025-09-22', 'CHECKIN', '2026-01-15 09:32:19', 'Employee check-in'),
(1898, 'E08', '2025-09-22', 'CHECKOUT', '2026-01-15 09:32:19', 'Employee check-out'),
(1899, 'E08', '2025-09-23', 'CHECKIN', '2026-01-15 09:32:19', 'Employee check-in'),
(1900, 'E08', '2025-09-23', 'CHECKOUT', '2026-01-15 09:32:19', 'Employee check-out'),
(1901, 'E08', '2025-09-24', 'CHECKIN', '2026-01-15 09:32:19', 'Employee check-in'),
(1902, 'E08', '2025-09-24', 'CHECKOUT', '2026-01-15 09:32:19', 'Employee check-out'),
(1903, 'E08', '2025-09-25', 'CHECKIN', '2026-01-15 09:32:19', 'Employee check-in'),
(1904, 'E08', '2025-09-25', 'CHECKOUT', '2026-01-15 09:32:19', 'Employee check-out'),
(1905, 'E08', '2025-09-26', 'CHECKIN', '2026-01-15 09:32:19', 'Employee check-in'),
(1906, 'E08', '2025-09-26', 'CHECKOUT', '2026-01-15 09:32:19', 'Employee check-out'),
(1907, 'E08', '2025-10-01', 'CHECKIN', '2026-01-15 09:32:19', 'Employee check-in'),
(1908, 'E08', '2025-10-01', 'CHECKOUT', '2026-01-15 09:32:19', 'Employee check-out'),
(1909, 'E08', '2025-10-02', 'CHECKIN', '2026-01-15 09:32:19', 'Employee check-in'),
(1910, 'E08', '2025-10-02', 'CHECKOUT', '2026-01-15 09:32:19', 'Employee check-out'),
(1911, 'E08', '2025-10-03', 'CHECKIN', '2026-01-15 09:32:19', 'Employee check-in'),
(1912, 'E08', '2025-10-03', 'CHECKOUT', '2026-01-15 09:32:19', 'Employee check-out'),
(1913, 'E08', '2025-10-04', 'CHECKIN', '2026-01-15 09:32:19', 'Employee check-in'),
(1914, 'E08', '2025-10-04', 'CHECKOUT', '2026-01-15 09:32:19', 'Employee check-out'),
(1915, 'E08', '2025-10-05', 'CHECKIN', '2026-01-15 09:32:19', 'Employee check-in'),
(1916, 'E08', '2025-10-05', 'CHECKOUT', '2026-01-15 09:32:19', 'Employee check-out'),
(1917, 'E08', '2025-10-06', 'CHECKIN', '2026-01-15 09:32:19', 'Employee check-in'),
(1918, 'E08', '2025-10-06', 'CHECKOUT', '2026-01-15 09:32:19', 'Employee check-out'),
(1919, 'E08', '2025-10-07', 'CHECKIN', '2026-01-15 09:32:19', 'Employee check-in'),
(1920, 'E08', '2025-10-07', 'CHECKOUT', '2026-01-15 09:32:19', 'Employee check-out'),
(1921, 'E08', '2025-10-08', 'CHECKIN', '2026-01-15 09:32:19', 'Employee check-in'),
(1922, 'E08', '2025-10-08', 'CHECKOUT', '2026-01-15 09:32:19', 'Employee check-out'),
(1923, 'E08', '2025-10-09', 'CHECKIN', '2026-01-15 09:32:19', 'Employee check-in'),
(1924, 'E08', '2025-10-09', 'CHECKOUT', '2026-01-15 09:32:19', 'Employee check-out'),
(1925, 'E08', '2025-10-10', 'CHECKIN', '2026-01-15 09:32:19', 'Employee check-in'),
(1926, 'E08', '2025-10-10', 'CHECKOUT', '2026-01-15 09:32:19', 'Employee check-out'),
(1927, 'E08', '2025-10-13', 'CHECKIN', '2026-01-15 09:32:19', 'Employee check-in'),
(1928, 'E08', '2025-10-13', 'CHECKOUT', '2026-01-15 09:32:19', 'Employee check-out'),
(1929, 'E08', '2025-10-14', 'CHECKIN', '2026-01-15 09:32:19', 'Employee check-in'),
(1930, 'E08', '2025-10-14', 'CHECKOUT', '2026-01-15 09:32:19', 'Employee check-out'),
(1931, 'E08', '2025-10-15', 'CHECKIN', '2026-01-15 09:32:19', 'Employee check-in'),
(1932, 'E08', '2025-10-15', 'CHECKOUT', '2026-01-15 09:32:19', 'Employee check-out'),
(1933, 'E08', '2025-10-16', 'CHECKIN', '2026-01-15 09:32:19', 'Employee check-in'),
(1934, 'E08', '2025-10-16', 'CHECKOUT', '2026-01-15 09:32:19', 'Employee check-out'),
(1935, 'E08', '2025-10-17', 'CHECKIN', '2026-01-15 09:32:19', 'Employee check-in'),
(1936, 'E08', '2025-10-17', 'CHECKOUT', '2026-01-15 09:32:19', 'Employee check-out'),
(1937, 'E08', '2025-10-19', 'CHECKIN', '2026-01-15 09:32:19', 'Employee check-in'),
(1938, 'E08', '2025-10-19', 'CHECKOUT', '2026-01-15 09:32:19', 'Employee check-out'),
(1939, 'E08', '2025-10-20', 'CHECKIN', '2026-01-15 09:32:19', 'Employee check-in'),
(1940, 'E08', '2025-10-20', 'CHECKOUT', '2026-01-15 09:32:19', 'Employee check-out'),
(1941, 'E08', '2025-10-22', 'CHECKIN', '2026-01-15 09:32:19', 'Employee check-in'),
(1942, 'E08', '2025-10-22', 'CHECKOUT', '2026-01-15 09:32:19', 'Employee check-out'),
(1943, 'E08', '2025-10-24', 'CHECKIN', '2026-01-15 09:32:19', 'Employee check-in'),
(1944, 'E08', '2025-10-24', 'CHECKOUT', '2026-01-15 09:32:19', 'Employee check-out'),
(1945, 'E08', '2025-10-26', 'CHECKIN', '2026-01-15 09:32:19', 'Employee check-in'),
(1946, 'E08', '2025-10-26', 'CHECKOUT', '2026-01-15 09:32:19', 'Employee check-out'),
(1947, 'E08', '2025-11-02', 'CHECKIN', '2026-01-15 09:32:19', 'Employee check-in'),
(1948, 'E08', '2025-11-02', 'CHECKOUT', '2026-01-15 09:32:19', 'Employee check-out'),
(1949, 'E08', '2025-11-03', 'CHECKIN', '2026-01-15 09:32:19', 'Employee check-in'),
(1950, 'E08', '2025-11-03', 'CHECKOUT', '2026-01-15 09:32:19', 'Employee check-out'),
(1951, 'E08', '2025-11-04', 'CHECKIN', '2026-01-15 09:32:19', 'Employee check-in'),
(1952, 'E08', '2025-11-04', 'CHECKOUT', '2026-01-15 09:32:19', 'Employee check-out'),
(1953, 'E08', '2025-11-05', 'CHECKIN', '2026-01-15 09:32:19', 'Employee check-in'),
(1954, 'E08', '2025-11-05', 'CHECKOUT', '2026-01-15 09:32:19', 'Employee check-out'),
(1955, 'E08', '2025-11-06', 'CHECKIN', '2026-01-15 09:32:19', 'Employee check-in'),
(1956, 'E08', '2025-11-06', 'CHECKOUT', '2026-01-15 09:32:19', 'Employee check-out'),
(1957, 'E08', '2025-11-07', 'CHECKIN', '2026-01-15 09:32:19', 'Employee check-in'),
(1958, 'E08', '2025-11-07', 'CHECKOUT', '2026-01-15 09:32:19', 'Employee check-out'),
(1959, 'E08', '2025-11-09', 'CHECKIN', '2026-01-15 09:32:19', 'Employee check-in'),
(1960, 'E08', '2025-11-09', 'CHECKOUT', '2026-01-15 09:32:19', 'Employee check-out'),
(1961, 'E08', '2025-11-10', 'CHECKIN', '2026-01-15 09:32:19', 'Employee check-in'),
(1962, 'E08', '2025-11-10', 'CHECKOUT', '2026-01-15 09:32:19', 'Employee check-out'),
(1963, 'E08', '2025-11-11', 'CHECKIN', '2026-01-15 09:32:19', 'Employee check-in'),
(1964, 'E08', '2025-11-11', 'CHECKOUT', '2026-01-15 09:32:19', 'Employee check-out'),
(1965, 'E08', '2025-11-15', 'CHECKIN', '2026-01-15 09:32:19', 'Employee check-in'),
(1966, 'E08', '2025-11-15', 'CHECKOUT', '2026-01-15 09:32:19', 'Employee check-out'),
(1967, 'E08', '2025-11-17', 'CHECKIN', '2026-01-15 09:32:19', 'Employee check-in'),
(1968, 'E08', '2025-11-17', 'CHECKOUT', '2026-01-15 09:32:19', 'Employee check-out'),
(1969, 'E08', '2025-11-18', 'CHECKIN', '2026-01-15 09:32:19', 'Employee check-in'),
(1970, 'E08', '2025-11-18', 'CHECKOUT', '2026-01-15 09:32:19', 'Employee check-out'),
(1971, 'E08', '2025-11-19', 'CHECKIN', '2026-01-15 09:32:19', 'Employee check-in'),
(1972, 'E08', '2025-11-19', 'CHECKOUT', '2026-01-15 09:32:19', 'Employee check-out'),
(1973, 'E08', '2025-11-20', 'CHECKIN', '2026-01-15 09:32:19', 'Employee check-in'),
(1974, 'E08', '2025-11-20', 'CHECKOUT', '2026-01-15 09:32:19', 'Employee check-out'),
(1975, 'E08', '2025-11-21', 'CHECKIN', '2026-01-15 09:32:19', 'Employee check-in'),
(1976, 'E08', '2025-11-21', 'CHECKOUT', '2026-01-15 09:32:19', 'Employee check-out'),
(1977, 'E08', '2025-11-23', 'CHECKIN', '2026-01-15 09:32:19', 'Employee check-in'),
(1978, 'E08', '2025-11-23', 'CHECKOUT', '2026-01-15 09:32:19', 'Employee check-out'),
(1979, 'E08', '2025-11-24', 'CHECKIN', '2026-01-15 09:32:19', 'Employee check-in'),
(1980, 'E08', '2025-11-24', 'CHECKOUT', '2026-01-15 09:32:19', 'Employee check-out'),
(1981, 'E08', '2025-11-25', 'CHECKIN', '2026-01-15 09:32:19', 'Employee check-in'),
(1982, 'E08', '2025-11-25', 'CHECKOUT', '2026-01-15 09:32:19', 'Employee check-out'),
(1983, 'E08', '2025-11-26', 'CHECKIN', '2026-01-15 09:32:19', 'Employee check-in'),
(1984, 'E08', '2025-11-26', 'CHECKOUT', '2026-01-15 09:32:19', 'Employee check-out'),
(1985, 'E08', '2025-12-01', 'CHECKIN', '2026-01-15 09:32:19', 'Employee check-in'),
(1986, 'E08', '2025-12-01', 'CHECKOUT', '2026-01-15 09:32:19', 'Employee check-out'),
(1987, 'E08', '2025-12-02', 'CHECKIN', '2026-01-15 09:32:19', 'Employee check-in'),
(1988, 'E08', '2025-12-02', 'CHECKOUT', '2026-01-15 09:32:19', 'Employee check-out'),
(1989, 'E08', '2025-12-03', 'CHECKIN', '2026-01-15 09:32:19', 'Employee check-in'),
(1990, 'E08', '2025-12-03', 'CHECKOUT', '2026-01-15 09:32:19', 'Employee check-out'),
(1991, 'E08', '2025-12-04', 'CHECKIN', '2026-01-15 09:32:19', 'Employee check-in'),
(1992, 'E08', '2025-12-04', 'CHECKOUT', '2026-01-15 09:32:19', 'Employee check-out'),
(1993, 'E08', '2025-12-05', 'CHECKIN', '2026-01-15 09:32:19', 'Employee check-in'),
(1994, 'E08', '2025-12-05', 'CHECKOUT', '2026-01-15 09:32:19', 'Employee check-out'),
(1995, 'E08', '2025-12-06', 'CHECKIN', '2026-01-15 09:32:19', 'Employee check-in'),
(1996, 'E08', '2025-12-06', 'CHECKOUT', '2026-01-15 09:32:19', 'Employee check-out'),
(1997, 'E08', '2025-12-07', 'CHECKIN', '2026-01-15 09:32:19', 'Employee check-in'),
(1998, 'E08', '2025-12-07', 'CHECKOUT', '2026-01-15 09:32:19', 'Employee check-out'),
(1999, 'E08', '2025-12-08', 'CHECKIN', '2026-01-15 09:32:19', 'Employee check-in'),
(2000, 'E08', '2025-12-08', 'CHECKOUT', '2026-01-15 09:32:19', 'Employee check-out'),
(2001, 'E08', '2025-12-09', 'CHECKIN', '2026-01-15 09:32:19', 'Employee check-in'),
(2002, 'E08', '2025-12-09', 'CHECKOUT', '2026-01-15 09:32:19', 'Employee check-out'),
(2003, 'E08', '2025-12-10', 'CHECKIN', '2026-01-15 09:32:19', 'Employee check-in'),
(2004, 'E08', '2025-12-10', 'CHECKOUT', '2026-01-15 09:32:19', 'Employee check-out'),
(2005, 'E08', '2025-12-11', 'CHECKIN', '2026-01-15 09:32:19', 'Employee check-in'),
(2006, 'E08', '2025-12-11', 'CHECKOUT', '2026-01-15 09:32:19', 'Employee check-out'),
(2007, 'E08', '2025-12-12', 'CHECKIN', '2026-01-15 09:32:19', 'Employee check-in'),
(2008, 'E08', '2025-12-12', 'CHECKOUT', '2026-01-15 09:32:19', 'Employee check-out'),
(2009, 'E08', '2025-12-13', 'CHECKIN', '2026-01-15 09:32:19', 'Employee check-in'),
(2010, 'E08', '2025-12-13', 'CHECKOUT', '2026-01-15 09:32:19', 'Employee check-out'),
(2011, 'E08', '2025-12-14', 'CHECKIN', '2026-01-15 09:32:19', 'Employee check-in'),
(2012, 'E08', '2025-12-14', 'CHECKOUT', '2026-01-15 09:32:19', 'Employee check-out'),
(2013, 'E08', '2025-12-15', 'CHECKIN', '2026-01-15 09:32:19', 'Employee check-in'),
(2014, 'E08', '2025-12-15', 'CHECKOUT', '2026-01-15 09:32:19', 'Employee check-out'),
(2015, 'E08', '2025-12-17', 'CHECKIN', '2026-01-15 09:32:19', 'Employee check-in'),
(2016, 'E08', '2025-12-17', 'CHECKOUT', '2026-01-15 09:32:19', 'Employee check-out'),
(2017, 'E08', '2025-12-18', 'CHECKIN', '2026-01-15 09:32:19', 'Employee check-in'),
(2018, 'E08', '2025-12-18', 'CHECKOUT', '2026-01-15 09:32:19', 'Employee check-out'),
(2019, 'E08', '2025-12-20', 'CHECKIN', '2026-01-15 09:32:19', 'Employee check-in'),
(2020, 'E08', '2025-12-20', 'CHECKOUT', '2026-01-15 09:32:19', 'Employee check-out'),
(2021, 'E08', '2025-12-21', 'CHECKIN', '2026-01-15 09:32:19', 'Employee check-in'),
(2022, 'E08', '2025-12-21', 'CHECKOUT', '2026-01-15 09:32:19', 'Employee check-out'),
(2023, 'E08', '2025-12-22', 'CHECKIN', '2026-01-15 09:32:19', 'Employee check-in'),
(2024, 'E08', '2025-12-22', 'CHECKOUT', '2026-01-15 09:32:19', 'Employee check-out'),
(2025, 'E08', '2025-12-24', 'CHECKIN', '2026-01-15 09:32:19', 'Employee check-in'),
(2026, 'E08', '2025-12-24', 'CHECKOUT', '2026-01-15 09:32:19', 'Employee check-out'),
(2027, 'E08', '2025-12-25', 'CHECKIN', '2026-01-15 09:32:19', 'Employee check-in'),
(2028, 'E08', '2025-12-25', 'CHECKOUT', '2026-01-15 09:32:19', 'Employee check-out'),
(2029, 'E08', '2025-12-26', 'CHECKIN', '2026-01-15 09:32:19', 'Employee check-in'),
(2030, 'E08', '2025-12-26', 'CHECKOUT', '2026-01-15 09:32:19', 'Employee check-out'),
(2031, 'E09', '2025-06-02', 'CHECKIN', '2026-01-15 09:32:19', 'Employee check-in'),
(2032, 'E09', '2025-06-02', 'CHECKOUT', '2026-01-15 09:32:19', 'Employee check-out'),
(2033, 'E09', '2025-06-03', 'CHECKIN', '2026-01-15 09:32:19', 'Employee check-in'),
(2034, 'E09', '2025-06-03', 'CHECKOUT', '2026-01-15 09:32:19', 'Employee check-out'),
(2035, 'E09', '2025-06-04', 'CHECKIN', '2026-01-15 09:32:19', 'Employee check-in'),
(2036, 'E09', '2025-06-04', 'CHECKOUT', '2026-01-15 09:32:19', 'Employee check-out'),
(2037, 'E09', '2025-06-06', 'CHECKIN', '2026-01-15 09:32:19', 'Employee check-in'),
(2038, 'E09', '2025-06-06', 'CHECKOUT', '2026-01-15 09:32:19', 'Employee check-out'),
(2039, 'E09', '2025-06-07', 'CHECKIN', '2026-01-15 09:32:19', 'Employee check-in'),
(2040, 'E09', '2025-06-07', 'CHECKOUT', '2026-01-15 09:32:19', 'Employee check-out'),
(2041, 'E09', '2025-06-08', 'CHECKIN', '2026-01-15 09:32:19', 'Employee check-in'),
(2042, 'E09', '2025-06-08', 'CHECKOUT', '2026-01-15 09:32:19', 'Employee check-out'),
(2043, 'E09', '2025-06-10', 'CHECKIN', '2026-01-15 09:32:19', 'Employee check-in'),
(2044, 'E09', '2025-06-10', 'CHECKOUT', '2026-01-15 09:32:19', 'Employee check-out'),
(2045, 'E09', '2025-06-11', 'CHECKIN', '2026-01-15 09:32:19', 'Employee check-in'),
(2046, 'E09', '2025-06-11', 'CHECKOUT', '2026-01-15 09:32:19', 'Employee check-out'),
(2047, 'E09', '2025-06-12', 'CHECKIN', '2026-01-15 09:32:19', 'Employee check-in'),
(2048, 'E09', '2025-06-12', 'CHECKOUT', '2026-01-15 09:32:19', 'Employee check-out'),
(2049, 'E09', '2025-06-15', 'CHECKIN', '2026-01-15 09:32:19', 'Employee check-in'),
(2050, 'E09', '2025-06-15', 'CHECKOUT', '2026-01-15 09:32:19', 'Employee check-out'),
(2051, 'E09', '2025-06-16', 'CHECKIN', '2026-01-15 09:32:19', 'Employee check-in'),
(2052, 'E09', '2025-06-16', 'CHECKOUT', '2026-01-15 09:32:19', 'Employee check-out'),
(2053, 'E09', '2025-06-18', 'CHECKIN', '2026-01-15 09:32:19', 'Employee check-in'),
(2054, 'E09', '2025-06-18', 'CHECKOUT', '2026-01-15 09:32:19', 'Employee check-out'),
(2055, 'E09', '2025-06-19', 'CHECKIN', '2026-01-15 09:32:19', 'Employee check-in'),
(2056, 'E09', '2025-06-19', 'CHECKOUT', '2026-01-15 09:32:19', 'Employee check-out'),
(2057, 'E09', '2025-06-20', 'CHECKIN', '2026-01-15 09:32:19', 'Employee check-in'),
(2058, 'E09', '2025-06-20', 'CHECKOUT', '2026-01-15 09:32:19', 'Employee check-out'),
(2059, 'E09', '2025-06-22', 'CHECKIN', '2026-01-15 09:32:19', 'Employee check-in'),
(2060, 'E09', '2025-06-22', 'CHECKOUT', '2026-01-15 09:32:19', 'Employee check-out'),
(2061, 'E09', '2025-06-23', 'CHECKIN', '2026-01-15 09:32:19', 'Employee check-in'),
(2062, 'E09', '2025-06-23', 'CHECKOUT', '2026-01-15 09:32:19', 'Employee check-out'),
(2063, 'E09', '2025-06-24', 'CHECKIN', '2026-01-15 09:32:19', 'Employee check-in'),
(2064, 'E09', '2025-06-24', 'CHECKOUT', '2026-01-15 09:32:19', 'Employee check-out'),
(2065, 'E09', '2025-06-26', 'CHECKIN', '2026-01-15 09:32:19', 'Employee check-in'),
(2066, 'E09', '2025-06-26', 'CHECKOUT', '2026-01-15 09:32:19', 'Employee check-out'),
(2067, 'E09', '2025-07-01', 'CHECKIN', '2026-01-15 09:32:19', 'Employee check-in'),
(2068, 'E09', '2025-07-01', 'CHECKOUT', '2026-01-15 09:32:19', 'Employee check-out'),
(2069, 'E09', '2025-07-02', 'CHECKIN', '2026-01-15 09:32:19', 'Employee check-in'),
(2070, 'E09', '2025-07-02', 'CHECKOUT', '2026-01-15 09:32:19', 'Employee check-out'),
(2071, 'E09', '2025-07-03', 'CHECKIN', '2026-01-15 09:32:19', 'Employee check-in'),
(2072, 'E09', '2025-07-03', 'CHECKOUT', '2026-01-15 09:32:19', 'Employee check-out'),
(2073, 'E09', '2025-07-04', 'CHECKIN', '2026-01-15 09:32:19', 'Employee check-in'),
(2074, 'E09', '2025-07-04', 'CHECKOUT', '2026-01-15 09:32:19', 'Employee check-out'),
(2075, 'E09', '2025-07-05', 'CHECKIN', '2026-01-15 09:32:19', 'Employee check-in'),
(2076, 'E09', '2025-07-05', 'CHECKOUT', '2026-01-15 09:32:19', 'Employee check-out'),
(2077, 'E09', '2025-07-06', 'CHECKIN', '2026-01-15 09:32:19', 'Employee check-in'),
(2078, 'E09', '2025-07-06', 'CHECKOUT', '2026-01-15 09:32:19', 'Employee check-out'),
(2079, 'E09', '2025-07-07', 'CHECKIN', '2026-01-15 09:32:19', 'Employee check-in'),
(2080, 'E09', '2025-07-07', 'CHECKOUT', '2026-01-15 09:32:19', 'Employee check-out'),
(2081, 'E09', '2025-07-08', 'CHECKIN', '2026-01-15 09:32:19', 'Employee check-in'),
(2082, 'E09', '2025-07-08', 'CHECKOUT', '2026-01-15 09:32:19', 'Employee check-out'),
(2083, 'E09', '2025-07-09', 'CHECKIN', '2026-01-15 09:32:19', 'Employee check-in'),
(2084, 'E09', '2025-07-09', 'CHECKOUT', '2026-01-15 09:32:19', 'Employee check-out'),
(2085, 'E09', '2025-07-10', 'CHECKIN', '2026-01-15 09:32:19', 'Employee check-in'),
(2086, 'E09', '2025-07-10', 'CHECKOUT', '2026-01-15 09:32:19', 'Employee check-out'),
(2087, 'E09', '2025-07-11', 'CHECKIN', '2026-01-15 09:32:19', 'Employee check-in'),
(2088, 'E09', '2025-07-11', 'CHECKOUT', '2026-01-15 09:32:19', 'Employee check-out'),
(2089, 'E09', '2025-07-12', 'CHECKIN', '2026-01-15 09:32:19', 'Employee check-in'),
(2090, 'E09', '2025-07-12', 'CHECKOUT', '2026-01-15 09:32:19', 'Employee check-out'),
(2091, 'E09', '2025-07-15', 'CHECKIN', '2026-01-15 09:32:19', 'Employee check-in'),
(2092, 'E09', '2025-07-15', 'CHECKOUT', '2026-01-15 09:32:19', 'Employee check-out'),
(2093, 'E09', '2025-07-16', 'CHECKIN', '2026-01-15 09:32:19', 'Employee check-in'),
(2094, 'E09', '2025-07-16', 'CHECKOUT', '2026-01-15 09:32:19', 'Employee check-out'),
(2095, 'E09', '2025-07-17', 'CHECKIN', '2026-01-15 09:32:19', 'Employee check-in'),
(2096, 'E09', '2025-07-17', 'CHECKOUT', '2026-01-15 09:32:19', 'Employee check-out'),
(2097, 'E09', '2025-07-18', 'CHECKIN', '2026-01-15 09:32:19', 'Employee check-in'),
(2098, 'E09', '2025-07-18', 'CHECKOUT', '2026-01-15 09:32:19', 'Employee check-out'),
(2099, 'E09', '2025-07-19', 'CHECKIN', '2026-01-15 09:32:19', 'Employee check-in'),
(2100, 'E09', '2025-07-19', 'CHECKOUT', '2026-01-15 09:32:19', 'Employee check-out'),
(2101, 'E09', '2025-07-20', 'CHECKIN', '2026-01-15 09:32:19', 'Employee check-in'),
(2102, 'E09', '2025-07-20', 'CHECKOUT', '2026-01-15 09:32:19', 'Employee check-out'),
(2103, 'E09', '2025-07-21', 'CHECKIN', '2026-01-15 09:32:19', 'Employee check-in'),
(2104, 'E09', '2025-07-21', 'CHECKOUT', '2026-01-15 09:32:19', 'Employee check-out'),
(2105, 'E09', '2025-07-23', 'CHECKIN', '2026-01-15 09:32:19', 'Employee check-in'),
(2106, 'E09', '2025-07-23', 'CHECKOUT', '2026-01-15 09:32:19', 'Employee check-out'),
(2107, 'E09', '2025-07-24', 'CHECKIN', '2026-01-15 09:32:19', 'Employee check-in'),
(2108, 'E09', '2025-07-24', 'CHECKOUT', '2026-01-15 09:32:19', 'Employee check-out'),
(2109, 'E09', '2025-07-25', 'CHECKIN', '2026-01-15 09:32:19', 'Employee check-in'),
(2110, 'E09', '2025-07-25', 'CHECKOUT', '2026-01-15 09:32:19', 'Employee check-out'),
(2111, 'E09', '2025-08-01', 'CHECKIN', '2026-01-15 09:32:19', 'Employee check-in'),
(2112, 'E09', '2025-08-01', 'CHECKOUT', '2026-01-15 09:32:19', 'Employee check-out'),
(2113, 'E09', '2025-08-03', 'CHECKIN', '2026-01-15 09:32:19', 'Employee check-in'),
(2114, 'E09', '2025-08-03', 'CHECKOUT', '2026-01-15 09:32:19', 'Employee check-out'),
(2115, 'E09', '2025-08-04', 'CHECKIN', '2026-01-15 09:32:19', 'Employee check-in'),
(2116, 'E09', '2025-08-04', 'CHECKOUT', '2026-01-15 09:32:19', 'Employee check-out'),
(2117, 'E09', '2025-08-05', 'CHECKIN', '2026-01-15 09:32:19', 'Employee check-in'),
(2118, 'E09', '2025-08-05', 'CHECKOUT', '2026-01-15 09:32:19', 'Employee check-out'),
(2119, 'E09', '2025-08-06', 'CHECKIN', '2026-01-15 09:32:19', 'Employee check-in'),
(2120, 'E09', '2025-08-06', 'CHECKOUT', '2026-01-15 09:32:19', 'Employee check-out'),
(2121, 'E09', '2025-08-08', 'CHECKIN', '2026-01-15 09:32:19', 'Employee check-in'),
(2122, 'E09', '2025-08-08', 'CHECKOUT', '2026-01-15 09:32:19', 'Employee check-out'),
(2123, 'E09', '2025-08-09', 'CHECKIN', '2026-01-15 09:32:19', 'Employee check-in'),
(2124, 'E09', '2025-08-09', 'CHECKOUT', '2026-01-15 09:32:19', 'Employee check-out'),
(2125, 'E09', '2025-08-10', 'CHECKIN', '2026-01-15 09:32:19', 'Employee check-in'),
(2126, 'E09', '2025-08-10', 'CHECKOUT', '2026-01-15 09:32:19', 'Employee check-out'),
(2127, 'E09', '2025-08-11', 'CHECKIN', '2026-01-15 09:32:19', 'Employee check-in'),
(2128, 'E09', '2025-08-11', 'CHECKOUT', '2026-01-15 09:32:19', 'Employee check-out'),
(2129, 'E09', '2025-08-12', 'CHECKIN', '2026-01-15 09:32:19', 'Employee check-in'),
(2130, 'E09', '2025-08-12', 'CHECKOUT', '2026-01-15 09:32:19', 'Employee check-out'),
(2131, 'E09', '2025-08-13', 'CHECKIN', '2026-01-15 09:32:19', 'Employee check-in'),
(2132, 'E09', '2025-08-13', 'CHECKOUT', '2026-01-15 09:32:19', 'Employee check-out'),
(2133, 'E09', '2025-08-14', 'CHECKIN', '2026-01-15 09:32:19', 'Employee check-in'),
(2134, 'E09', '2025-08-14', 'CHECKOUT', '2026-01-15 09:32:19', 'Employee check-out'),
(2135, 'E09', '2025-08-15', 'CHECKIN', '2026-01-15 09:32:19', 'Employee check-in'),
(2136, 'E09', '2025-08-15', 'CHECKOUT', '2026-01-15 09:32:19', 'Employee check-out'),
(2137, 'E09', '2025-08-18', 'CHECKIN', '2026-01-15 09:32:19', 'Employee check-in'),
(2138, 'E09', '2025-08-18', 'CHECKOUT', '2026-01-15 09:32:19', 'Employee check-out'),
(2139, 'E09', '2025-08-19', 'CHECKIN', '2026-01-15 09:32:19', 'Employee check-in'),
(2140, 'E09', '2025-08-19', 'CHECKOUT', '2026-01-15 09:32:19', 'Employee check-out'),
(2141, 'E09', '2025-08-20', 'CHECKIN', '2026-01-15 09:32:19', 'Employee check-in'),
(2142, 'E09', '2025-08-20', 'CHECKOUT', '2026-01-15 09:32:19', 'Employee check-out'),
(2143, 'E09', '2025-08-21', 'CHECKIN', '2026-01-15 09:32:19', 'Employee check-in'),
(2144, 'E09', '2025-08-21', 'CHECKOUT', '2026-01-15 09:32:19', 'Employee check-out'),
(2145, 'E09', '2025-08-22', 'CHECKIN', '2026-01-15 09:32:19', 'Employee check-in'),
(2146, 'E09', '2025-08-22', 'CHECKOUT', '2026-01-15 09:32:19', 'Employee check-out'),
(2147, 'E09', '2025-08-24', 'CHECKIN', '2026-01-15 09:32:19', 'Employee check-in'),
(2148, 'E09', '2025-08-24', 'CHECKOUT', '2026-01-15 09:32:19', 'Employee check-out'),
(2149, 'E09', '2025-09-02', 'CHECKIN', '2026-01-15 09:32:19', 'Employee check-in'),
(2150, 'E09', '2025-09-02', 'CHECKOUT', '2026-01-15 09:32:19', 'Employee check-out'),
(2151, 'E09', '2025-09-03', 'CHECKIN', '2026-01-15 09:32:19', 'Employee check-in'),
(2152, 'E09', '2025-09-03', 'CHECKOUT', '2026-01-15 09:32:19', 'Employee check-out'),
(2153, 'E09', '2025-09-05', 'CHECKIN', '2026-01-15 09:32:19', 'Employee check-in'),
(2154, 'E09', '2025-09-05', 'CHECKOUT', '2026-01-15 09:32:19', 'Employee check-out'),
(2155, 'E09', '2025-09-06', 'CHECKIN', '2026-01-15 09:32:19', 'Employee check-in'),
(2156, 'E09', '2025-09-06', 'CHECKOUT', '2026-01-15 09:32:19', 'Employee check-out'),
(2157, 'E09', '2025-09-07', 'CHECKIN', '2026-01-15 09:32:19', 'Employee check-in'),
(2158, 'E09', '2025-09-07', 'CHECKOUT', '2026-01-15 09:32:19', 'Employee check-out'),
(2159, 'E09', '2025-09-08', 'CHECKIN', '2026-01-15 09:32:19', 'Employee check-in'),
(2160, 'E09', '2025-09-08', 'CHECKOUT', '2026-01-15 09:32:19', 'Employee check-out'),
(2161, 'E09', '2025-09-09', 'CHECKIN', '2026-01-15 09:32:19', 'Employee check-in'),
(2162, 'E09', '2025-09-09', 'CHECKOUT', '2026-01-15 09:32:19', 'Employee check-out'),
(2163, 'E09', '2025-09-11', 'CHECKIN', '2026-01-15 09:32:19', 'Employee check-in'),
(2164, 'E09', '2025-09-11', 'CHECKOUT', '2026-01-15 09:32:19', 'Employee check-out'),
(2165, 'E09', '2025-09-12', 'CHECKIN', '2026-01-15 09:32:19', 'Employee check-in'),
(2166, 'E09', '2025-09-12', 'CHECKOUT', '2026-01-15 09:32:19', 'Employee check-out'),
(2167, 'E09', '2025-09-13', 'CHECKIN', '2026-01-15 09:32:19', 'Employee check-in'),
(2168, 'E09', '2025-09-13', 'CHECKOUT', '2026-01-15 09:32:19', 'Employee check-out'),
(2169, 'E09', '2025-09-14', 'CHECKIN', '2026-01-15 09:32:19', 'Employee check-in'),
(2170, 'E09', '2025-09-14', 'CHECKOUT', '2026-01-15 09:32:19', 'Employee check-out'),
(2171, 'E09', '2025-09-16', 'CHECKIN', '2026-01-15 09:32:19', 'Employee check-in'),
(2172, 'E09', '2025-09-16', 'CHECKOUT', '2026-01-15 09:32:19', 'Employee check-out'),
(2173, 'E09', '2025-09-18', 'CHECKIN', '2026-01-15 09:32:19', 'Employee check-in'),
(2174, 'E09', '2025-09-18', 'CHECKOUT', '2026-01-15 09:32:19', 'Employee check-out'),
(2175, 'E09', '2025-09-19', 'CHECKIN', '2026-01-15 09:32:19', 'Employee check-in'),
(2176, 'E09', '2025-09-19', 'CHECKOUT', '2026-01-15 09:32:19', 'Employee check-out'),
(2177, 'E09', '2025-09-20', 'CHECKIN', '2026-01-15 09:32:19', 'Employee check-in'),
(2178, 'E09', '2025-09-20', 'CHECKOUT', '2026-01-15 09:32:19', 'Employee check-out'),
(2179, 'E09', '2025-09-21', 'CHECKIN', '2026-01-15 09:32:19', 'Employee check-in'),
(2180, 'E09', '2025-09-21', 'CHECKOUT', '2026-01-15 09:32:19', 'Employee check-out'),
(2181, 'E09', '2025-09-22', 'CHECKIN', '2026-01-15 09:32:19', 'Employee check-in'),
(2182, 'E09', '2025-09-22', 'CHECKOUT', '2026-01-15 09:32:19', 'Employee check-out'),
(2183, 'E09', '2025-09-24', 'CHECKIN', '2026-01-15 09:32:19', 'Employee check-in'),
(2184, 'E09', '2025-09-24', 'CHECKOUT', '2026-01-15 09:32:19', 'Employee check-out'),
(2185, 'E09', '2025-09-25', 'CHECKIN', '2026-01-15 09:32:19', 'Employee check-in'),
(2186, 'E09', '2025-09-25', 'CHECKOUT', '2026-01-15 09:32:19', 'Employee check-out'),
(2187, 'E09', '2025-09-26', 'CHECKIN', '2026-01-15 09:32:19', 'Employee check-in'),
(2188, 'E09', '2025-09-26', 'CHECKOUT', '2026-01-15 09:32:19', 'Employee check-out'),
(2189, 'E09', '2025-10-01', 'CHECKIN', '2026-01-15 09:32:19', 'Employee check-in'),
(2190, 'E09', '2025-10-01', 'CHECKOUT', '2026-01-15 09:32:19', 'Employee check-out'),
(2191, 'E09', '2025-10-02', 'CHECKIN', '2026-01-15 09:32:19', 'Employee check-in'),
(2192, 'E09', '2025-10-02', 'CHECKOUT', '2026-01-15 09:32:19', 'Employee check-out'),
(2193, 'E09', '2025-10-03', 'CHECKIN', '2026-01-15 09:32:19', 'Employee check-in'),
(2194, 'E09', '2025-10-03', 'CHECKOUT', '2026-01-15 09:32:19', 'Employee check-out'),
(2195, 'E09', '2025-10-04', 'CHECKIN', '2026-01-15 09:32:19', 'Employee check-in'),
(2196, 'E09', '2025-10-04', 'CHECKOUT', '2026-01-15 09:32:19', 'Employee check-out'),
(2197, 'E09', '2025-10-05', 'CHECKIN', '2026-01-15 09:32:19', 'Employee check-in'),
(2198, 'E09', '2025-10-05', 'CHECKOUT', '2026-01-15 09:32:19', 'Employee check-out'),
(2199, 'E09', '2025-10-07', 'CHECKIN', '2026-01-15 09:32:19', 'Employee check-in'),
(2200, 'E09', '2025-10-07', 'CHECKOUT', '2026-01-15 09:32:19', 'Employee check-out'),
(2201, 'E09', '2025-10-08', 'CHECKIN', '2026-01-15 09:32:19', 'Employee check-in'),
(2202, 'E09', '2025-10-08', 'CHECKOUT', '2026-01-15 09:32:19', 'Employee check-out'),
(2203, 'E09', '2025-10-09', 'CHECKIN', '2026-01-15 09:32:19', 'Employee check-in'),
(2204, 'E09', '2025-10-09', 'CHECKOUT', '2026-01-15 09:32:19', 'Employee check-out'),
(2205, 'E09', '2025-10-10', 'CHECKIN', '2026-01-15 09:32:19', 'Employee check-in'),
(2206, 'E09', '2025-10-10', 'CHECKOUT', '2026-01-15 09:32:19', 'Employee check-out'),
(2207, 'E09', '2025-10-11', 'CHECKIN', '2026-01-15 09:32:19', 'Employee check-in'),
(2208, 'E09', '2025-10-11', 'CHECKOUT', '2026-01-15 09:32:19', 'Employee check-out'),
(2209, 'E09', '2025-10-13', 'CHECKIN', '2026-01-15 09:32:19', 'Employee check-in'),
(2210, 'E09', '2025-10-13', 'CHECKOUT', '2026-01-15 09:32:19', 'Employee check-out'),
(2211, 'E09', '2025-10-14', 'CHECKIN', '2026-01-15 09:32:19', 'Employee check-in'),
(2212, 'E09', '2025-10-14', 'CHECKOUT', '2026-01-15 09:32:19', 'Employee check-out'),
(2213, 'E09', '2025-10-15', 'CHECKIN', '2026-01-15 09:32:19', 'Employee check-in'),
(2214, 'E09', '2025-10-15', 'CHECKOUT', '2026-01-15 09:32:19', 'Employee check-out'),
(2215, 'E09', '2025-10-16', 'CHECKIN', '2026-01-15 09:32:19', 'Employee check-in'),
(2216, 'E09', '2025-10-16', 'CHECKOUT', '2026-01-15 09:32:19', 'Employee check-out'),
(2217, 'E09', '2025-10-17', 'CHECKIN', '2026-01-15 09:32:19', 'Employee check-in'),
(2218, 'E09', '2025-10-17', 'CHECKOUT', '2026-01-15 09:32:19', 'Employee check-out'),
(2219, 'E09', '2025-10-18', 'CHECKIN', '2026-01-15 09:32:19', 'Employee check-in'),
(2220, 'E09', '2025-10-18', 'CHECKOUT', '2026-01-15 09:32:19', 'Employee check-out'),
(2221, 'E09', '2025-10-19', 'CHECKIN', '2026-01-15 09:32:19', 'Employee check-in'),
(2222, 'E09', '2025-10-19', 'CHECKOUT', '2026-01-15 09:32:19', 'Employee check-out'),
(2223, 'E09', '2025-10-20', 'CHECKIN', '2026-01-15 09:32:19', 'Employee check-in'),
(2224, 'E09', '2025-10-20', 'CHECKOUT', '2026-01-15 09:32:19', 'Employee check-out'),
(2225, 'E09', '2025-10-21', 'CHECKIN', '2026-01-15 09:32:19', 'Employee check-in'),
(2226, 'E09', '2025-10-21', 'CHECKOUT', '2026-01-15 09:32:19', 'Employee check-out'),
(2227, 'E09', '2025-10-22', 'CHECKIN', '2026-01-15 09:32:19', 'Employee check-in'),
(2228, 'E09', '2025-10-22', 'CHECKOUT', '2026-01-15 09:32:19', 'Employee check-out'),
(2229, 'E09', '2025-10-23', 'CHECKIN', '2026-01-15 09:32:19', 'Employee check-in'),
(2230, 'E09', '2025-10-23', 'CHECKOUT', '2026-01-15 09:32:19', 'Employee check-out'),
(2231, 'E09', '2025-10-24', 'CHECKIN', '2026-01-15 09:32:19', 'Employee check-in'),
(2232, 'E09', '2025-10-24', 'CHECKOUT', '2026-01-15 09:32:19', 'Employee check-out'),
(2233, 'E09', '2025-10-26', 'CHECKIN', '2026-01-15 09:32:19', 'Employee check-in'),
(2234, 'E09', '2025-10-26', 'CHECKOUT', '2026-01-15 09:32:19', 'Employee check-out'),
(2235, 'E09', '2025-11-02', 'CHECKIN', '2026-01-15 09:32:19', 'Employee check-in'),
(2236, 'E09', '2025-11-02', 'CHECKOUT', '2026-01-15 09:32:19', 'Employee check-out'),
(2237, 'E09', '2025-11-04', 'CHECKIN', '2026-01-15 09:32:19', 'Employee check-in'),
(2238, 'E09', '2025-11-04', 'CHECKOUT', '2026-01-15 09:32:19', 'Employee check-out'),
(2239, 'E09', '2025-11-05', 'CHECKIN', '2026-01-15 09:32:19', 'Employee check-in'),
(2240, 'E09', '2025-11-05', 'CHECKOUT', '2026-01-15 09:32:19', 'Employee check-out'),
(2241, 'E09', '2025-11-06', 'CHECKIN', '2026-01-15 09:32:19', 'Employee check-in'),
(2242, 'E09', '2025-11-06', 'CHECKOUT', '2026-01-15 09:32:19', 'Employee check-out'),
(2243, 'E09', '2025-11-07', 'CHECKIN', '2026-01-15 09:32:19', 'Employee check-in'),
(2244, 'E09', '2025-11-07', 'CHECKOUT', '2026-01-15 09:32:19', 'Employee check-out'),
(2245, 'E09', '2025-11-08', 'CHECKIN', '2026-01-15 09:32:19', 'Employee check-in'),
(2246, 'E09', '2025-11-08', 'CHECKOUT', '2026-01-15 09:32:19', 'Employee check-out'),
(2247, 'E09', '2025-11-09', 'CHECKIN', '2026-01-15 09:32:19', 'Employee check-in'),
(2248, 'E09', '2025-11-09', 'CHECKOUT', '2026-01-15 09:32:19', 'Employee check-out'),
(2249, 'E09', '2025-11-10', 'CHECKIN', '2026-01-15 09:32:19', 'Employee check-in'),
(2250, 'E09', '2025-11-10', 'CHECKOUT', '2026-01-15 09:32:19', 'Employee check-out'),
(2251, 'E09', '2025-11-16', 'CHECKIN', '2026-01-15 09:32:19', 'Employee check-in'),
(2252, 'E09', '2025-11-16', 'CHECKOUT', '2026-01-15 09:32:19', 'Employee check-out'),
(2253, 'E09', '2025-11-17', 'CHECKIN', '2026-01-15 09:32:19', 'Employee check-in'),
(2254, 'E09', '2025-11-17', 'CHECKOUT', '2026-01-15 09:32:19', 'Employee check-out'),
(2255, 'E09', '2025-11-19', 'CHECKIN', '2026-01-15 09:32:19', 'Employee check-in'),
(2256, 'E09', '2025-11-19', 'CHECKOUT', '2026-01-15 09:32:19', 'Employee check-out'),
(2257, 'E09', '2025-11-20', 'CHECKIN', '2026-01-15 09:32:19', 'Employee check-in'),
(2258, 'E09', '2025-11-20', 'CHECKOUT', '2026-01-15 09:32:19', 'Employee check-out'),
(2259, 'E09', '2025-11-21', 'CHECKIN', '2026-01-15 09:32:19', 'Employee check-in'),
(2260, 'E09', '2025-11-21', 'CHECKOUT', '2026-01-15 09:32:20', 'Employee check-out'),
(2261, 'E09', '2025-11-24', 'CHECKIN', '2026-01-15 09:32:20', 'Employee check-in'),
(2262, 'E09', '2025-11-24', 'CHECKOUT', '2026-01-15 09:32:20', 'Employee check-out'),
(2263, 'E09', '2025-11-25', 'CHECKIN', '2026-01-15 09:32:20', 'Employee check-in'),
(2264, 'E09', '2025-11-25', 'CHECKOUT', '2026-01-15 09:32:20', 'Employee check-out'),
(2265, 'E09', '2025-11-26', 'CHECKIN', '2026-01-15 09:32:20', 'Employee check-in'),
(2266, 'E09', '2025-11-26', 'CHECKOUT', '2026-01-15 09:32:20', 'Employee check-out'),
(2267, 'E09', '2025-12-01', 'CHECKIN', '2026-01-15 09:32:20', 'Employee check-in'),
(2268, 'E09', '2025-12-01', 'CHECKOUT', '2026-01-15 09:32:20', 'Employee check-out'),
(2269, 'E09', '2025-12-03', 'CHECKIN', '2026-01-15 09:32:20', 'Employee check-in'),
(2270, 'E09', '2025-12-03', 'CHECKOUT', '2026-01-15 09:32:20', 'Employee check-out'),
(2271, 'E09', '2025-12-04', 'CHECKIN', '2026-01-15 09:32:20', 'Employee check-in'),
(2272, 'E09', '2025-12-04', 'CHECKOUT', '2026-01-15 09:32:20', 'Employee check-out'),
(2273, 'E09', '2025-12-05', 'CHECKIN', '2026-01-15 09:32:20', 'Employee check-in'),
(2274, 'E09', '2025-12-05', 'CHECKOUT', '2026-01-15 09:32:20', 'Employee check-out'),
(2275, 'E09', '2025-12-07', 'CHECKIN', '2026-01-15 09:32:20', 'Employee check-in'),
(2276, 'E09', '2025-12-07', 'CHECKOUT', '2026-01-15 09:32:20', 'Employee check-out'),
(2277, 'E09', '2025-12-08', 'CHECKIN', '2026-01-15 09:32:20', 'Employee check-in'),
(2278, 'E09', '2025-12-08', 'CHECKOUT', '2026-01-15 09:32:20', 'Employee check-out'),
(2279, 'E09', '2025-12-09', 'CHECKIN', '2026-01-15 09:32:20', 'Employee check-in'),
(2280, 'E09', '2025-12-09', 'CHECKOUT', '2026-01-15 09:32:20', 'Employee check-out'),
(2281, 'E09', '2025-12-10', 'CHECKIN', '2026-01-15 09:32:20', 'Employee check-in'),
(2282, 'E09', '2025-12-10', 'CHECKOUT', '2026-01-15 09:32:20', 'Employee check-out'),
(2283, 'E09', '2025-12-12', 'CHECKIN', '2026-01-15 09:32:20', 'Employee check-in'),
(2284, 'E09', '2025-12-12', 'CHECKOUT', '2026-01-15 09:32:20', 'Employee check-out'),
(2285, 'E09', '2025-12-13', 'CHECKIN', '2026-01-15 09:32:20', 'Employee check-in'),
(2286, 'E09', '2025-12-13', 'CHECKOUT', '2026-01-15 09:32:20', 'Employee check-out'),
(2287, 'E09', '2025-12-14', 'CHECKIN', '2026-01-15 09:32:20', 'Employee check-in'),
(2288, 'E09', '2025-12-14', 'CHECKOUT', '2026-01-15 09:32:20', 'Employee check-out'),
(2289, 'E09', '2025-12-15', 'CHECKIN', '2026-01-15 09:32:20', 'Employee check-in'),
(2290, 'E09', '2025-12-15', 'CHECKOUT', '2026-01-15 09:32:20', 'Employee check-out'),
(2291, 'E09', '2025-12-16', 'CHECKIN', '2026-01-15 09:32:20', 'Employee check-in'),
(2292, 'E09', '2025-12-16', 'CHECKOUT', '2026-01-15 09:32:20', 'Employee check-out'),
(2293, 'E09', '2025-12-18', 'CHECKIN', '2026-01-15 09:32:20', 'Employee check-in'),
(2294, 'E09', '2025-12-18', 'CHECKOUT', '2026-01-15 09:32:20', 'Employee check-out'),
(2295, 'E09', '2025-12-19', 'CHECKIN', '2026-01-15 09:32:20', 'Employee check-in'),
(2296, 'E09', '2025-12-19', 'CHECKOUT', '2026-01-15 09:32:20', 'Employee check-out'),
(2297, 'E09', '2025-12-21', 'CHECKIN', '2026-01-15 09:32:20', 'Employee check-in'),
(2298, 'E09', '2025-12-21', 'CHECKOUT', '2026-01-15 09:32:20', 'Employee check-out'),
(2299, 'E09', '2025-12-22', 'CHECKIN', '2026-01-15 09:32:20', 'Employee check-in'),
(2300, 'E09', '2025-12-22', 'CHECKOUT', '2026-01-15 09:32:20', 'Employee check-out'),
(2301, 'E09', '2025-12-23', 'CHECKIN', '2026-01-15 09:32:20', 'Employee check-in'),
(2302, 'E09', '2025-12-23', 'CHECKOUT', '2026-01-15 09:32:20', 'Employee check-out'),
(2303, 'E10', '2025-06-02', 'CHECKIN', '2026-01-15 09:32:20', 'Employee check-in'),
(2304, 'E10', '2025-06-02', 'CHECKOUT', '2026-01-15 09:32:20', 'Employee check-out'),
(2305, 'E10', '2025-06-03', 'CHECKIN', '2026-01-15 09:32:20', 'Employee check-in'),
(2306, 'E10', '2025-06-03', 'CHECKOUT', '2026-01-15 09:32:20', 'Employee check-out'),
(2307, 'E10', '2025-06-04', 'CHECKIN', '2026-01-15 09:32:20', 'Employee check-in'),
(2308, 'E10', '2025-06-04', 'CHECKOUT', '2026-01-15 09:32:20', 'Employee check-out'),
(2309, 'E10', '2025-06-06', 'CHECKIN', '2026-01-15 09:32:20', 'Employee check-in'),
(2310, 'E10', '2025-06-06', 'CHECKOUT', '2026-01-15 09:32:20', 'Employee check-out'),
(2311, 'E10', '2025-06-07', 'CHECKIN', '2026-01-15 09:32:20', 'Employee check-in'),
(2312, 'E10', '2025-06-07', 'CHECKOUT', '2026-01-15 09:32:20', 'Employee check-out'),
(2313, 'E10', '2025-06-09', 'CHECKIN', '2026-01-15 09:32:20', 'Employee check-in'),
(2314, 'E10', '2025-06-09', 'CHECKOUT', '2026-01-15 09:32:20', 'Employee check-out'),
(2315, 'E10', '2025-06-10', 'CHECKIN', '2026-01-15 09:32:20', 'Employee check-in'),
(2316, 'E10', '2025-06-10', 'CHECKOUT', '2026-01-15 09:32:20', 'Employee check-out'),
(2317, 'E10', '2025-06-11', 'CHECKIN', '2026-01-15 09:32:20', 'Employee check-in'),
(2318, 'E10', '2025-06-11', 'CHECKOUT', '2026-01-15 09:32:20', 'Employee check-out'),
(2319, 'E10', '2025-06-12', 'CHECKIN', '2026-01-15 09:32:20', 'Employee check-in'),
(2320, 'E10', '2025-06-12', 'CHECKOUT', '2026-01-15 09:32:20', 'Employee check-out'),
(2321, 'E10', '2025-06-13', 'CHECKIN', '2026-01-15 09:32:20', 'Employee check-in'),
(2322, 'E10', '2025-06-13', 'CHECKOUT', '2026-01-15 09:32:20', 'Employee check-out'),
(2323, 'E10', '2025-06-14', 'CHECKIN', '2026-01-15 09:32:20', 'Employee check-in'),
(2324, 'E10', '2025-06-14', 'CHECKOUT', '2026-01-15 09:32:20', 'Employee check-out'),
(2325, 'E10', '2025-06-15', 'CHECKIN', '2026-01-15 09:32:20', 'Employee check-in'),
(2326, 'E10', '2025-06-15', 'CHECKOUT', '2026-01-15 09:32:20', 'Employee check-out'),
(2327, 'E10', '2025-06-16', 'CHECKIN', '2026-01-15 09:32:20', 'Employee check-in'),
(2328, 'E10', '2025-06-16', 'CHECKOUT', '2026-01-15 09:32:20', 'Employee check-out'),
(2329, 'E10', '2025-06-17', 'CHECKIN', '2026-01-15 09:32:20', 'Employee check-in'),
(2330, 'E10', '2025-06-17', 'CHECKOUT', '2026-01-15 09:32:20', 'Employee check-out'),
(2331, 'E10', '2025-06-20', 'CHECKIN', '2026-01-15 09:32:20', 'Employee check-in'),
(2332, 'E10', '2025-06-20', 'CHECKOUT', '2026-01-15 09:32:20', 'Employee check-out'),
(2333, 'E10', '2025-06-21', 'CHECKIN', '2026-01-15 09:32:20', 'Employee check-in'),
(2334, 'E10', '2025-06-21', 'CHECKOUT', '2026-01-15 09:32:20', 'Employee check-out'),
(2335, 'E10', '2025-06-23', 'CHECKIN', '2026-01-15 09:32:20', 'Employee check-in'),
(2336, 'E10', '2025-06-23', 'CHECKOUT', '2026-01-15 09:32:20', 'Employee check-out'),
(2337, 'E10', '2025-06-24', 'CHECKIN', '2026-01-15 09:32:20', 'Employee check-in'),
(2338, 'E10', '2025-06-24', 'CHECKOUT', '2026-01-15 09:32:20', 'Employee check-out'),
(2339, 'E10', '2025-06-26', 'CHECKIN', '2026-01-15 09:32:20', 'Employee check-in'),
(2340, 'E10', '2025-06-26', 'CHECKOUT', '2026-01-15 09:32:20', 'Employee check-out'),
(2341, 'E10', '2025-07-02', 'CHECKIN', '2026-01-15 09:32:20', 'Employee check-in'),
(2342, 'E10', '2025-07-02', 'CHECKOUT', '2026-01-15 09:32:20', 'Employee check-out'),
(2343, 'E10', '2025-07-05', 'CHECKIN', '2026-01-15 09:32:20', 'Employee check-in'),
(2344, 'E10', '2025-07-05', 'CHECKOUT', '2026-01-15 09:32:20', 'Employee check-out'),
(2345, 'E10', '2025-07-06', 'CHECKIN', '2026-01-15 09:32:20', 'Employee check-in'),
(2346, 'E10', '2025-07-06', 'CHECKOUT', '2026-01-15 09:32:20', 'Employee check-out'),
(2347, 'E10', '2025-07-08', 'CHECKIN', '2026-01-15 09:32:20', 'Employee check-in'),
(2348, 'E10', '2025-07-08', 'CHECKOUT', '2026-01-15 09:32:20', 'Employee check-out'),
(2349, 'E10', '2025-07-10', 'CHECKIN', '2026-01-15 09:32:20', 'Employee check-in'),
(2350, 'E10', '2025-07-10', 'CHECKOUT', '2026-01-15 09:32:20', 'Employee check-out'),
(2351, 'E10', '2025-07-11', 'CHECKIN', '2026-01-15 09:32:20', 'Employee check-in'),
(2352, 'E10', '2025-07-11', 'CHECKOUT', '2026-01-15 09:32:20', 'Employee check-out'),
(2353, 'E10', '2025-07-12', 'CHECKIN', '2026-01-15 09:32:20', 'Employee check-in'),
(2354, 'E10', '2025-07-12', 'CHECKOUT', '2026-01-15 09:32:20', 'Employee check-out'),
(2355, 'E10', '2025-07-14', 'CHECKIN', '2026-01-15 09:32:20', 'Employee check-in'),
(2356, 'E10', '2025-07-14', 'CHECKOUT', '2026-01-15 09:32:20', 'Employee check-out'),
(2357, 'E10', '2025-07-15', 'CHECKIN', '2026-01-15 09:32:20', 'Employee check-in'),
(2358, 'E10', '2025-07-15', 'CHECKOUT', '2026-01-15 09:32:20', 'Employee check-out'),
(2359, 'E10', '2025-07-16', 'CHECKIN', '2026-01-15 09:32:20', 'Employee check-in'),
(2360, 'E10', '2025-07-16', 'CHECKOUT', '2026-01-15 09:32:20', 'Employee check-out'),
(2361, 'E10', '2025-07-17', 'CHECKIN', '2026-01-15 09:32:20', 'Employee check-in'),
(2362, 'E10', '2025-07-17', 'CHECKOUT', '2026-01-15 09:32:20', 'Employee check-out'),
(2363, 'E10', '2025-07-18', 'CHECKIN', '2026-01-15 09:32:20', 'Employee check-in'),
(2364, 'E10', '2025-07-18', 'CHECKOUT', '2026-01-15 09:32:20', 'Employee check-out'),
(2365, 'E10', '2025-07-20', 'CHECKIN', '2026-01-15 09:32:20', 'Employee check-in'),
(2366, 'E10', '2025-07-20', 'CHECKOUT', '2026-01-15 09:32:20', 'Employee check-out'),
(2367, 'E10', '2025-07-21', 'CHECKIN', '2026-01-15 09:32:20', 'Employee check-in'),
(2368, 'E10', '2025-07-21', 'CHECKOUT', '2026-01-15 09:32:20', 'Employee check-out'),
(2369, 'E10', '2025-07-22', 'CHECKIN', '2026-01-15 09:32:20', 'Employee check-in'),
(2370, 'E10', '2025-07-22', 'CHECKOUT', '2026-01-15 09:32:20', 'Employee check-out'),
(2371, 'E10', '2025-07-23', 'CHECKIN', '2026-01-15 09:32:20', 'Employee check-in'),
(2372, 'E10', '2025-07-23', 'CHECKOUT', '2026-01-15 09:32:20', 'Employee check-out'),
(2373, 'E10', '2025-07-24', 'CHECKIN', '2026-01-15 09:32:20', 'Employee check-in'),
(2374, 'E10', '2025-07-24', 'CHECKOUT', '2026-01-15 09:32:20', 'Employee check-out'),
(2375, 'E10', '2025-07-25', 'CHECKIN', '2026-01-15 09:32:20', 'Employee check-in'),
(2376, 'E10', '2025-07-25', 'CHECKOUT', '2026-01-15 09:32:20', 'Employee check-out'),
(2377, 'E10', '2025-07-26', 'CHECKIN', '2026-01-15 09:32:20', 'Employee check-in'),
(2378, 'E10', '2025-07-26', 'CHECKOUT', '2026-01-15 09:32:20', 'Employee check-out'),
(2379, 'E10', '2025-08-01', 'CHECKIN', '2026-01-15 09:32:20', 'Employee check-in'),
(2380, 'E10', '2025-08-01', 'CHECKOUT', '2026-01-15 09:32:20', 'Employee check-out'),
(2381, 'E10', '2025-08-02', 'CHECKIN', '2026-01-15 09:32:20', 'Employee check-in'),
(2382, 'E10', '2025-08-02', 'CHECKOUT', '2026-01-15 09:32:20', 'Employee check-out'),
(2383, 'E10', '2025-08-03', 'CHECKIN', '2026-01-15 09:32:20', 'Employee check-in'),
(2384, 'E10', '2025-08-03', 'CHECKOUT', '2026-01-15 09:32:20', 'Employee check-out'),
(2385, 'E10', '2025-08-04', 'CHECKIN', '2026-01-15 09:32:20', 'Employee check-in'),
(2386, 'E10', '2025-08-04', 'CHECKOUT', '2026-01-15 09:32:20', 'Employee check-out'),
(2387, 'E10', '2025-08-05', 'CHECKIN', '2026-01-15 09:32:20', 'Employee check-in'),
(2388, 'E10', '2025-08-05', 'CHECKOUT', '2026-01-15 09:32:20', 'Employee check-out'),
(2389, 'E10', '2025-08-06', 'CHECKIN', '2026-01-15 09:32:20', 'Employee check-in'),
(2390, 'E10', '2025-08-06', 'CHECKOUT', '2026-01-15 09:32:20', 'Employee check-out'),
(2391, 'E10', '2025-08-09', 'CHECKIN', '2026-01-15 09:32:20', 'Employee check-in'),
(2392, 'E10', '2025-08-09', 'CHECKOUT', '2026-01-15 09:32:20', 'Employee check-out'),
(2393, 'E10', '2025-08-10', 'CHECKIN', '2026-01-15 09:32:20', 'Employee check-in'),
(2394, 'E10', '2025-08-10', 'CHECKOUT', '2026-01-15 09:32:20', 'Employee check-out'),
(2395, 'E10', '2025-08-11', 'CHECKIN', '2026-01-15 09:32:20', 'Employee check-in'),
(2396, 'E10', '2025-08-11', 'CHECKOUT', '2026-01-15 09:32:20', 'Employee check-out'),
(2397, 'E10', '2025-08-12', 'CHECKIN', '2026-01-15 09:32:20', 'Employee check-in'),
(2398, 'E10', '2025-08-12', 'CHECKOUT', '2026-01-15 09:32:20', 'Employee check-out'),
(2399, 'E10', '2025-08-13', 'CHECKIN', '2026-01-15 09:32:20', 'Employee check-in'),
(2400, 'E10', '2025-08-13', 'CHECKOUT', '2026-01-15 09:32:20', 'Employee check-out'),
(2401, 'E10', '2025-08-14', 'CHECKIN', '2026-01-15 09:32:20', 'Employee check-in'),
(2402, 'E10', '2025-08-14', 'CHECKOUT', '2026-01-15 09:32:20', 'Employee check-out'),
(2403, 'E10', '2025-08-15', 'CHECKIN', '2026-01-15 09:32:20', 'Employee check-in'),
(2404, 'E10', '2025-08-15', 'CHECKOUT', '2026-01-15 09:32:20', 'Employee check-out'),
(2405, 'E10', '2025-08-16', 'CHECKIN', '2026-01-15 09:32:20', 'Employee check-in'),
(2406, 'E10', '2025-08-16', 'CHECKOUT', '2026-01-15 09:32:20', 'Employee check-out'),
(2407, 'E10', '2025-08-17', 'CHECKIN', '2026-01-15 09:32:20', 'Employee check-in'),
(2408, 'E10', '2025-08-17', 'CHECKOUT', '2026-01-15 09:32:20', 'Employee check-out'),
(2409, 'E10', '2025-08-19', 'CHECKIN', '2026-01-15 09:32:20', 'Employee check-in'),
(2410, 'E10', '2025-08-19', 'CHECKOUT', '2026-01-15 09:32:20', 'Employee check-out'),
(2411, 'E10', '2025-08-20', 'CHECKIN', '2026-01-15 09:32:20', 'Employee check-in'),
(2412, 'E10', '2025-08-20', 'CHECKOUT', '2026-01-15 09:32:20', 'Employee check-out'),
(2413, 'E10', '2025-08-21', 'CHECKIN', '2026-01-15 09:32:20', 'Employee check-in'),
(2414, 'E10', '2025-08-21', 'CHECKOUT', '2026-01-15 09:32:20', 'Employee check-out'),
(2415, 'E10', '2025-08-23', 'CHECKIN', '2026-01-15 09:32:20', 'Employee check-in'),
(2416, 'E10', '2025-08-23', 'CHECKOUT', '2026-01-15 09:32:20', 'Employee check-out');
INSERT INTO `employee_attendance_log` (`LogID`, `EmployeeID`, `WorkDate`, `Action`, `ActionTime`, `Note`) VALUES
(2417, 'E10', '2025-08-24', 'CHECKIN', '2026-01-15 09:32:20', 'Employee check-in'),
(2418, 'E10', '2025-08-24', 'CHECKOUT', '2026-01-15 09:32:20', 'Employee check-out'),
(2419, 'E10', '2025-08-25', 'CHECKIN', '2026-01-15 09:32:20', 'Employee check-in'),
(2420, 'E10', '2025-08-25', 'CHECKOUT', '2026-01-15 09:32:20', 'Employee check-out'),
(2421, 'E10', '2025-08-26', 'CHECKIN', '2026-01-15 09:32:20', 'Employee check-in'),
(2422, 'E10', '2025-08-26', 'CHECKOUT', '2026-01-15 09:32:20', 'Employee check-out'),
(2423, 'E10', '2025-09-01', 'CHECKIN', '2026-01-15 09:32:20', 'Employee check-in'),
(2424, 'E10', '2025-09-01', 'CHECKOUT', '2026-01-15 09:32:20', 'Employee check-out'),
(2425, 'E10', '2025-09-03', 'CHECKIN', '2026-01-15 09:32:20', 'Employee check-in'),
(2426, 'E10', '2025-09-03', 'CHECKOUT', '2026-01-15 09:32:20', 'Employee check-out'),
(2427, 'E10', '2025-09-06', 'CHECKIN', '2026-01-15 09:32:20', 'Employee check-in'),
(2428, 'E10', '2025-09-06', 'CHECKOUT', '2026-01-15 09:32:20', 'Employee check-out'),
(2429, 'E10', '2025-09-09', 'CHECKIN', '2026-01-15 09:32:20', 'Employee check-in'),
(2430, 'E10', '2025-09-09', 'CHECKOUT', '2026-01-15 09:32:20', 'Employee check-out'),
(2431, 'E10', '2025-09-11', 'CHECKIN', '2026-01-15 09:32:20', 'Employee check-in'),
(2432, 'E10', '2025-09-11', 'CHECKOUT', '2026-01-15 09:32:20', 'Employee check-out'),
(2433, 'E10', '2025-09-12', 'CHECKIN', '2026-01-15 09:32:20', 'Employee check-in'),
(2434, 'E10', '2025-09-12', 'CHECKOUT', '2026-01-15 09:32:20', 'Employee check-out'),
(2435, 'E10', '2025-09-14', 'CHECKIN', '2026-01-15 09:32:20', 'Employee check-in'),
(2436, 'E10', '2025-09-14', 'CHECKOUT', '2026-01-15 09:32:20', 'Employee check-out'),
(2437, 'E10', '2025-09-15', 'CHECKIN', '2026-01-15 09:32:20', 'Employee check-in'),
(2438, 'E10', '2025-09-15', 'CHECKOUT', '2026-01-15 09:32:20', 'Employee check-out'),
(2439, 'E10', '2025-09-16', 'CHECKIN', '2026-01-15 09:32:20', 'Employee check-in'),
(2440, 'E10', '2025-09-16', 'CHECKOUT', '2026-01-15 09:32:20', 'Employee check-out'),
(2441, 'E10', '2025-09-17', 'CHECKIN', '2026-01-15 09:32:20', 'Employee check-in'),
(2442, 'E10', '2025-09-17', 'CHECKOUT', '2026-01-15 09:32:20', 'Employee check-out'),
(2443, 'E10', '2025-09-18', 'CHECKIN', '2026-01-15 09:32:20', 'Employee check-in'),
(2444, 'E10', '2025-09-18', 'CHECKOUT', '2026-01-15 09:32:20', 'Employee check-out'),
(2445, 'E10', '2025-09-20', 'CHECKIN', '2026-01-15 09:32:20', 'Employee check-in'),
(2446, 'E10', '2025-09-20', 'CHECKOUT', '2026-01-15 09:32:20', 'Employee check-out'),
(2447, 'E10', '2025-09-21', 'CHECKIN', '2026-01-15 09:32:20', 'Employee check-in'),
(2448, 'E10', '2025-09-21', 'CHECKOUT', '2026-01-15 09:32:20', 'Employee check-out'),
(2449, 'E10', '2025-09-22', 'CHECKIN', '2026-01-15 09:32:20', 'Employee check-in'),
(2450, 'E10', '2025-09-22', 'CHECKOUT', '2026-01-15 09:32:20', 'Employee check-out'),
(2451, 'E10', '2025-09-23', 'CHECKIN', '2026-01-15 09:32:20', 'Employee check-in'),
(2452, 'E10', '2025-09-23', 'CHECKOUT', '2026-01-15 09:32:20', 'Employee check-out'),
(2453, 'E10', '2025-09-24', 'CHECKIN', '2026-01-15 09:32:20', 'Employee check-in'),
(2454, 'E10', '2025-09-24', 'CHECKOUT', '2026-01-15 09:32:20', 'Employee check-out'),
(2455, 'E10', '2025-09-25', 'CHECKIN', '2026-01-15 09:32:20', 'Employee check-in'),
(2456, 'E10', '2025-09-25', 'CHECKOUT', '2026-01-15 09:32:20', 'Employee check-out'),
(2457, 'E10', '2025-09-26', 'CHECKIN', '2026-01-15 09:32:20', 'Employee check-in'),
(2458, 'E10', '2025-09-26', 'CHECKOUT', '2026-01-15 09:32:20', 'Employee check-out'),
(2459, 'E10', '2025-10-01', 'CHECKIN', '2026-01-15 09:32:20', 'Employee check-in'),
(2460, 'E10', '2025-10-01', 'CHECKOUT', '2026-01-15 09:32:20', 'Employee check-out'),
(2461, 'E10', '2025-10-02', 'CHECKIN', '2026-01-15 09:32:20', 'Employee check-in'),
(2462, 'E10', '2025-10-02', 'CHECKOUT', '2026-01-15 09:32:20', 'Employee check-out'),
(2463, 'E10', '2025-10-05', 'CHECKIN', '2026-01-15 09:32:20', 'Employee check-in'),
(2464, 'E10', '2025-10-05', 'CHECKOUT', '2026-01-15 09:32:20', 'Employee check-out'),
(2465, 'E10', '2025-10-08', 'CHECKIN', '2026-01-15 09:32:20', 'Employee check-in'),
(2466, 'E10', '2025-10-08', 'CHECKOUT', '2026-01-15 09:32:20', 'Employee check-out'),
(2467, 'E10', '2025-10-09', 'CHECKIN', '2026-01-15 09:32:20', 'Employee check-in'),
(2468, 'E10', '2025-10-09', 'CHECKOUT', '2026-01-15 09:32:20', 'Employee check-out'),
(2469, 'E10', '2025-10-12', 'CHECKIN', '2026-01-15 09:32:20', 'Employee check-in'),
(2470, 'E10', '2025-10-12', 'CHECKOUT', '2026-01-15 09:32:20', 'Employee check-out'),
(2471, 'E10', '2025-10-13', 'CHECKIN', '2026-01-15 09:32:20', 'Employee check-in'),
(2472, 'E10', '2025-10-13', 'CHECKOUT', '2026-01-15 09:32:20', 'Employee check-out'),
(2473, 'E10', '2025-10-14', 'CHECKIN', '2026-01-15 09:32:20', 'Employee check-in'),
(2474, 'E10', '2025-10-14', 'CHECKOUT', '2026-01-15 09:32:20', 'Employee check-out'),
(2475, 'E10', '2025-10-15', 'CHECKIN', '2026-01-15 09:32:20', 'Employee check-in'),
(2476, 'E10', '2025-10-15', 'CHECKOUT', '2026-01-15 09:32:20', 'Employee check-out'),
(2477, 'E10', '2025-10-16', 'CHECKIN', '2026-01-15 09:32:20', 'Employee check-in'),
(2478, 'E10', '2025-10-16', 'CHECKOUT', '2026-01-15 09:32:20', 'Employee check-out'),
(2479, 'E10', '2025-10-17', 'CHECKIN', '2026-01-15 09:32:20', 'Employee check-in'),
(2480, 'E10', '2025-10-17', 'CHECKOUT', '2026-01-15 09:32:20', 'Employee check-out'),
(2481, 'E10', '2025-10-18', 'CHECKIN', '2026-01-15 09:32:20', 'Employee check-in'),
(2482, 'E10', '2025-10-18', 'CHECKOUT', '2026-01-15 09:32:20', 'Employee check-out'),
(2483, 'E10', '2025-10-22', 'CHECKIN', '2026-01-15 09:32:20', 'Employee check-in'),
(2484, 'E10', '2025-10-22', 'CHECKOUT', '2026-01-15 09:32:20', 'Employee check-out'),
(2485, 'E10', '2025-10-23', 'CHECKIN', '2026-01-15 09:32:20', 'Employee check-in'),
(2486, 'E10', '2025-10-23', 'CHECKOUT', '2026-01-15 09:32:20', 'Employee check-out'),
(2487, 'E10', '2025-10-24', 'CHECKIN', '2026-01-15 09:32:20', 'Employee check-in'),
(2488, 'E10', '2025-10-24', 'CHECKOUT', '2026-01-15 09:32:20', 'Employee check-out'),
(2489, 'E10', '2025-10-25', 'CHECKIN', '2026-01-15 09:32:20', 'Employee check-in'),
(2490, 'E10', '2025-10-25', 'CHECKOUT', '2026-01-15 09:32:20', 'Employee check-out'),
(2491, 'E10', '2025-10-26', 'CHECKIN', '2026-01-15 09:32:20', 'Employee check-in'),
(2492, 'E10', '2025-10-26', 'CHECKOUT', '2026-01-15 09:32:20', 'Employee check-out'),
(2493, 'E10', '2025-11-01', 'CHECKIN', '2026-01-15 09:32:20', 'Employee check-in'),
(2494, 'E10', '2025-11-01', 'CHECKOUT', '2026-01-15 09:32:20', 'Employee check-out'),
(2495, 'E10', '2025-11-02', 'CHECKIN', '2026-01-15 09:32:20', 'Employee check-in'),
(2496, 'E10', '2025-11-02', 'CHECKOUT', '2026-01-15 09:32:20', 'Employee check-out'),
(2497, 'E10', '2025-11-03', 'CHECKIN', '2026-01-15 09:32:20', 'Employee check-in'),
(2498, 'E10', '2025-11-03', 'CHECKOUT', '2026-01-15 09:32:20', 'Employee check-out'),
(2499, 'E10', '2025-11-05', 'CHECKIN', '2026-01-15 09:32:20', 'Employee check-in'),
(2500, 'E10', '2025-11-05', 'CHECKOUT', '2026-01-15 09:32:20', 'Employee check-out'),
(2501, 'E10', '2025-11-06', 'CHECKIN', '2026-01-15 09:32:20', 'Employee check-in'),
(2502, 'E10', '2025-11-06', 'CHECKOUT', '2026-01-15 09:32:20', 'Employee check-out'),
(2503, 'E10', '2025-11-07', 'CHECKIN', '2026-01-15 09:32:20', 'Employee check-in'),
(2504, 'E10', '2025-11-07', 'CHECKOUT', '2026-01-15 09:32:20', 'Employee check-out'),
(2505, 'E10', '2025-11-08', 'CHECKIN', '2026-01-15 09:32:20', 'Employee check-in'),
(2506, 'E10', '2025-11-08', 'CHECKOUT', '2026-01-15 09:32:20', 'Employee check-out'),
(2507, 'E10', '2025-11-09', 'CHECKIN', '2026-01-15 09:32:20', 'Employee check-in'),
(2508, 'E10', '2025-11-09', 'CHECKOUT', '2026-01-15 09:32:20', 'Employee check-out'),
(2509, 'E10', '2025-11-10', 'CHECKIN', '2026-01-15 09:32:20', 'Employee check-in'),
(2510, 'E10', '2025-11-10', 'CHECKOUT', '2026-01-15 09:32:20', 'Employee check-out'),
(2511, 'E10', '2025-11-11', 'CHECKIN', '2026-01-15 09:32:20', 'Employee check-in'),
(2512, 'E10', '2025-11-11', 'CHECKOUT', '2026-01-15 09:32:20', 'Employee check-out'),
(2513, 'E10', '2025-11-12', 'CHECKIN', '2026-01-15 09:32:20', 'Employee check-in'),
(2514, 'E10', '2025-11-12', 'CHECKOUT', '2026-01-15 09:32:20', 'Employee check-out'),
(2515, 'E10', '2025-11-13', 'CHECKIN', '2026-01-15 09:32:20', 'Employee check-in'),
(2516, 'E10', '2025-11-13', 'CHECKOUT', '2026-01-15 09:32:20', 'Employee check-out'),
(2517, 'E10', '2025-11-14', 'CHECKIN', '2026-01-15 09:32:20', 'Employee check-in'),
(2518, 'E10', '2025-11-14', 'CHECKOUT', '2026-01-15 09:32:20', 'Employee check-out'),
(2519, 'E10', '2025-11-16', 'CHECKIN', '2026-01-15 09:32:20', 'Employee check-in'),
(2520, 'E10', '2025-11-16', 'CHECKOUT', '2026-01-15 09:32:20', 'Employee check-out'),
(2521, 'E10', '2025-11-17', 'CHECKIN', '2026-01-15 09:32:20', 'Employee check-in'),
(2522, 'E10', '2025-11-17', 'CHECKOUT', '2026-01-15 09:32:20', 'Employee check-out'),
(2523, 'E10', '2025-11-18', 'CHECKIN', '2026-01-15 09:32:20', 'Employee check-in'),
(2524, 'E10', '2025-11-18', 'CHECKOUT', '2026-01-15 09:32:20', 'Employee check-out'),
(2525, 'E10', '2025-11-19', 'CHECKIN', '2026-01-15 09:32:20', 'Employee check-in'),
(2526, 'E10', '2025-11-19', 'CHECKOUT', '2026-01-15 09:32:20', 'Employee check-out'),
(2527, 'E10', '2025-11-20', 'CHECKIN', '2026-01-15 09:32:20', 'Employee check-in'),
(2528, 'E10', '2025-11-20', 'CHECKOUT', '2026-01-15 09:32:20', 'Employee check-out'),
(2529, 'E10', '2025-11-21', 'CHECKIN', '2026-01-15 09:32:20', 'Employee check-in'),
(2530, 'E10', '2025-11-21', 'CHECKOUT', '2026-01-15 09:32:20', 'Employee check-out'),
(2531, 'E10', '2025-11-22', 'CHECKIN', '2026-01-15 09:32:20', 'Employee check-in'),
(2532, 'E10', '2025-11-22', 'CHECKOUT', '2026-01-15 09:32:20', 'Employee check-out'),
(2533, 'E10', '2025-11-24', 'CHECKIN', '2026-01-15 09:32:20', 'Employee check-in'),
(2534, 'E10', '2025-11-24', 'CHECKOUT', '2026-01-15 09:32:20', 'Employee check-out'),
(2535, 'E10', '2025-11-25', 'CHECKIN', '2026-01-15 09:32:20', 'Employee check-in'),
(2536, 'E10', '2025-11-25', 'CHECKOUT', '2026-01-15 09:32:20', 'Employee check-out'),
(2537, 'E10', '2025-11-26', 'CHECKIN', '2026-01-15 09:32:20', 'Employee check-in'),
(2538, 'E10', '2025-11-26', 'CHECKOUT', '2026-01-15 09:32:20', 'Employee check-out'),
(2539, 'E10', '2025-12-01', 'CHECKIN', '2026-01-15 09:32:20', 'Employee check-in'),
(2540, 'E10', '2025-12-01', 'CHECKOUT', '2026-01-15 09:32:20', 'Employee check-out'),
(2541, 'E10', '2025-12-02', 'CHECKIN', '2026-01-15 09:32:20', 'Employee check-in'),
(2542, 'E10', '2025-12-02', 'CHECKOUT', '2026-01-15 09:32:20', 'Employee check-out'),
(2543, 'E10', '2025-12-04', 'CHECKIN', '2026-01-15 09:32:20', 'Employee check-in'),
(2544, 'E10', '2025-12-04', 'CHECKOUT', '2026-01-15 09:32:20', 'Employee check-out'),
(2545, 'E10', '2025-12-05', 'CHECKIN', '2026-01-15 09:32:20', 'Employee check-in'),
(2546, 'E10', '2025-12-05', 'CHECKOUT', '2026-01-15 09:32:20', 'Employee check-out'),
(2547, 'E10', '2025-12-06', 'CHECKIN', '2026-01-15 09:32:20', 'Employee check-in'),
(2548, 'E10', '2025-12-06', 'CHECKOUT', '2026-01-15 09:32:20', 'Employee check-out'),
(2549, 'E10', '2025-12-07', 'CHECKIN', '2026-01-15 09:32:20', 'Employee check-in'),
(2550, 'E10', '2025-12-07', 'CHECKOUT', '2026-01-15 09:32:20', 'Employee check-out'),
(2551, 'E10', '2025-12-08', 'CHECKIN', '2026-01-15 09:32:20', 'Employee check-in'),
(2552, 'E10', '2025-12-08', 'CHECKOUT', '2026-01-15 09:32:20', 'Employee check-out'),
(2553, 'E10', '2025-12-09', 'CHECKIN', '2026-01-15 09:32:20', 'Employee check-in'),
(2554, 'E10', '2025-12-09', 'CHECKOUT', '2026-01-15 09:32:20', 'Employee check-out'),
(2555, 'E10', '2025-12-10', 'CHECKIN', '2026-01-15 09:32:20', 'Employee check-in'),
(2556, 'E10', '2025-12-10', 'CHECKOUT', '2026-01-15 09:32:20', 'Employee check-out'),
(2557, 'E10', '2025-12-11', 'CHECKIN', '2026-01-15 09:32:20', 'Employee check-in'),
(2558, 'E10', '2025-12-11', 'CHECKOUT', '2026-01-15 09:32:20', 'Employee check-out'),
(2559, 'E10', '2025-12-12', 'CHECKIN', '2026-01-15 09:32:20', 'Employee check-in'),
(2560, 'E10', '2025-12-12', 'CHECKOUT', '2026-01-15 09:32:20', 'Employee check-out'),
(2561, 'E10', '2025-12-13', 'CHECKIN', '2026-01-15 09:32:20', 'Employee check-in'),
(2562, 'E10', '2025-12-13', 'CHECKOUT', '2026-01-15 09:32:20', 'Employee check-out'),
(2563, 'E10', '2025-12-14', 'CHECKIN', '2026-01-15 09:32:20', 'Employee check-in'),
(2564, 'E10', '2025-12-14', 'CHECKOUT', '2026-01-15 09:32:20', 'Employee check-out'),
(2565, 'E10', '2025-12-15', 'CHECKIN', '2026-01-15 09:32:20', 'Employee check-in'),
(2566, 'E10', '2025-12-15', 'CHECKOUT', '2026-01-15 09:32:20', 'Employee check-out'),
(2567, 'E10', '2025-12-16', 'CHECKIN', '2026-01-15 09:32:20', 'Employee check-in'),
(2568, 'E10', '2025-12-16', 'CHECKOUT', '2026-01-15 09:32:20', 'Employee check-out'),
(2569, 'E10', '2025-12-18', 'CHECKIN', '2026-01-15 09:32:20', 'Employee check-in'),
(2570, 'E10', '2025-12-18', 'CHECKOUT', '2026-01-15 09:32:20', 'Employee check-out'),
(2571, 'E10', '2025-12-19', 'CHECKIN', '2026-01-15 09:32:20', 'Employee check-in'),
(2572, 'E10', '2025-12-19', 'CHECKOUT', '2026-01-15 09:32:20', 'Employee check-out'),
(2573, 'E10', '2025-12-22', 'CHECKIN', '2026-01-15 09:32:20', 'Employee check-in'),
(2574, 'E10', '2025-12-22', 'CHECKOUT', '2026-01-15 09:32:20', 'Employee check-out'),
(2575, 'E10', '2025-12-23', 'CHECKIN', '2026-01-15 09:32:20', 'Employee check-in'),
(2576, 'E10', '2025-12-23', 'CHECKOUT', '2026-01-15 09:32:20', 'Employee check-out'),
(2577, 'E10', '2025-12-24', 'CHECKIN', '2026-01-15 09:32:20', 'Employee check-in'),
(2578, 'E10', '2025-12-24', 'CHECKOUT', '2026-01-15 09:32:20', 'Employee check-out'),
(2579, 'E10', '2025-12-25', 'CHECKIN', '2026-01-15 09:32:20', 'Employee check-in'),
(2580, 'E10', '2025-12-25', 'CHECKOUT', '2026-01-15 09:32:20', 'Employee check-out'),
(2581, 'E10', '2025-12-26', 'CHECKIN', '2026-01-15 09:32:20', 'Employee check-in'),
(2582, 'E10', '2025-12-26', 'CHECKOUT', '2026-01-15 09:32:20', 'Employee check-out');

-- --------------------------------------------------------

--
-- Table structure for table `employee_bonus`
--

CREATE TABLE `employee_bonus` (
  `BonusID` varchar(30) NOT NULL,
  `PayrollID` varchar(30) DEFAULT NULL,
  `Description` varchar(255) DEFAULT NULL,
  `Amount` decimal(12,2) DEFAULT NULL,
  `BonusDate` date DEFAULT curdate()
) ENGINE=InnoDB DEFAULT CHARSET=utf8mb4 COLLATE=utf8mb4_general_ci;

--
-- Dumping data for table `employee_bonus`
--

INSERT INTO `employee_bonus` (`BonusID`, `PayrollID`, `Description`, `Amount`, `BonusDate`) VALUES
('B0601', 'P01', 'Thưởng KPI tháng 6', 1000000.00, '2025-06-30'),
('B0602', 'P02', 'Thưởng KPI tháng 6', 800000.00, '2025-06-30'),
('B0603', 'P03', 'Thưởng KPI tháng 6', 700000.00, '2025-06-30'),
('B0604', 'P04', 'Thưởng KPI tháng 6', 900000.00, '2025-06-30'),
('B0605', 'P05', 'Thưởng KPI tháng 6', 600000.00, '2025-06-30'),
('B0606', 'P06', 'Thưởng chuyên cần', 500000.00, '2025-06-30'),
('B0607', 'P07', 'Thưởng chuyên cần', 500000.00, '2025-06-30'),
('B0608', 'P08', 'Thưởng chuyên cần', 500000.00, '2025-06-30'),
('B0609', 'P09', 'Thưởng chuyên cần', 500000.00, '2025-06-30'),
('B0610', 'P10', 'Thưởng chuyên cần', 500000.00, '2025-06-30'),
('B0701', 'P10', 'Thưởng KPI tháng 7', 900000.00, '2025-07-31'),
('B0702', 'P11', 'Thưởng KPI tháng 7', 850000.00, '2025-07-31'),
('B0703', 'P12', 'Thưởng KPI tháng 7', 700000.00, '2025-07-31'),
('B0704', 'P13', 'Thưởng KPI tháng 7', 950000.00, '2025-07-31'),
('B0705', 'P14', 'Thưởng KPI tháng 7', 650000.00, '2025-07-31'),
('B0706', 'P15', 'Thưởng chuyên cần', 500000.00, '2025-07-31'),
('B0707', 'P16', 'Thưởng chuyên cần', 500000.00, '2025-07-31'),
('B0708', 'P17', 'Thưởng chuyên cần', 500000.00, '2025-07-31'),
('B0709', 'P18', 'Thưởng chuyên cần', 500000.00, '2025-07-31'),
('B0801', 'P19', 'Thưởng KPI tháng 8', 920000.00, '2025-08-31'),
('B0802', 'P20', 'Thưởng KPI tháng 8', 870000.00, '2025-08-31'),
('B0803', 'P21', 'Thưởng KPI tháng 8', 720000.00, '2025-08-31'),
('B0804', 'P22', 'Thưởng KPI tháng 8', 960000.00, '2025-08-31'),
('B0805', 'P23', 'Thưởng KPI tháng 8', 680000.00, '2025-08-31'),
('B0806', 'P24', 'Thưởng chuyên cần', 500000.00, '2025-08-31'),
('B0807', 'P25', 'Thưởng chuyên cần', 500000.00, '2025-08-31'),
('B0808', 'P26', 'Thưởng chuyên cần', 500000.00, '2025-08-31'),
('B0809', 'P27', 'Thưởng chuyên cần', 500000.00, '2025-08-31'),
('B0901', 'P28', 'Thưởng KPI tháng 9', 930000.00, '2025-09-30'),
('B0902', 'P29', 'Thưởng KPI tháng 9', 880000.00, '2025-09-30'),
('B0903', 'P30', 'Thưởng KPI tháng 9', 750000.00, '2025-09-30'),
('B0904', 'P31', 'Thưởng KPI tháng 9', 970000.00, '2025-09-30'),
('B0905', 'P32', 'Thưởng KPI tháng 9', 700000.00, '2025-09-30'),
('B0906', 'P33', 'Thưởng chuyên cần', 500000.00, '2025-09-30'),
('B0907', 'P34', 'Thưởng chuyên cần', 500000.00, '2025-09-30'),
('B0908', 'P35', 'Thưởng chuyên cần', 500000.00, '2025-09-30'),
('B0909', 'P36', 'Thưởng chuyên cần', 500000.00, '2025-09-30'),
('B1001', 'P37', 'Thưởng KPI tháng 10', 940000.00, '2025-10-31'),
('B1002', 'P38', 'Thưởng KPI tháng 10', 890000.00, '2025-10-31'),
('B1003', 'P39', 'Thưởng KPI tháng 10', 760000.00, '2025-10-31'),
('B1004', 'P40', 'Thưởng KPI tháng 10', 980000.00, '2025-10-31'),
('B1005', 'P41', 'Thưởng KPI tháng 10', 720000.00, '2025-10-31'),
('B1006', 'P42', 'Thưởng chuyên cần', 500000.00, '2025-10-31'),
('B1007', 'P43', 'Thưởng chuyên cần', 500000.00, '2025-10-31'),
('B1008', 'P44', 'Thưởng chuyên cần', 500000.00, '2025-10-31'),
('B1009', 'P45', 'Thưởng chuyên cần', 500000.00, '2025-10-31'),
('B1101', 'P46', 'Thưởng KPI tháng 11', 950000.00, '2025-11-30'),
('B1102', 'P47', 'Thưởng KPI tháng 11', 900000.00, '2025-11-30'),
('B1103', 'P48', 'Thưởng KPI tháng 11', 780000.00, '2025-11-30'),
('B1104', 'P49', 'Thưởng KPI tháng 11', 990000.00, '2025-11-30'),
('B1105', 'P50', 'Thưởng KPI tháng 11', 750000.00, '2025-11-30'),
('B1106', 'P51', 'Thưởng chuyên cần', 500000.00, '2025-11-30'),
('B1107', 'P52', 'Thưởng chuyên cần', 500000.00, '2025-11-30'),
('B1108', 'P53', 'Thưởng chuyên cần', 500000.00, '2025-11-30'),
('B1109', 'P54', 'Thưởng chuyên cần', 500000.00, '2025-11-30'),
('B1201', 'P55', 'Thưởng KPI tháng 12', 1000000.00, '2025-12-31'),
('B1202', 'P56', 'Thưởng KPI tháng 12', 950000.00, '2025-12-31'),
('B1203', 'P57', 'Thưởng KPI tháng 12', 800000.00, '2025-12-31'),
('B1204', 'P58', 'Thưởng KPI tháng 12', 1100000.00, '2025-12-31'),
('B1205', 'P59', 'Thưởng KPI tháng 12', 850000.00, '2025-12-31'),
('B1206', 'P60', 'Thưởng chuyên cần', 600000.00, '2025-12-31'),
('B1207', 'P61', 'Thưởng chuyên cần', 600000.00, '2025-12-31'),
('B1208', 'P62', 'Thưởng chuyên cần', 600000.00, '2025-12-31'),
('B1209', 'P63', 'Thưởng chuyên cần', 600000.00, '2025-12-31');

--
-- Triggers `employee_bonus`
--
DELIMITER $$
CREATE TRIGGER `trg_bonus_update_payroll` AFTER INSERT ON `employee_bonus` FOR EACH ROW BEGIN
    UPDATE EMPLOYEE_PAYROLL
    SET Bonus = IFNULL(Bonus, 0) + NEW.Amount
    WHERE PayrollID = NEW.PayrollID;
END
$$
DELIMITER ;

-- --------------------------------------------------------

--
-- Table structure for table `employee_checkin`
--

CREATE TABLE `employee_checkin` (
  `CheckInID` int(11) NOT NULL,
  `EmployeeID` varchar(30) DEFAULT NULL,
  `WorkDate` date DEFAULT curdate(),
  `CheckInTime` time DEFAULT curtime(),
  `CheckOutTime` time DEFAULT NULL,
  `IsLate` tinyint(1) DEFAULT 0
) ENGINE=InnoDB DEFAULT CHARSET=utf8mb4 COLLATE=utf8mb4_general_ci;

--
-- Dumping data for table `employee_checkin`
--

INSERT INTO `employee_checkin` (`CheckInID`, `EmployeeID`, `WorkDate`, `CheckInTime`, `CheckOutTime`, `IsLate`) VALUES
(1, 'E01', '2025-06-01', '08:10:10', '16:56:47', 1),
(2, 'E01', '2025-06-02', '07:40:14', '16:37:22', 0),
(3, 'E01', '2025-06-03', '08:24:30', '17:16:27', 1),
(4, 'E01', '2025-06-04', '07:53:52', '16:37:57', 0),
(5, 'E01', '2025-06-05', '08:08:32', '16:42:04', 1),
(6, 'E01', '2025-06-06', '08:28:52', '17:00:52', 1),
(7, 'E01', '2025-06-07', '07:59:34', '17:43:36', 0),
(8, 'E01', '2025-06-11', '07:51:06', '16:58:13', 0),
(9, 'E01', '2025-06-14', '08:08:44', '17:32:01', 1),
(10, 'E01', '2025-06-16', '08:32:07', '17:06:28', 1),
(11, 'E01', '2025-06-17', '08:33:07', '16:44:58', 1),
(12, 'E01', '2025-06-19', '08:02:33', '17:36:24', 1),
(13, 'E01', '2025-06-20', '08:15:34', '16:55:16', 1),
(14, 'E01', '2025-06-21', '07:57:06', '17:19:22', 0),
(15, 'E01', '2025-06-22', '08:27:31', '16:56:49', 1),
(16, 'E01', '2025-06-24', '07:41:56', '16:42:26', 0),
(17, 'E01', '2025-06-25', '08:13:08', '17:58:21', 1),
(18, 'E01', '2025-06-26', '07:58:49', '17:43:11', 0),
(19, 'E01', '2025-07-03', '07:51:03', '16:55:07', 0),
(20, 'E01', '2025-07-04', '08:02:37', '17:02:06', 1),
(21, 'E01', '2025-07-05', '07:51:29', '16:30:04', 0),
(22, 'E01', '2025-07-06', '07:48:44', '17:09:35', 0),
(23, 'E01', '2025-07-07', '08:09:26', '16:45:01', 1),
(24, 'E01', '2025-07-08', '07:58:54', '17:13:43', 0),
(25, 'E01', '2025-07-09', '08:37:35', '17:01:27', 1),
(26, 'E01', '2025-07-10', '07:57:26', '17:46:31', 0),
(27, 'E01', '2025-07-11', '08:00:42', '17:22:55', 1),
(28, 'E01', '2025-07-12', '08:25:34', '16:37:31', 1),
(29, 'E01', '2025-07-14', '08:29:07', '17:37:36', 1),
(30, 'E01', '2025-07-15', '07:54:41', '16:59:13', 0),
(31, 'E01', '2025-07-16', '08:08:21', '17:32:36', 1),
(32, 'E01', '2025-07-18', '08:33:10', '17:41:15', 1),
(33, 'E01', '2025-07-19', '07:47:23', '17:34:31', 0),
(34, 'E01', '2025-07-20', '08:35:28', '17:58:02', 1),
(35, 'E01', '2025-07-22', '08:33:46', '17:18:01', 1),
(36, 'E01', '2025-07-23', '07:57:46', '17:18:49', 0),
(37, 'E01', '2025-07-24', '08:09:29', '17:58:47', 1),
(38, 'E01', '2025-07-25', '07:59:52', '16:55:20', 0),
(39, 'E01', '2025-07-26', '07:53:33', '17:49:50', 0),
(40, 'E01', '2025-08-01', '07:47:37', '17:02:36', 0),
(41, 'E01', '2025-08-02', '07:43:59', '16:33:35', 0),
(42, 'E01', '2025-08-04', '08:04:53', '17:08:13', 1),
(43, 'E01', '2025-08-05', '07:47:06', '17:56:07', 0),
(44, 'E01', '2025-08-06', '07:56:28', '16:37:40', 0),
(45, 'E01', '2025-08-07', '08:25:32', '17:58:47', 1),
(46, 'E01', '2025-08-08', '07:59:02', '17:25:53', 0),
(47, 'E01', '2025-08-10', '07:42:27', '17:15:29', 0),
(48, 'E01', '2025-08-11', '08:10:21', '16:58:26', 1),
(49, 'E01', '2025-08-13', '08:18:03', '16:37:03', 1),
(50, 'E01', '2025-08-14', '07:52:37', '17:22:35', 0),
(51, 'E01', '2025-08-15', '08:22:08', '17:27:26', 1),
(52, 'E01', '2025-08-17', '07:56:31', '17:47:29', 0),
(53, 'E01', '2025-08-18', '08:28:31', '17:24:50', 1),
(54, 'E01', '2025-08-19', '07:56:16', '17:14:42', 0),
(55, 'E01', '2025-08-20', '08:31:41', '16:56:39', 1),
(56, 'E01', '2025-08-21', '08:15:41', '16:55:33', 1),
(57, 'E01', '2025-08-22', '07:59:33', '17:35:02', 0),
(58, 'E01', '2025-08-23', '07:40:40', '16:43:19', 0),
(59, 'E01', '2025-08-24', '07:45:25', '16:59:50', 0),
(60, 'E01', '2025-08-25', '08:36:16', '17:17:42', 1),
(61, 'E01', '2025-08-26', '08:15:36', '17:11:06', 1),
(62, 'E01', '2025-09-01', '07:48:47', '16:49:59', 0),
(63, 'E01', '2025-09-02', '08:21:23', '17:09:12', 1),
(64, 'E01', '2025-09-04', '08:31:33', '17:22:40', 1),
(65, 'E01', '2025-09-05', '08:39:07', '17:49:27', 1),
(66, 'E01', '2025-09-06', '08:18:23', '17:44:22', 1),
(67, 'E01', '2025-09-07', '08:14:50', '16:54:06', 1),
(68, 'E01', '2025-09-08', '07:50:52', '16:40:26', 0),
(69, 'E01', '2025-09-10', '07:42:37', '17:35:36', 0),
(70, 'E01', '2025-09-11', '08:02:48', '17:02:26', 1),
(71, 'E01', '2025-09-12', '07:53:41', '16:44:00', 0),
(72, 'E01', '2025-09-15', '08:16:13', '17:47:03', 1),
(73, 'E01', '2025-09-16', '08:26:46', '17:14:01', 1),
(74, 'E01', '2025-09-20', '08:06:22', '17:14:36', 1),
(75, 'E01', '2025-09-22', '07:44:55', '17:12:36', 0),
(76, 'E01', '2025-09-25', '07:52:58', '17:08:00', 0),
(77, 'E01', '2025-09-26', '07:42:45', '17:45:44', 0),
(78, 'E01', '2025-10-02', '08:35:42', '16:44:16', 1),
(79, 'E01', '2025-10-04', '08:26:47', '16:49:42', 1),
(80, 'E01', '2025-10-05', '07:47:00', '16:58:47', 0),
(81, 'E01', '2025-10-06', '07:57:10', '17:31:29', 0),
(82, 'E01', '2025-10-07', '08:24:16', '16:31:33', 1),
(83, 'E01', '2025-10-08', '07:58:42', '17:54:41', 0),
(84, 'E01', '2025-10-09', '07:41:28', '17:43:19', 0),
(85, 'E01', '2025-10-10', '08:13:13', '17:39:16', 1),
(86, 'E01', '2025-10-12', '08:14:32', '17:59:35', 1),
(87, 'E01', '2025-10-13', '07:56:00', '17:22:25', 0),
(88, 'E01', '2025-10-15', '08:22:52', '16:42:53', 1),
(89, 'E01', '2025-10-16', '08:06:01', '17:10:34', 1),
(90, 'E01', '2025-10-17', '08:04:40', '16:47:47', 1),
(91, 'E01', '2025-10-18', '07:50:49', '17:27:23', 0),
(92, 'E01', '2025-10-19', '07:59:25', '17:30:52', 0),
(93, 'E01', '2025-10-20', '07:41:37', '17:51:04', 0),
(94, 'E01', '2025-10-21', '08:04:57', '17:42:49', 1),
(95, 'E01', '2025-10-22', '08:13:31', '17:06:12', 1),
(96, 'E01', '2025-10-23', '08:08:08', '17:00:35', 1),
(97, 'E01', '2025-10-24', '08:06:23', '16:59:09', 1),
(98, 'E01', '2025-10-25', '08:11:47', '17:37:21', 1),
(99, 'E01', '2025-11-01', '07:47:33', '16:37:13', 0),
(100, 'E01', '2025-11-03', '07:58:07', '17:49:53', 0),
(101, 'E01', '2025-11-04', '08:39:59', '17:06:09', 1),
(102, 'E01', '2025-11-06', '07:50:21', '17:00:52', 0),
(103, 'E01', '2025-11-08', '07:52:12', '16:42:31', 0),
(104, 'E01', '2025-11-11', '08:35:36', '16:53:28', 1),
(105, 'E01', '2025-11-12', '08:30:17', '17:25:38', 1),
(106, 'E01', '2025-11-13', '07:41:40', '17:06:54', 0),
(107, 'E01', '2025-11-14', '08:16:10', '16:40:20', 1),
(108, 'E01', '2025-11-15', '08:09:02', '16:41:05', 1),
(109, 'E01', '2025-11-17', '08:25:27', '17:09:26', 1),
(110, 'E01', '2025-11-18', '07:56:36', '17:26:35', 0),
(111, 'E01', '2025-11-19', '08:21:03', '17:13:07', 1),
(112, 'E01', '2025-11-20', '07:56:31', '17:01:26', 0),
(113, 'E01', '2025-11-21', '08:13:13', '16:30:39', 1),
(114, 'E01', '2025-11-22', '08:31:23', '16:43:59', 1),
(115, 'E01', '2025-11-23', '08:14:22', '16:51:39', 1),
(116, 'E01', '2025-11-24', '08:22:00', '16:34:17', 1),
(117, 'E01', '2025-11-26', '07:59:10', '17:56:15', 0),
(118, 'E01', '2025-12-01', '07:57:16', '17:54:49', 0),
(119, 'E01', '2025-12-02', '08:04:45', '17:16:42', 1),
(120, 'E01', '2025-12-03', '07:53:38', '16:35:59', 0),
(121, 'E01', '2025-12-04', '07:43:07', '16:57:51', 0),
(122, 'E01', '2025-12-05', '07:41:43', '17:57:11', 0),
(123, 'E01', '2025-12-06', '08:33:04', '16:43:19', 1),
(124, 'E01', '2025-12-08', '08:21:31', '17:13:56', 1),
(125, 'E01', '2025-12-09', '08:01:41', '17:34:05', 1),
(126, 'E01', '2025-12-10', '07:54:35', '17:40:59', 0),
(127, 'E01', '2025-12-11', '08:22:12', '17:48:47', 1),
(128, 'E01', '2025-12-12', '08:22:30', '17:36:41', 1),
(129, 'E01', '2025-12-13', '08:20:40', '17:28:26', 1),
(130, 'E01', '2025-12-14', '07:46:55', '17:54:28', 0),
(131, 'E01', '2025-12-15', '08:35:12', '17:20:19', 1),
(132, 'E01', '2025-12-17', '08:03:37', '17:12:10', 1),
(133, 'E01', '2025-12-19', '08:12:00', '17:10:58', 1),
(134, 'E01', '2025-12-20', '07:41:00', '16:34:54', 0),
(135, 'E01', '2025-12-21', '08:36:45', '16:35:44', 1),
(136, 'E01', '2025-12-22', '07:52:50', '17:26:23', 0),
(137, 'E01', '2025-12-23', '08:14:28', '17:06:03', 1),
(138, 'E01', '2025-12-24', '07:51:38', '16:41:55', 0),
(139, 'E02', '2025-06-01', '08:35:03', '16:50:28', 1),
(140, 'E02', '2025-06-02', '07:54:19', '16:33:38', 0),
(141, 'E02', '2025-06-03', '07:58:39', '16:38:37', 0),
(142, 'E02', '2025-06-04', '08:06:27', '17:21:09', 1),
(143, 'E02', '2025-06-05', '08:33:21', '17:50:06', 1),
(144, 'E02', '2025-06-06', '07:54:28', '17:47:19', 0),
(145, 'E02', '2025-06-07', '07:57:04', '17:33:31', 0),
(146, 'E02', '2025-06-08', '07:55:25', '16:53:28', 0),
(147, 'E02', '2025-06-09', '08:32:55', '17:43:05', 1),
(148, 'E02', '2025-06-10', '08:18:03', '17:53:39', 1),
(149, 'E02', '2025-06-11', '08:35:58', '17:08:49', 1),
(150, 'E02', '2025-06-12', '08:09:52', '17:07:19', 1),
(151, 'E02', '2025-06-13', '08:19:15', '17:17:54', 1),
(152, 'E02', '2025-06-14', '08:33:46', '17:04:39', 1),
(153, 'E02', '2025-06-15', '07:41:48', '17:09:34', 0),
(154, 'E02', '2025-06-17', '08:27:09', '16:53:38', 1),
(155, 'E02', '2025-06-18', '08:39:33', '16:38:32', 1),
(156, 'E02', '2025-06-19', '07:51:55', '17:15:21', 0),
(157, 'E02', '2025-06-20', '07:46:19', '17:38:05', 0),
(158, 'E02', '2025-06-21', '07:43:48', '17:52:31', 0),
(159, 'E02', '2025-06-22', '07:53:26', '17:54:08', 0),
(160, 'E02', '2025-06-24', '07:42:03', '17:19:06', 0),
(161, 'E02', '2025-06-25', '08:09:32', '17:22:33', 1),
(162, 'E02', '2025-06-26', '08:07:44', '17:58:28', 1),
(163, 'E02', '2025-07-01', '08:21:38', '17:49:33', 1),
(164, 'E02', '2025-07-02', '07:42:17', '16:45:56', 0),
(165, 'E02', '2025-07-03', '07:59:28', '16:57:47', 0),
(166, 'E02', '2025-07-04', '08:35:37', '17:53:05', 1),
(167, 'E02', '2025-07-05', '08:04:14', '17:16:25', 1),
(168, 'E02', '2025-07-06', '07:57:12', '17:00:01', 0),
(169, 'E02', '2025-07-07', '07:42:15', '17:38:48', 0),
(170, 'E02', '2025-07-08', '07:55:29', '16:44:19', 0),
(171, 'E02', '2025-07-10', '07:45:36', '17:21:31', 0),
(172, 'E02', '2025-07-11', '07:51:21', '16:48:13', 0),
(173, 'E02', '2025-07-12', '08:17:02', '17:37:37', 1),
(174, 'E02', '2025-07-13', '07:56:13', '17:27:19', 0),
(175, 'E02', '2025-07-14', '08:37:34', '17:30:46', 1),
(176, 'E02', '2025-07-15', '08:07:46', '17:43:54', 1),
(177, 'E02', '2025-07-16', '07:47:27', '17:12:08', 0),
(178, 'E02', '2025-07-17', '08:06:15', '16:55:24', 1),
(179, 'E02', '2025-07-19', '08:36:41', '17:40:03', 1),
(180, 'E02', '2025-07-21', '08:16:12', '16:43:31', 1),
(181, 'E02', '2025-07-22', '07:55:12', '17:10:02', 0),
(182, 'E02', '2025-07-23', '08:39:07', '17:18:10', 1),
(183, 'E02', '2025-07-24', '08:39:41', '17:43:12', 1),
(184, 'E02', '2025-07-26', '08:16:51', '16:43:54', 1),
(185, 'E02', '2025-08-01', '07:51:11', '16:42:49', 0),
(186, 'E02', '2025-08-03', '07:53:26', '16:39:55', 0),
(187, 'E02', '2025-08-04', '07:43:57', '17:32:16', 0),
(188, 'E02', '2025-08-05', '07:53:53', '17:03:39', 0),
(189, 'E02', '2025-08-07', '07:54:05', '17:52:39', 0),
(190, 'E02', '2025-08-08', '08:20:58', '17:37:36', 1),
(191, 'E02', '2025-08-09', '07:57:06', '16:57:10', 0),
(192, 'E02', '2025-08-10', '08:02:08', '17:49:09', 1),
(193, 'E02', '2025-08-11', '08:28:59', '16:48:48', 1),
(194, 'E02', '2025-08-12', '08:01:03', '17:57:07', 1),
(195, 'E02', '2025-08-13', '07:42:04', '17:42:53', 0),
(196, 'E02', '2025-08-14', '07:57:53', '17:28:54', 0),
(197, 'E02', '2025-08-15', '08:35:38', '17:15:11', 1),
(198, 'E02', '2025-08-16', '07:48:07', '17:14:20', 0),
(199, 'E02', '2025-08-18', '08:31:23', '17:48:02', 1),
(200, 'E02', '2025-08-19', '07:53:43', '17:46:04', 0),
(201, 'E02', '2025-08-20', '07:50:02', '16:49:19', 0),
(202, 'E02', '2025-08-21', '07:52:45', '17:01:26', 0),
(203, 'E02', '2025-08-23', '07:48:47', '16:52:24', 0),
(204, 'E02', '2025-08-24', '07:56:54', '17:59:16', 0),
(205, 'E02', '2025-08-26', '08:18:13', '17:05:42', 1),
(206, 'E02', '2025-09-03', '08:22:39', '17:25:35', 1),
(207, 'E02', '2025-09-04', '08:35:23', '17:37:33', 1),
(208, 'E02', '2025-09-05', '08:19:55', '17:03:56', 1),
(209, 'E02', '2025-09-06', '07:58:44', '17:50:35', 0),
(210, 'E02', '2025-09-07', '07:40:53', '17:10:46', 0),
(211, 'E02', '2025-09-08', '08:24:52', '16:36:43', 1),
(212, 'E02', '2025-09-10', '08:25:01', '17:11:59', 1),
(213, 'E02', '2025-09-13', '08:39:57', '17:22:01', 1),
(214, 'E02', '2025-09-14', '08:23:44', '17:57:04', 1),
(215, 'E02', '2025-09-15', '08:00:50', '17:40:51', 1),
(216, 'E02', '2025-09-16', '07:46:35', '17:47:57', 0),
(217, 'E02', '2025-09-18', '07:42:11', '17:56:13', 0),
(218, 'E02', '2025-09-19', '08:11:49', '17:24:52', 1),
(219, 'E02', '2025-09-20', '08:07:17', '17:51:23', 1),
(220, 'E02', '2025-09-23', '07:53:49', '17:13:30', 0),
(221, 'E02', '2025-09-24', '07:50:57', '17:36:01', 0),
(222, 'E02', '2025-09-26', '08:18:24', '16:30:00', 1),
(223, 'E02', '2025-10-02', '08:25:17', '17:21:59', 1),
(224, 'E02', '2025-10-03', '08:03:13', '16:35:39', 1),
(225, 'E02', '2025-10-05', '08:05:31', '17:05:40', 1),
(226, 'E02', '2025-10-06', '08:00:22', '17:22:16', 1),
(227, 'E02', '2025-10-07', '08:21:01', '17:38:41', 1),
(228, 'E02', '2025-10-08', '08:12:01', '17:03:44', 1),
(229, 'E02', '2025-10-09', '07:54:32', '17:05:13', 0),
(230, 'E02', '2025-10-10', '08:38:26', '16:46:22', 1),
(231, 'E02', '2025-10-11', '08:03:22', '17:58:48', 1),
(232, 'E02', '2025-10-12', '08:31:52', '16:32:30', 1),
(233, 'E02', '2025-10-13', '08:18:44', '17:23:09', 1),
(234, 'E02', '2025-10-15', '08:09:36', '17:18:48', 1),
(235, 'E02', '2025-10-16', '08:11:43', '17:55:34', 1),
(236, 'E02', '2025-10-18', '08:05:41', '16:46:25', 1),
(237, 'E02', '2025-10-19', '08:15:29', '16:36:39', 1),
(238, 'E02', '2025-10-20', '08:25:18', '17:59:01', 1),
(239, 'E02', '2025-10-21', '08:06:13', '16:42:49', 1),
(240, 'E02', '2025-10-22', '08:14:42', '17:31:59', 1),
(241, 'E02', '2025-10-23', '08:08:37', '16:53:20', 1),
(242, 'E02', '2025-10-24', '08:12:56', '16:43:21', 1),
(243, 'E02', '2025-11-01', '07:54:29', '17:24:41', 0),
(244, 'E02', '2025-11-02', '08:24:52', '17:41:44', 1),
(245, 'E02', '2025-11-03', '07:58:57', '17:02:02', 0),
(246, 'E02', '2025-11-04', '07:45:29', '17:56:34', 0),
(247, 'E02', '2025-11-05', '08:27:17', '17:00:20', 1),
(248, 'E02', '2025-11-06', '08:15:30', '17:59:42', 1),
(249, 'E02', '2025-11-07', '07:43:15', '17:28:01', 0),
(250, 'E02', '2025-11-09', '08:19:28', '16:46:44', 1),
(251, 'E02', '2025-11-10', '07:53:23', '16:52:12', 0),
(252, 'E02', '2025-11-11', '07:44:58', '17:34:53', 0),
(253, 'E02', '2025-11-12', '08:17:00', '16:31:27', 1),
(254, 'E02', '2025-11-13', '07:46:12', '17:44:22', 0),
(255, 'E02', '2025-11-14', '08:17:43', '17:31:04', 1),
(256, 'E02', '2025-11-15', '08:09:56', '17:57:38', 1),
(257, 'E02', '2025-11-16', '08:36:21', '17:22:11', 1),
(258, 'E02', '2025-11-18', '07:45:39', '17:12:10', 0),
(259, 'E02', '2025-11-20', '07:57:08', '17:37:30', 0),
(260, 'E02', '2025-11-21', '07:52:51', '17:05:21', 0),
(261, 'E02', '2025-11-22', '08:05:46', '16:46:24', 1),
(262, 'E02', '2025-11-23', '08:14:08', '17:57:44', 1),
(263, 'E02', '2025-11-25', '07:44:37', '17:27:13', 0),
(264, 'E02', '2025-11-26', '08:30:06', '16:59:40', 1),
(265, 'E02', '2025-12-02', '07:52:40', '17:48:21', 0),
(266, 'E02', '2025-12-03', '08:39:13', '17:39:53', 1),
(267, 'E02', '2025-12-04', '07:56:31', '17:25:17', 0),
(268, 'E02', '2025-12-05', '08:03:04', '16:46:48', 1),
(269, 'E02', '2025-12-06', '08:00:18', '17:01:43', 1),
(270, 'E02', '2025-12-07', '08:20:52', '16:44:42', 1),
(271, 'E02', '2025-12-08', '08:02:22', '17:19:15', 1),
(272, 'E02', '2025-12-09', '08:06:42', '17:03:38', 1),
(273, 'E02', '2025-12-10', '08:12:48', '16:41:57', 1),
(274, 'E02', '2025-12-12', '08:11:53', '17:14:39', 1),
(275, 'E02', '2025-12-13', '08:36:27', '16:34:16', 1),
(276, 'E02', '2025-12-14', '08:35:45', '17:06:17', 1),
(277, 'E02', '2025-12-15', '08:35:56', '17:57:50', 1),
(278, 'E02', '2025-12-17', '07:52:02', '17:17:54', 0),
(279, 'E02', '2025-12-19', '07:59:10', '17:14:57', 0),
(280, 'E02', '2025-12-20', '07:51:42', '17:02:21', 0),
(281, 'E02', '2025-12-21', '08:39:00', '16:55:09', 1),
(282, 'E02', '2025-12-22', '08:03:56', '17:28:46', 1),
(283, 'E02', '2025-12-24', '08:21:45', '17:00:37', 1),
(284, 'E02', '2025-12-25', '07:42:49', '17:05:33', 0),
(285, 'E02', '2025-12-26', '08:39:03', '17:07:47', 1),
(286, 'E03', '2025-06-02', '08:35:28', '16:48:24', 1),
(287, 'E03', '2025-06-03', '08:17:47', '17:06:15', 1),
(288, 'E03', '2025-06-05', '08:22:07', '16:53:46', 1),
(289, 'E03', '2025-06-06', '07:57:01', '17:39:30', 0),
(290, 'E03', '2025-06-08', '08:19:08', '16:34:37', 1),
(291, 'E03', '2025-06-09', '08:00:36', '17:43:39', 1),
(292, 'E03', '2025-06-11', '07:45:27', '17:49:57', 0),
(293, 'E03', '2025-06-14', '08:04:36', '17:49:24', 1),
(294, 'E03', '2025-06-16', '08:24:23', '17:53:45', 1),
(295, 'E03', '2025-06-17', '08:02:29', '17:21:38', 1),
(296, 'E03', '2025-06-18', '07:40:02', '17:39:21', 0),
(297, 'E03', '2025-06-19', '08:36:32', '16:44:17', 1),
(298, 'E03', '2025-06-20', '08:01:34', '17:50:42', 1),
(299, 'E03', '2025-06-21', '07:59:57', '17:10:25', 0),
(300, 'E03', '2025-06-22', '08:33:36', '17:35:04', 1),
(301, 'E03', '2025-06-23', '08:10:17', '17:34:47', 1),
(302, 'E03', '2025-06-25', '07:44:11', '17:19:55', 0),
(303, 'E03', '2025-06-26', '07:49:16', '16:37:21', 0),
(304, 'E03', '2025-07-01', '08:08:48', '17:20:54', 1),
(305, 'E03', '2025-07-02', '07:54:27', '16:33:48', 0),
(306, 'E03', '2025-07-03', '07:58:53', '16:39:52', 0),
(307, 'E03', '2025-07-04', '08:21:24', '17:27:29', 1),
(308, 'E03', '2025-07-06', '07:48:47', '17:25:54', 0),
(309, 'E03', '2025-07-07', '08:08:04', '17:00:42', 1),
(310, 'E03', '2025-07-08', '08:09:08', '17:17:03', 1),
(311, 'E03', '2025-07-10', '08:16:43', '17:06:58', 1),
(312, 'E03', '2025-07-11', '08:31:23', '17:26:34', 1),
(313, 'E03', '2025-07-12', '08:39:05', '16:48:09', 1),
(314, 'E03', '2025-07-14', '07:49:50', '17:44:08', 0),
(315, 'E03', '2025-07-15', '08:19:59', '17:10:29', 1),
(316, 'E03', '2025-07-16', '08:33:53', '17:36:46', 1),
(317, 'E03', '2025-07-18', '07:52:29', '17:13:57', 0),
(318, 'E03', '2025-07-19', '08:17:18', '17:29:09', 1),
(319, 'E03', '2025-07-20', '07:47:50', '17:05:14', 0),
(320, 'E03', '2025-07-21', '08:19:21', '17:22:17', 1),
(321, 'E03', '2025-07-22', '08:36:34', '17:51:18', 1),
(322, 'E03', '2025-07-23', '08:23:51', '17:23:06', 1),
(323, 'E03', '2025-07-24', '07:41:07', '17:43:46', 0),
(324, 'E03', '2025-07-26', '08:18:34', '17:55:40', 1),
(325, 'E03', '2025-08-01', '07:58:03', '16:30:57', 0),
(326, 'E03', '2025-08-03', '07:49:14', '17:24:37', 0),
(327, 'E03', '2025-08-04', '07:42:24', '17:13:36', 0),
(328, 'E03', '2025-08-05', '07:43:27', '17:04:20', 0),
(329, 'E03', '2025-08-06', '08:11:41', '17:09:21', 1),
(330, 'E03', '2025-08-07', '08:21:47', '17:30:58', 1),
(331, 'E03', '2025-08-08', '08:07:28', '17:05:33', 1),
(332, 'E03', '2025-08-09', '08:29:27', '16:58:23', 1),
(333, 'E03', '2025-08-11', '08:14:01', '16:39:37', 1),
(334, 'E03', '2025-08-12', '08:30:50', '17:36:15', 1),
(335, 'E03', '2025-08-14', '07:40:33', '17:23:10', 0),
(336, 'E03', '2025-08-15', '08:31:30', '17:16:15', 1),
(337, 'E03', '2025-08-16', '08:05:49', '16:45:12', 1),
(338, 'E03', '2025-08-17', '07:55:32', '17:27:12', 0),
(339, 'E03', '2025-08-18', '07:45:53', '16:55:56', 0),
(340, 'E03', '2025-08-20', '08:33:52', '17:49:52', 1),
(341, 'E03', '2025-08-21', '07:43:22', '16:34:31', 0),
(342, 'E03', '2025-08-23', '07:43:21', '17:14:51', 0),
(343, 'E03', '2025-08-24', '07:47:30', '17:28:48', 0),
(344, 'E03', '2025-08-25', '08:09:48', '17:42:51', 1),
(345, 'E03', '2025-08-26', '08:01:37', '16:41:36', 1),
(346, 'E03', '2025-09-01', '08:05:51', '17:11:45', 1),
(347, 'E03', '2025-09-03', '08:17:51', '17:53:33', 1),
(348, 'E03', '2025-09-04', '08:37:35', '17:19:44', 1),
(349, 'E03', '2025-09-05', '08:25:28', '16:42:37', 1),
(350, 'E03', '2025-09-06', '08:23:06', '16:57:43', 1),
(351, 'E03', '2025-09-07', '07:40:13', '17:47:35', 0),
(352, 'E03', '2025-09-08', '08:34:34', '17:28:31', 1),
(353, 'E03', '2025-09-09', '08:19:50', '17:37:35', 1),
(354, 'E03', '2025-09-10', '08:13:48', '17:17:27', 1),
(355, 'E03', '2025-09-11', '07:48:52', '17:51:07', 0),
(356, 'E03', '2025-09-13', '08:32:33', '17:18:32', 1),
(357, 'E03', '2025-09-15', '08:06:20', '16:30:36', 1),
(358, 'E03', '2025-09-16', '08:13:48', '17:30:04', 1),
(359, 'E03', '2025-09-17', '07:53:55', '16:49:47', 0),
(360, 'E03', '2025-09-18', '08:01:16', '17:20:48', 1),
(361, 'E03', '2025-09-19', '07:46:06', '16:50:52', 0),
(362, 'E03', '2025-09-20', '08:14:25', '16:57:35', 1),
(363, 'E03', '2025-09-21', '07:48:28', '16:54:18', 0),
(364, 'E03', '2025-09-22', '08:29:17', '16:59:33', 1),
(365, 'E03', '2025-09-24', '08:38:46', '16:47:09', 1),
(366, 'E03', '2025-09-26', '08:07:54', '17:43:47', 1),
(367, 'E03', '2025-10-01', '07:43:40', '16:47:24', 0),
(368, 'E03', '2025-10-02', '08:00:14', '17:00:12', 1),
(369, 'E03', '2025-10-03', '07:59:32', '17:26:35', 0),
(370, 'E03', '2025-10-05', '07:54:24', '17:02:04', 0),
(371, 'E03', '2025-10-07', '07:40:18', '16:58:02', 0),
(372, 'E03', '2025-10-08', '08:26:44', '16:54:04', 1),
(373, 'E03', '2025-10-09', '07:51:49', '17:58:40', 0),
(374, 'E03', '2025-10-10', '08:23:18', '17:24:12', 1),
(375, 'E03', '2025-10-11', '08:05:24', '17:22:07', 1),
(376, 'E03', '2025-10-12', '08:03:18', '16:36:02', 1),
(377, 'E03', '2025-10-14', '08:24:06', '17:35:34', 1),
(378, 'E03', '2025-10-15', '07:40:09', '17:33:02', 0),
(379, 'E03', '2025-10-16', '08:02:02', '17:02:01', 1),
(380, 'E03', '2025-10-17', '07:58:58', '17:19:35', 0),
(381, 'E03', '2025-10-18', '08:02:40', '17:12:22', 1),
(382, 'E03', '2025-10-19', '08:21:28', '17:41:28', 1),
(383, 'E03', '2025-10-20', '07:46:02', '17:43:13', 0),
(384, 'E03', '2025-10-21', '08:03:23', '17:28:35', 1),
(385, 'E03', '2025-10-23', '07:46:47', '16:43:02', 0),
(386, 'E03', '2025-10-24', '08:09:11', '16:55:11', 1),
(387, 'E03', '2025-10-25', '08:31:41', '17:13:46', 1),
(388, 'E03', '2025-10-26', '08:26:45', '17:01:45', 1),
(389, 'E03', '2025-11-01', '07:44:35', '16:39:10', 0),
(390, 'E03', '2025-11-02', '07:45:37', '17:26:38', 0),
(391, 'E03', '2025-11-03', '08:06:13', '17:23:09', 1),
(392, 'E03', '2025-11-04', '08:06:15', '16:53:36', 1),
(393, 'E03', '2025-11-05', '07:52:19', '16:32:50', 0),
(394, 'E03', '2025-11-06', '08:16:53', '17:10:19', 1),
(395, 'E03', '2025-11-07', '08:18:13', '17:59:43', 1),
(396, 'E03', '2025-11-09', '08:18:57', '16:41:17', 1),
(397, 'E03', '2025-11-10', '07:41:19', '16:36:27', 0),
(398, 'E03', '2025-11-11', '07:54:50', '17:02:21', 0),
(399, 'E03', '2025-11-14', '08:11:06', '16:41:19', 1),
(400, 'E03', '2025-11-16', '08:23:49', '17:31:20', 1),
(401, 'E03', '2025-11-17', '07:42:18', '17:18:45', 0),
(402, 'E03', '2025-11-18', '08:00:43', '17:54:57', 1),
(403, 'E03', '2025-11-19', '08:15:22', '17:50:29', 1),
(404, 'E03', '2025-11-20', '08:30:00', '16:35:11', 1),
(405, 'E03', '2025-11-21', '08:26:01', '17:12:25', 1),
(406, 'E03', '2025-11-23', '07:48:54', '16:43:49', 0),
(407, 'E03', '2025-11-24', '07:49:12', '17:41:50', 0),
(408, 'E03', '2025-11-25', '07:55:42', '17:34:18', 0),
(409, 'E03', '2025-11-26', '08:27:45', '17:25:27', 1),
(410, 'E03', '2025-12-01', '08:16:51', '17:59:27', 1),
(411, 'E03', '2025-12-03', '08:33:26', '17:14:06', 1),
(412, 'E03', '2025-12-04', '08:05:17', '17:39:33', 1),
(413, 'E03', '2025-12-05', '08:20:39', '17:23:06', 1),
(414, 'E03', '2025-12-06', '08:29:04', '17:00:15', 1),
(415, 'E03', '2025-12-07', '07:47:51', '17:57:24', 0),
(416, 'E03', '2025-12-08', '08:04:07', '17:25:52', 1),
(417, 'E03', '2025-12-09', '08:17:32', '17:09:14', 1),
(418, 'E03', '2025-12-10', '07:52:23', '16:41:11', 0),
(419, 'E03', '2025-12-12', '07:50:37', '17:57:51', 0),
(420, 'E03', '2025-12-13', '08:29:06', '16:34:00', 1),
(421, 'E03', '2025-12-14', '08:22:02', '16:48:18', 1),
(422, 'E03', '2025-12-15', '08:37:46', '16:36:23', 1),
(423, 'E03', '2025-12-16', '07:47:05', '16:47:19', 0),
(424, 'E03', '2025-12-17', '08:07:39', '17:13:20', 1),
(425, 'E03', '2025-12-19', '07:59:16', '17:21:09', 0),
(426, 'E03', '2025-12-20', '08:21:22', '17:42:57', 1),
(427, 'E03', '2025-12-21', '08:09:27', '17:15:03', 1),
(428, 'E03', '2025-12-23', '07:49:36', '17:46:29', 0),
(429, 'E03', '2025-12-24', '07:57:46', '16:45:36', 0),
(430, 'E03', '2025-12-25', '08:02:14', '17:52:45', 1),
(431, 'E03', '2025-12-26', '08:19:59', '17:49:02', 1),
(432, 'E04', '2025-06-01', '07:59:18', '17:09:09', 0),
(433, 'E04', '2025-06-02', '08:24:37', '16:38:02', 1),
(434, 'E04', '2025-06-03', '08:28:31', '17:05:46', 1),
(435, 'E04', '2025-06-04', '08:16:56', '17:05:22', 1),
(436, 'E04', '2025-06-06', '08:22:49', '16:59:27', 1),
(437, 'E04', '2025-06-07', '08:09:36', '17:58:22', 1),
(438, 'E04', '2025-06-08', '07:51:58', '17:34:00', 0),
(439, 'E04', '2025-06-09', '08:19:08', '17:05:09', 1),
(440, 'E04', '2025-06-10', '08:28:23', '16:34:06', 1),
(441, 'E04', '2025-06-11', '08:34:22', '16:39:31', 1),
(442, 'E04', '2025-06-12', '08:24:02', '16:51:32', 1),
(443, 'E04', '2025-06-13', '07:55:17', '16:56:09', 0),
(444, 'E04', '2025-06-14', '08:14:11', '17:40:36', 1),
(445, 'E04', '2025-06-15', '08:22:36', '17:52:06', 1),
(446, 'E04', '2025-06-16', '08:05:06', '17:41:55', 1),
(447, 'E04', '2025-06-17', '07:58:17', '16:57:16', 0),
(448, 'E04', '2025-06-18', '07:45:39', '17:30:12', 0),
(449, 'E04', '2025-06-20', '08:00:33', '17:41:31', 1),
(450, 'E04', '2025-06-21', '08:00:44', '17:50:07', 1),
(451, 'E04', '2025-06-22', '08:03:59', '17:38:08', 1),
(452, 'E04', '2025-06-23', '08:19:36', '17:18:42', 1),
(453, 'E04', '2025-06-24', '07:40:18', '17:46:22', 0),
(454, 'E04', '2025-06-25', '08:15:33', '16:55:11', 1),
(455, 'E04', '2025-06-26', '07:56:05', '17:12:50', 0),
(456, 'E04', '2025-07-01', '08:06:55', '17:16:37', 1),
(457, 'E04', '2025-07-02', '08:19:51', '17:23:11', 1),
(458, 'E04', '2025-07-03', '07:42:13', '16:56:58', 0),
(459, 'E04', '2025-07-04', '07:42:07', '16:31:27', 0),
(460, 'E04', '2025-07-05', '08:29:34', '16:48:31', 1),
(461, 'E04', '2025-07-06', '07:48:08', '16:32:25', 0),
(462, 'E04', '2025-07-07', '08:13:21', '17:23:49', 1),
(463, 'E04', '2025-07-08', '08:29:02', '16:40:46', 1),
(464, 'E04', '2025-07-10', '08:05:23', '17:59:52', 1),
(465, 'E04', '2025-07-11', '08:17:21', '17:54:44', 1),
(466, 'E04', '2025-07-12', '08:02:36', '17:02:39', 1),
(467, 'E04', '2025-07-13', '07:59:53', '17:24:32', 0),
(468, 'E04', '2025-07-15', '08:20:40', '16:58:47', 1),
(469, 'E04', '2025-07-16', '08:32:10', '17:28:29', 1),
(470, 'E04', '2025-07-17', '07:55:22', '17:02:12', 0),
(471, 'E04', '2025-07-21', '08:05:14', '16:38:55', 1),
(472, 'E04', '2025-07-22', '08:32:12', '17:28:31', 1),
(473, 'E04', '2025-07-23', '07:55:08', '17:00:33', 0),
(474, 'E04', '2025-07-24', '08:21:14', '17:25:10', 1),
(475, 'E04', '2025-08-01', '08:30:00', '17:19:30', 1),
(476, 'E04', '2025-08-02', '08:15:51', '16:51:35', 1),
(477, 'E04', '2025-08-03', '07:58:45', '17:00:56', 0),
(478, 'E04', '2025-08-04', '08:32:23', '16:32:04', 1),
(479, 'E04', '2025-08-05', '08:04:31', '17:20:10', 1),
(480, 'E04', '2025-08-06', '07:47:52', '17:57:40', 0),
(481, 'E04', '2025-08-07', '08:07:44', '17:49:15', 1),
(482, 'E04', '2025-08-09', '07:49:25', '17:11:29', 0),
(483, 'E04', '2025-08-10', '08:27:13', '17:08:56', 1),
(484, 'E04', '2025-08-11', '08:22:54', '16:45:03', 1),
(485, 'E04', '2025-08-12', '08:37:15', '17:32:48', 1),
(486, 'E04', '2025-08-13', '07:42:15', '16:57:52', 0),
(487, 'E04', '2025-08-14', '07:54:51', '17:53:56', 0),
(488, 'E04', '2025-08-15', '08:28:04', '16:52:15', 1),
(489, 'E04', '2025-08-16', '08:05:17', '17:24:50', 1),
(490, 'E04', '2025-08-17', '07:44:55', '16:35:45', 0),
(491, 'E04', '2025-08-20', '08:29:14', '16:38:04', 1),
(492, 'E04', '2025-08-21', '08:19:39', '17:01:11', 1),
(493, 'E04', '2025-08-22', '08:22:34', '16:56:51', 1),
(494, 'E04', '2025-08-23', '08:35:24', '17:17:17', 1),
(495, 'E04', '2025-08-24', '08:22:38', '17:58:16', 1),
(496, 'E04', '2025-08-25', '08:35:05', '16:54:42', 1),
(497, 'E04', '2025-08-26', '07:56:06', '17:13:50', 0),
(498, 'E04', '2025-09-01', '08:21:26', '17:20:33', 1),
(499, 'E04', '2025-09-02', '07:40:03', '17:41:25', 0),
(500, 'E04', '2025-09-03', '08:06:27', '16:58:05', 1),
(501, 'E04', '2025-09-04', '07:55:09', '17:19:26', 0),
(502, 'E04', '2025-09-05', '07:57:46', '17:16:22', 0),
(503, 'E04', '2025-09-06', '08:33:29', '17:05:35', 1),
(504, 'E04', '2025-09-07', '07:59:30', '17:34:39', 0),
(505, 'E04', '2025-09-08', '08:35:52', '17:42:25', 1),
(506, 'E04', '2025-09-09', '08:23:55', '17:57:32', 1),
(507, 'E04', '2025-09-10', '08:05:04', '16:37:52', 1),
(508, 'E04', '2025-09-12', '08:24:05', '17:33:10', 1),
(509, 'E04', '2025-09-13', '08:05:10', '16:46:26', 1),
(510, 'E04', '2025-09-14', '08:23:36', '17:30:12', 1),
(511, 'E04', '2025-09-16', '08:15:07', '17:13:07', 1),
(512, 'E04', '2025-09-17', '08:25:39', '17:49:45', 1),
(513, 'E04', '2025-09-20', '08:15:09', '16:32:41', 1),
(514, 'E04', '2025-09-21', '08:32:15', '16:46:04', 1),
(515, 'E04', '2025-09-22', '08:31:53', '17:13:33', 1),
(516, 'E04', '2025-09-23', '08:20:21', '17:49:59', 1),
(517, 'E04', '2025-09-24', '08:07:46', '16:33:18', 1),
(518, 'E04', '2025-09-25', '08:32:00', '17:55:18', 1),
(519, 'E04', '2025-10-01', '08:30:21', '17:27:48', 1),
(520, 'E04', '2025-10-02', '08:12:36', '17:27:06', 1),
(521, 'E04', '2025-10-03', '08:28:40', '17:08:24', 1),
(522, 'E04', '2025-10-04', '07:53:11', '17:59:59', 0),
(523, 'E04', '2025-10-05', '08:21:55', '17:12:45', 1),
(524, 'E04', '2025-10-06', '08:38:03', '16:30:11', 1),
(525, 'E04', '2025-10-08', '08:01:06', '16:43:42', 1),
(526, 'E04', '2025-10-09', '07:44:35', '16:53:34', 0),
(527, 'E04', '2025-10-11', '08:30:26', '17:01:52', 1),
(528, 'E04', '2025-10-12', '07:50:50', '16:44:13', 0),
(529, 'E04', '2025-10-13', '08:25:56', '16:37:38', 1),
(530, 'E04', '2025-10-15', '08:11:20', '17:12:13', 1),
(531, 'E04', '2025-10-16', '08:09:18', '16:39:28', 1),
(532, 'E04', '2025-10-18', '08:25:16', '17:42:57', 1),
(533, 'E04', '2025-10-19', '08:10:58', '16:49:09', 1),
(534, 'E04', '2025-10-20', '08:36:21', '16:43:26', 1),
(535, 'E04', '2025-10-21', '07:51:51', '16:48:06', 0),
(536, 'E04', '2025-10-22', '08:07:38', '16:35:47', 1),
(537, 'E04', '2025-10-23', '08:10:25', '17:34:22', 1),
(538, 'E04', '2025-10-26', '07:41:23', '17:30:12', 0),
(539, 'E04', '2025-11-01', '08:02:12', '16:32:09', 1),
(540, 'E04', '2025-11-03', '08:31:41', '17:03:28', 1),
(541, 'E04', '2025-11-04', '07:55:43', '17:13:32', 0),
(542, 'E04', '2025-11-05', '08:22:40', '17:29:18', 1),
(543, 'E04', '2025-11-07', '08:19:13', '17:40:46', 1),
(544, 'E04', '2025-11-08', '08:09:52', '17:21:43', 1),
(545, 'E04', '2025-11-09', '07:50:38', '17:37:09', 0),
(546, 'E04', '2025-11-11', '07:50:51', '17:27:24', 0),
(547, 'E04', '2025-11-12', '07:59:11', '17:29:17', 0),
(548, 'E04', '2025-11-13', '08:21:46', '17:13:02', 1),
(549, 'E04', '2025-11-14', '07:44:39', '17:13:12', 0),
(550, 'E04', '2025-11-16', '08:09:12', '16:51:36', 1),
(551, 'E04', '2025-11-17', '08:38:49', '17:31:20', 1),
(552, 'E04', '2025-11-18', '07:57:15', '16:33:31', 0),
(553, 'E04', '2025-11-19', '08:12:49', '17:36:19', 1),
(554, 'E04', '2025-11-22', '08:08:38', '17:32:05', 1),
(555, 'E04', '2025-12-01', '08:39:11', '17:18:28', 1),
(556, 'E04', '2025-12-02', '07:42:53', '16:33:49', 0),
(557, 'E04', '2025-12-04', '08:31:31', '17:29:05', 1),
(558, 'E04', '2025-12-05', '08:13:43', '17:32:11', 1),
(559, 'E04', '2025-12-06', '08:26:20', '17:19:55', 1),
(560, 'E04', '2025-12-07', '08:16:58', '17:34:14', 1),
(561, 'E04', '2025-12-08', '08:07:20', '16:40:53', 1),
(562, 'E04', '2025-12-09', '08:29:26', '17:06:41', 1),
(563, 'E04', '2025-12-10', '08:16:38', '17:01:45', 1),
(564, 'E04', '2025-12-11', '08:16:15', '16:50:10', 1),
(565, 'E04', '2025-12-12', '08:32:00', '17:06:53', 1),
(566, 'E04', '2025-12-13', '07:41:00', '17:36:12', 0),
(567, 'E04', '2025-12-14', '08:36:05', '17:41:03', 1),
(568, 'E04', '2025-12-16', '07:57:46', '17:10:09', 0),
(569, 'E04', '2025-12-17', '08:02:28', '17:46:00', 1),
(570, 'E04', '2025-12-19', '08:10:53', '17:31:49', 1),
(571, 'E04', '2025-12-20', '08:03:24', '16:55:12', 1),
(572, 'E04', '2025-12-21', '07:58:32', '17:47:03', 0),
(573, 'E04', '2025-12-22', '07:51:54', '17:53:53', 0),
(574, 'E04', '2025-12-24', '08:07:14', '17:31:14', 1),
(575, 'E06', '2025-06-01', '08:34:21', '17:14:57', 1),
(576, 'E06', '2025-06-02', '08:03:58', '17:29:15', 1),
(577, 'E06', '2025-06-04', '07:51:35', '17:13:15', 0),
(578, 'E06', '2025-06-05', '08:20:29', '17:51:23', 1),
(579, 'E06', '2025-06-06', '08:26:24', '17:03:45', 1),
(580, 'E06', '2025-06-07', '08:19:05', '17:23:11', 1),
(581, 'E06', '2025-06-09', '07:49:34', '16:39:00', 0),
(582, 'E06', '2025-06-11', '08:38:16', '17:09:08', 1),
(583, 'E06', '2025-06-12', '08:39:58', '16:49:24', 1),
(584, 'E06', '2025-06-14', '08:10:55', '16:59:14', 1),
(585, 'E06', '2025-06-16', '08:30:42', '17:57:58', 1),
(586, 'E06', '2025-06-17', '08:29:51', '16:38:41', 1),
(587, 'E06', '2025-06-18', '08:19:37', '16:59:51', 1),
(588, 'E06', '2025-06-19', '08:03:31', '17:53:34', 1),
(589, 'E06', '2025-06-20', '08:12:47', '16:59:58', 1),
(590, 'E06', '2025-06-23', '08:06:46', '17:17:52', 1),
(591, 'E06', '2025-06-24', '07:40:33', '16:37:32', 0),
(592, 'E06', '2025-06-25', '08:22:07', '17:00:24', 1),
(593, 'E06', '2025-06-26', '08:34:12', '17:39:03', 1),
(594, 'E06', '2025-07-02', '07:56:10', '17:02:17', 0),
(595, 'E06', '2025-07-03', '08:30:56', '16:56:04', 1),
(596, 'E06', '2025-07-04', '08:18:21', '17:14:13', 1),
(597, 'E06', '2025-07-05', '07:53:13', '17:13:42', 0),
(598, 'E06', '2025-07-06', '08:02:40', '17:22:55', 1),
(599, 'E06', '2025-07-07', '07:56:15', '17:54:02', 0),
(600, 'E06', '2025-07-08', '08:08:42', '17:44:12', 1),
(601, 'E06', '2025-07-09', '08:37:51', '17:38:13', 1),
(602, 'E06', '2025-07-10', '07:52:49', '17:03:53', 0),
(603, 'E06', '2025-07-11', '07:44:33', '17:29:02', 0),
(604, 'E06', '2025-07-13', '07:59:18', '17:34:53', 0),
(605, 'E06', '2025-07-14', '07:42:04', '16:52:56', 0),
(606, 'E06', '2025-07-17', '08:00:37', '17:56:10', 1),
(607, 'E06', '2025-07-18', '08:34:30', '16:54:39', 1),
(608, 'E06', '2025-07-19', '08:04:00', '16:36:05', 1),
(609, 'E06', '2025-07-21', '07:41:01', '17:26:23', 0),
(610, 'E06', '2025-07-23', '08:04:39', '17:11:22', 1),
(611, 'E06', '2025-07-25', '08:13:44', '17:55:58', 1),
(612, 'E06', '2025-08-01', '08:17:56', '17:07:58', 1),
(613, 'E06', '2025-08-02', '08:27:49', '17:01:14', 1),
(614, 'E06', '2025-08-03', '08:20:57', '17:04:05', 1),
(615, 'E06', '2025-08-04', '07:45:38', '17:53:54', 0),
(616, 'E06', '2025-08-05', '07:45:55', '17:02:02', 0),
(617, 'E06', '2025-08-06', '08:01:02', '16:57:13', 1),
(618, 'E06', '2025-08-07', '08:03:33', '17:22:30', 1),
(619, 'E06', '2025-08-08', '08:36:39', '17:15:24', 1),
(620, 'E06', '2025-08-09', '08:36:14', '17:25:30', 1),
(621, 'E06', '2025-08-10', '08:10:16', '17:33:55', 1),
(622, 'E06', '2025-08-14', '08:36:41', '17:28:13', 1),
(623, 'E06', '2025-08-15', '07:43:25', '16:37:50', 0),
(624, 'E06', '2025-08-16', '07:43:36', '17:15:41', 0),
(625, 'E06', '2025-08-17', '07:56:04', '16:53:50', 0),
(626, 'E06', '2025-08-18', '08:28:37', '17:14:02', 1),
(627, 'E06', '2025-08-20', '08:39:59', '16:45:22', 1),
(628, 'E06', '2025-08-21', '08:25:48', '16:52:37', 1),
(629, 'E06', '2025-08-22', '07:44:47', '17:14:55', 0),
(630, 'E06', '2025-08-23', '08:26:56', '16:43:00', 1),
(631, 'E06', '2025-08-24', '08:06:30', '16:37:31', 1),
(632, 'E06', '2025-08-26', '08:26:54', '16:54:36', 1),
(633, 'E06', '2025-09-02', '08:02:20', '17:59:55', 1),
(634, 'E06', '2025-09-03', '08:03:54', '17:01:56', 1),
(635, 'E06', '2025-09-04', '08:29:53', '17:07:44', 1),
(636, 'E06', '2025-09-05', '08:25:13', '17:56:36', 1),
(637, 'E06', '2025-09-06', '08:31:39', '17:29:03', 1),
(638, 'E06', '2025-09-07', '08:11:19', '17:16:26', 1),
(639, 'E06', '2025-09-09', '08:13:46', '16:52:39', 1),
(640, 'E06', '2025-09-10', '07:45:50', '17:39:47', 0),
(641, 'E06', '2025-09-11', '08:15:52', '16:51:08', 1),
(642, 'E06', '2025-09-12', '07:51:54', '17:46:32', 0),
(643, 'E06', '2025-09-13', '08:23:56', '17:32:14', 1),
(644, 'E06', '2025-09-14', '07:53:51', '17:03:22', 0),
(645, 'E06', '2025-09-16', '08:39:48', '17:50:31', 1),
(646, 'E06', '2025-09-17', '08:23:53', '16:48:45', 1),
(647, 'E06', '2025-09-18', '08:16:40', '17:16:18', 1),
(648, 'E06', '2025-09-19', '07:49:04', '17:18:28', 0),
(649, 'E06', '2025-09-20', '08:15:03', '16:48:08', 1),
(650, 'E06', '2025-09-21', '08:20:12', '17:22:40', 1),
(651, 'E06', '2025-09-22', '08:29:36', '17:04:36', 1),
(652, 'E06', '2025-09-23', '07:43:23', '17:56:06', 0),
(653, 'E06', '2025-09-24', '07:52:05', '16:44:46', 0),
(654, 'E06', '2025-09-25', '08:15:23', '16:57:00', 1),
(655, 'E06', '2025-09-26', '08:25:16', '17:22:12', 1),
(656, 'E06', '2025-10-01', '08:06:32', '16:57:09', 1),
(657, 'E06', '2025-10-04', '08:03:57', '17:19:09', 1),
(658, 'E06', '2025-10-05', '07:41:30', '17:17:29', 0),
(659, 'E06', '2025-10-06', '07:53:51', '17:12:01', 0),
(660, 'E06', '2025-10-07', '08:28:20', '16:39:25', 1),
(661, 'E06', '2025-10-09', '08:26:22', '16:48:50', 1),
(662, 'E06', '2025-10-10', '07:40:40', '17:48:30', 0),
(663, 'E06', '2025-10-11', '07:41:25', '16:42:06', 0),
(664, 'E06', '2025-10-12', '08:16:10', '16:48:59', 1),
(665, 'E06', '2025-10-13', '08:15:46', '16:51:54', 1),
(666, 'E06', '2025-10-14', '08:04:51', '17:40:38', 1),
(667, 'E06', '2025-10-15', '07:43:13', '16:50:09', 0),
(668, 'E06', '2025-10-16', '07:47:10', '17:35:02', 0),
(669, 'E06', '2025-10-17', '07:46:19', '17:38:38', 0),
(670, 'E06', '2025-10-18', '07:52:00', '17:15:39', 0),
(671, 'E06', '2025-10-19', '07:49:34', '17:59:02', 0),
(672, 'E06', '2025-10-20', '08:02:10', '17:10:04', 1),
(673, 'E06', '2025-10-22', '08:34:36', '17:41:20', 1),
(674, 'E06', '2025-10-23', '08:27:18', '16:51:50', 1),
(675, 'E06', '2025-10-24', '08:10:36', '16:30:43', 1),
(676, 'E06', '2025-10-25', '08:11:30', '16:38:41', 1),
(677, 'E06', '2025-10-26', '07:54:41', '17:15:21', 0),
(678, 'E06', '2025-11-01', '08:04:48', '17:34:05', 1),
(679, 'E06', '2025-11-02', '08:07:51', '17:02:29', 1),
(680, 'E06', '2025-11-03', '08:38:40', '17:28:45', 1),
(681, 'E06', '2025-11-04', '08:21:39', '17:13:10', 1),
(682, 'E06', '2025-11-05', '07:48:19', '17:37:15', 0),
(683, 'E06', '2025-11-06', '08:01:32', '17:45:04', 1),
(684, 'E06', '2025-11-08', '08:13:12', '17:47:56', 1),
(685, 'E06', '2025-11-09', '08:24:59', '17:36:37', 1),
(686, 'E06', '2025-11-10', '07:42:17', '17:45:13', 0),
(687, 'E06', '2025-11-12', '08:32:41', '17:55:18', 1),
(688, 'E06', '2025-11-14', '07:45:54', '17:09:53', 0),
(689, 'E06', '2025-11-15', '07:56:28', '17:24:58', 0),
(690, 'E06', '2025-11-16', '07:59:06', '17:51:11', 0),
(691, 'E06', '2025-11-17', '07:44:05', '17:30:50', 0),
(692, 'E06', '2025-11-19', '08:23:43', '16:38:05', 1),
(693, 'E06', '2025-11-20', '07:42:44', '17:09:34', 0),
(694, 'E06', '2025-11-22', '08:24:45', '17:39:32', 1),
(695, 'E06', '2025-11-23', '08:28:30', '16:44:56', 1),
(696, 'E06', '2025-11-24', '08:11:42', '17:08:24', 1),
(697, 'E06', '2025-11-25', '08:07:40', '17:29:28', 1),
(698, 'E06', '2025-11-26', '08:17:16', '17:00:57', 1),
(699, 'E06', '2025-12-01', '07:55:01', '17:31:27', 0),
(700, 'E06', '2025-12-02', '07:55:51', '17:00:03', 0),
(701, 'E06', '2025-12-03', '08:02:57', '16:55:25', 1),
(702, 'E06', '2025-12-04', '08:08:35', '17:22:53', 1),
(703, 'E06', '2025-12-05', '08:26:51', '17:04:04', 1),
(704, 'E06', '2025-12-06', '08:16:53', '17:08:11', 1),
(705, 'E06', '2025-12-07', '07:46:43', '17:35:37', 0),
(706, 'E06', '2025-12-08', '08:01:44', '17:49:19', 1),
(707, 'E06', '2025-12-09', '08:37:21', '17:43:45', 1),
(708, 'E06', '2025-12-10', '08:21:24', '17:38:29', 1),
(709, 'E06', '2025-12-11', '08:03:37', '17:38:38', 1),
(710, 'E06', '2025-12-12', '08:32:15', '17:11:21', 1),
(711, 'E06', '2025-12-13', '07:42:45', '16:45:47', 0),
(712, 'E06', '2025-12-14', '07:50:12', '17:26:58', 0),
(713, 'E06', '2025-12-15', '08:02:20', '17:50:55', 1),
(714, 'E06', '2025-12-16', '07:51:38', '17:45:14', 0),
(715, 'E06', '2025-12-17', '08:08:45', '17:24:22', 1),
(716, 'E06', '2025-12-18', '07:46:01', '17:37:55', 0),
(717, 'E06', '2025-12-19', '07:45:44', '16:35:40', 0),
(718, 'E06', '2025-12-21', '08:20:14', '17:15:03', 1),
(719, 'E06', '2025-12-22', '08:37:17', '16:57:01', 1),
(720, 'E06', '2025-12-23', '07:57:00', '17:15:35', 0),
(721, 'E06', '2025-12-24', '08:33:32', '17:07:16', 1),
(722, 'E06', '2025-12-25', '08:23:44', '17:11:32', 1),
(723, 'E07', '2025-06-01', '08:24:54', '16:36:44', 1),
(724, 'E07', '2025-06-03', '08:22:20', '16:54:39', 1),
(725, 'E07', '2025-06-04', '08:06:22', '17:09:39', 1),
(726, 'E07', '2025-06-05', '07:46:11', '17:47:29', 0),
(727, 'E07', '2025-06-06', '08:03:34', '17:58:08', 1),
(728, 'E07', '2025-06-07', '08:19:08', '16:39:41', 1),
(729, 'E07', '2025-06-08', '08:14:54', '16:44:57', 1),
(730, 'E07', '2025-06-10', '08:03:10', '16:43:08', 1),
(731, 'E07', '2025-06-11', '08:04:59', '17:03:16', 1),
(732, 'E07', '2025-06-12', '08:33:18', '17:27:58', 1),
(733, 'E07', '2025-06-13', '08:30:30', '17:18:59', 1),
(734, 'E07', '2025-06-15', '07:49:09', '17:34:36', 0),
(735, 'E07', '2025-06-17', '07:48:03', '16:43:50', 0),
(736, 'E07', '2025-06-18', '08:01:58', '17:36:09', 1),
(737, 'E07', '2025-06-19', '08:20:39', '17:29:14', 1),
(738, 'E07', '2025-06-20', '07:59:08', '17:43:40', 0),
(739, 'E07', '2025-06-22', '08:22:54', '17:51:07', 1),
(740, 'E07', '2025-06-23', '07:46:16', '17:09:21', 0),
(741, 'E07', '2025-06-24', '07:43:08', '17:27:54', 0),
(742, 'E07', '2025-06-26', '08:20:24', '16:52:57', 1),
(743, 'E07', '2025-07-01', '08:10:29', '17:39:56', 1),
(744, 'E07', '2025-07-02', '08:08:27', '16:55:53', 1),
(745, 'E07', '2025-07-04', '07:42:00', '17:16:39', 0),
(746, 'E07', '2025-07-05', '08:34:20', '16:34:36', 1),
(747, 'E07', '2025-07-06', '08:12:39', '16:39:15', 1),
(748, 'E07', '2025-07-07', '07:45:56', '17:46:32', 0),
(749, 'E07', '2025-07-08', '07:53:32', '16:53:37', 0),
(750, 'E07', '2025-07-09', '08:03:15', '16:33:00', 1),
(751, 'E07', '2025-07-11', '08:15:04', '16:44:52', 1),
(752, 'E07', '2025-07-13', '07:46:45', '17:56:56', 0),
(753, 'E07', '2025-07-14', '08:13:37', '16:59:23', 1),
(754, 'E07', '2025-07-15', '08:26:51', '16:34:21', 1),
(755, 'E07', '2025-07-16', '08:01:01', '16:34:54', 1),
(756, 'E07', '2025-07-17', '08:36:39', '16:35:05', 1),
(757, 'E07', '2025-07-18', '07:44:52', '16:35:01', 0),
(758, 'E07', '2025-07-21', '08:21:28', '17:26:06', 1),
(759, 'E07', '2025-07-23', '08:15:53', '17:55:55', 1),
(760, 'E07', '2025-07-24', '07:41:42', '16:48:37', 0),
(761, 'E07', '2025-07-25', '07:47:35', '17:40:37', 0),
(762, 'E07', '2025-07-26', '08:01:48', '16:46:51', 1),
(763, 'E07', '2025-08-01', '08:20:03', '17:42:01', 1),
(764, 'E07', '2025-08-02', '08:15:25', '17:56:11', 1),
(765, 'E07', '2025-08-04', '07:40:28', '17:06:23', 0),
(766, 'E07', '2025-08-05', '08:26:36', '17:50:08', 1),
(767, 'E07', '2025-08-07', '07:59:02', '17:39:59', 0),
(768, 'E07', '2025-08-08', '08:00:48', '17:53:22', 1),
(769, 'E07', '2025-08-09', '07:50:41', '16:40:30', 0),
(770, 'E07', '2025-08-11', '07:59:39', '17:55:45', 0),
(771, 'E07', '2025-08-12', '07:43:03', '17:51:48', 0),
(772, 'E07', '2025-08-13', '07:54:02', '17:59:27', 0),
(773, 'E07', '2025-08-14', '08:01:14', '17:57:10', 1),
(774, 'E07', '2025-08-15', '08:39:59', '17:29:04', 1),
(775, 'E07', '2025-08-16', '08:06:21', '17:01:40', 1),
(776, 'E07', '2025-08-17', '07:49:06', '17:09:07', 0),
(777, 'E07', '2025-08-18', '07:57:08', '16:54:40', 0),
(778, 'E07', '2025-08-19', '08:24:46', '16:47:09', 1),
(779, 'E07', '2025-08-20', '08:39:58', '17:46:53', 1),
(780, 'E07', '2025-08-21', '08:28:13', '16:47:52', 1),
(781, 'E07', '2025-08-22', '07:58:51', '17:44:13', 0),
(782, 'E07', '2025-08-24', '08:17:15', '17:42:28', 1),
(783, 'E07', '2025-08-26', '08:11:04', '17:04:37', 1),
(784, 'E07', '2025-09-01', '08:21:35', '17:02:11', 1),
(785, 'E07', '2025-09-02', '08:08:15', '16:50:36', 1),
(786, 'E07', '2025-09-03', '08:38:19', '17:29:49', 1),
(787, 'E07', '2025-09-04', '07:42:38', '17:59:43', 0),
(788, 'E07', '2025-09-05', '07:56:17', '17:42:00', 0),
(789, 'E07', '2025-09-07', '07:45:31', '17:48:22', 0),
(790, 'E07', '2025-09-09', '08:18:27', '17:49:14', 1),
(791, 'E07', '2025-09-10', '08:25:24', '17:01:01', 1),
(792, 'E07', '2025-09-11', '07:53:57', '17:42:18', 0),
(793, 'E07', '2025-09-12', '07:51:00', '17:56:31', 0),
(794, 'E07', '2025-09-13', '08:03:47', '16:49:16', 1),
(795, 'E07', '2025-09-14', '08:25:51', '16:45:57', 1),
(796, 'E07', '2025-09-15', '08:06:12', '17:06:16', 1),
(797, 'E07', '2025-09-16', '07:58:49', '17:10:54', 0),
(798, 'E07', '2025-09-17', '07:57:44', '17:13:30', 0),
(799, 'E07', '2025-09-18', '07:51:48', '17:05:38', 0),
(800, 'E07', '2025-09-19', '08:25:40', '17:27:14', 1),
(801, 'E07', '2025-09-20', '08:14:37', '16:47:29', 1),
(802, 'E07', '2025-09-21', '08:17:03', '17:03:04', 1),
(803, 'E07', '2025-09-22', '08:29:14', '16:43:26', 1),
(804, 'E07', '2025-09-23', '08:38:29', '16:31:53', 1),
(805, 'E07', '2025-09-25', '08:19:21', '17:38:29', 1),
(806, 'E07', '2025-09-26', '08:34:16', '16:30:57', 1),
(807, 'E07', '2025-10-01', '08:19:49', '16:57:05', 1),
(808, 'E07', '2025-10-02', '08:20:08', '17:42:07', 1),
(809, 'E07', '2025-10-04', '08:38:53', '16:40:36', 1),
(810, 'E07', '2025-10-05', '08:32:26', '17:09:00', 1),
(811, 'E07', '2025-10-06', '08:05:27', '17:13:45', 1),
(812, 'E07', '2025-10-08', '07:51:58', '17:59:18', 0),
(813, 'E07', '2025-10-09', '08:30:17', '16:39:07', 1),
(814, 'E07', '2025-10-10', '08:19:30', '16:58:20', 1),
(815, 'E07', '2025-10-11', '07:43:04', '17:11:17', 0),
(816, 'E07', '2025-10-13', '07:51:55', '16:32:00', 0),
(817, 'E07', '2025-10-14', '08:10:38', '16:30:33', 1),
(818, 'E07', '2025-10-15', '08:08:46', '17:50:53', 1),
(819, 'E07', '2025-10-17', '08:23:48', '17:52:13', 1),
(820, 'E07', '2025-10-18', '07:48:48', '17:24:05', 0),
(821, 'E07', '2025-10-19', '07:41:19', '17:07:24', 0),
(822, 'E07', '2025-10-21', '07:41:37', '17:32:45', 0),
(823, 'E07', '2025-10-22', '08:36:13', '17:12:06', 1),
(824, 'E07', '2025-10-23', '07:54:14', '17:24:13', 0),
(825, 'E07', '2025-10-24', '08:21:39', '17:21:23', 1),
(826, 'E07', '2025-10-25', '07:48:38', '17:06:35', 0),
(827, 'E07', '2025-10-26', '08:26:56', '16:39:57', 1),
(828, 'E07', '2025-11-01', '08:21:55', '17:48:49', 1),
(829, 'E07', '2025-11-02', '08:27:01', '16:36:27', 1),
(830, 'E07', '2025-11-04', '07:45:28', '17:58:56', 0),
(831, 'E07', '2025-11-05', '08:02:21', '17:47:29', 1),
(832, 'E07', '2025-11-07', '07:51:55', '17:54:24', 0),
(833, 'E07', '2025-11-09', '08:38:48', '17:55:06', 1),
(834, 'E07', '2025-11-10', '07:45:57', '16:42:07', 0),
(835, 'E07', '2025-11-11', '08:08:26', '16:51:52', 1),
(836, 'E07', '2025-11-12', '07:54:09', '17:42:04', 0),
(837, 'E07', '2025-11-13', '07:44:46', '17:15:45', 0),
(838, 'E07', '2025-11-14', '08:39:37', '16:35:09', 1),
(839, 'E07', '2025-11-15', '08:01:20', '17:47:32', 1),
(840, 'E07', '2025-11-16', '08:17:05', '17:03:15', 1),
(841, 'E07', '2025-11-17', '08:31:23', '16:57:18', 1),
(842, 'E07', '2025-11-18', '08:29:36', '16:56:18', 1),
(843, 'E07', '2025-11-19', '07:41:40', '16:47:43', 0),
(844, 'E07', '2025-11-20', '08:34:50', '17:47:59', 1),
(845, 'E07', '2025-11-21', '08:01:26', '16:31:08', 1),
(846, 'E07', '2025-11-22', '08:35:07', '17:25:47', 1),
(847, 'E07', '2025-11-23', '08:31:15', '16:51:53', 1),
(848, 'E07', '2025-11-24', '08:12:16', '17:35:32', 1),
(849, 'E07', '2025-11-26', '08:21:49', '17:25:24', 1),
(850, 'E07', '2025-12-01', '07:45:30', '17:14:37', 0),
(851, 'E07', '2025-12-02', '08:11:50', '16:33:49', 1),
(852, 'E07', '2025-12-03', '08:38:30', '16:31:16', 1),
(853, 'E07', '2025-12-05', '08:39:06', '17:48:31', 1),
(854, 'E07', '2025-12-06', '08:05:04', '17:48:12', 1),
(855, 'E07', '2025-12-08', '08:37:33', '16:53:13', 1),
(856, 'E07', '2025-12-09', '07:57:08', '16:47:18', 0),
(857, 'E07', '2025-12-11', '08:05:01', '16:52:12', 1),
(858, 'E07', '2025-12-12', '07:50:21', '17:52:23', 0),
(859, 'E07', '2025-12-14', '08:14:48', '16:52:04', 1),
(860, 'E07', '2025-12-15', '08:21:40', '16:31:21', 1),
(861, 'E07', '2025-12-16', '08:34:46', '17:23:04', 1),
(862, 'E07', '2025-12-17', '07:56:51', '17:39:42', 0),
(863, 'E07', '2025-12-19', '07:42:29', '17:35:32', 0),
(864, 'E07', '2025-12-20', '08:03:59', '17:10:20', 1),
(865, 'E07', '2025-12-22', '07:51:39', '17:04:13', 0),
(866, 'E07', '2025-12-23', '08:07:02', '16:56:52', 1),
(867, 'E07', '2025-12-25', '08:17:16', '17:31:12', 1),
(868, 'E07', '2025-12-26', '08:18:31', '17:24:05', 1),
(869, 'E08', '2025-06-02', '08:22:55', '17:42:36', 1),
(870, 'E08', '2025-06-03', '07:40:50', '17:06:55', 0),
(871, 'E08', '2025-06-05', '07:42:37', '17:39:48', 0),
(872, 'E08', '2025-06-06', '08:04:39', '17:43:04', 1),
(873, 'E08', '2025-06-07', '08:21:54', '16:31:00', 1),
(874, 'E08', '2025-06-08', '08:26:21', '17:58:11', 1),
(875, 'E08', '2025-06-09', '08:37:54', '16:37:28', 1),
(876, 'E08', '2025-06-10', '08:00:56', '16:46:47', 1),
(877, 'E08', '2025-06-11', '08:32:00', '17:31:01', 1),
(878, 'E08', '2025-06-12', '08:34:54', '16:48:31', 1),
(879, 'E08', '2025-06-13', '08:28:11', '16:44:44', 1),
(880, 'E08', '2025-06-14', '08:13:18', '17:19:18', 1),
(881, 'E08', '2025-06-16', '08:04:25', '17:47:11', 1),
(882, 'E08', '2025-06-18', '08:17:38', '17:45:29', 1),
(883, 'E08', '2025-06-19', '07:42:21', '16:53:39', 0),
(884, 'E08', '2025-06-22', '07:58:52', '17:09:12', 0),
(885, 'E08', '2025-06-23', '08:31:48', '17:25:22', 1),
(886, 'E08', '2025-06-24', '08:15:02', '17:11:37', 1),
(887, 'E08', '2025-06-25', '08:04:45', '17:04:31', 1),
(888, 'E08', '2025-06-26', '07:54:48', '16:47:38', 0),
(889, 'E08', '2025-07-01', '08:16:33', '16:59:29', 1),
(890, 'E08', '2025-07-02', '07:44:17', '17:53:10', 0),
(891, 'E08', '2025-07-03', '07:55:45', '16:38:18', 0),
(892, 'E08', '2025-07-04', '07:45:20', '17:08:20', 0),
(893, 'E08', '2025-07-05', '07:42:06', '17:22:53', 0),
(894, 'E08', '2025-07-06', '08:04:03', '17:15:38', 1),
(895, 'E08', '2025-07-07', '07:48:25', '17:33:27', 0),
(896, 'E08', '2025-07-09', '08:22:45', '17:01:20', 1),
(897, 'E08', '2025-07-10', '08:38:21', '16:34:43', 1),
(898, 'E08', '2025-07-11', '08:14:02', '17:42:06', 1),
(899, 'E08', '2025-07-12', '07:47:08', '17:31:19', 0),
(900, 'E08', '2025-07-14', '08:32:49', '17:40:31', 1),
(901, 'E08', '2025-07-15', '07:41:56', '16:59:55', 0),
(902, 'E08', '2025-07-16', '08:29:45', '17:10:34', 1),
(903, 'E08', '2025-07-17', '08:08:31', '16:37:12', 1),
(904, 'E08', '2025-07-18', '08:17:56', '16:51:26', 1),
(905, 'E08', '2025-07-19', '08:25:25', '17:51:12', 1),
(906, 'E08', '2025-07-20', '08:09:45', '17:38:11', 1),
(907, 'E08', '2025-07-21', '07:53:49', '16:52:31', 0),
(908, 'E08', '2025-07-22', '07:42:52', '17:20:29', 0),
(909, 'E08', '2025-07-23', '08:17:13', '16:40:49', 1),
(910, 'E08', '2025-07-24', '08:00:21', '17:12:52', 1),
(911, 'E08', '2025-07-25', '08:03:24', '17:47:22', 1),
(912, 'E08', '2025-08-02', '08:04:34', '16:56:23', 1),
(913, 'E08', '2025-08-03', '07:58:32', '17:44:54', 0),
(914, 'E08', '2025-08-04', '08:20:27', '17:30:13', 1),
(915, 'E08', '2025-08-05', '08:16:24', '16:35:50', 1),
(916, 'E08', '2025-08-06', '07:59:37', '16:41:00', 0),
(917, 'E08', '2025-08-07', '08:27:11', '16:33:36', 1),
(918, 'E08', '2025-08-08', '07:45:04', '17:50:59', 0),
(919, 'E08', '2025-08-09', '08:11:46', '17:51:54', 1),
(920, 'E08', '2025-08-10', '07:44:40', '17:15:28', 0),
(921, 'E08', '2025-08-11', '08:36:45', '17:46:43', 1),
(922, 'E08', '2025-08-12', '08:13:54', '17:19:41', 1),
(923, 'E08', '2025-08-14', '07:49:29', '17:40:01', 0),
(924, 'E08', '2025-08-15', '08:24:46', '17:13:27', 1),
(925, 'E08', '2025-08-17', '08:16:45', '17:40:16', 1),
(926, 'E08', '2025-08-19', '08:24:11', '17:34:56', 1),
(927, 'E08', '2025-08-20', '08:29:48', '17:55:52', 1),
(928, 'E08', '2025-08-21', '08:12:18', '17:46:40', 1),
(929, 'E08', '2025-08-22', '08:19:49', '17:04:48', 1),
(930, 'E08', '2025-08-23', '08:13:18', '17:55:10', 1),
(931, 'E08', '2025-08-25', '07:55:40', '17:44:41', 0),
(932, 'E08', '2025-08-26', '08:00:27', '17:24:35', 1),
(933, 'E08', '2025-09-02', '07:47:13', '17:52:01', 0),
(934, 'E08', '2025-09-04', '08:18:26', '17:11:56', 1),
(935, 'E08', '2025-09-05', '08:18:34', '17:59:08', 1),
(936, 'E08', '2025-09-08', '08:30:20', '16:50:47', 1),
(937, 'E08', '2025-09-09', '08:09:44', '17:20:52', 1),
(938, 'E08', '2025-09-10', '07:40:01', '17:58:36', 0),
(939, 'E08', '2025-09-11', '08:19:07', '17:14:45', 1),
(940, 'E08', '2025-09-12', '07:49:29', '16:48:05', 0),
(941, 'E08', '2025-09-13', '07:42:54', '17:28:38', 0),
(942, 'E08', '2025-09-15', '08:22:15', '17:32:36', 1),
(943, 'E08', '2025-09-16', '08:24:30', '17:25:02', 1);
INSERT INTO `employee_checkin` (`CheckInID`, `EmployeeID`, `WorkDate`, `CheckInTime`, `CheckOutTime`, `IsLate`) VALUES
(944, 'E08', '2025-09-17', '07:59:39', '16:42:42', 0),
(945, 'E08', '2025-09-18', '07:51:28', '17:40:49', 0),
(946, 'E08', '2025-09-19', '08:06:36', '16:42:08', 1),
(947, 'E08', '2025-09-20', '07:58:52', '17:18:45', 0),
(948, 'E08', '2025-09-21', '07:51:51', '17:32:32', 0),
(949, 'E08', '2025-09-22', '07:59:21', '17:57:13', 0),
(950, 'E08', '2025-09-23', '08:08:50', '17:39:23', 1),
(951, 'E08', '2025-09-24', '08:25:06', '17:16:47', 1),
(952, 'E08', '2025-09-25', '07:49:36', '17:39:12', 0),
(953, 'E08', '2025-09-26', '08:10:49', '17:12:49', 1),
(954, 'E08', '2025-10-01', '08:25:55', '16:58:02', 1),
(955, 'E08', '2025-10-02', '08:02:16', '16:36:32', 1),
(956, 'E08', '2025-10-03', '07:41:48', '17:06:12', 0),
(957, 'E08', '2025-10-04', '08:03:44', '16:49:30', 1),
(958, 'E08', '2025-10-05', '08:30:03', '17:13:14', 1),
(959, 'E08', '2025-10-06', '07:43:18', '17:22:00', 0),
(960, 'E08', '2025-10-07', '08:33:09', '16:53:11', 1),
(961, 'E08', '2025-10-08', '08:02:47', '16:30:42', 1),
(962, 'E08', '2025-10-09', '08:08:32', '17:31:06', 1),
(963, 'E08', '2025-10-10', '08:27:59', '16:38:47', 1),
(964, 'E08', '2025-10-13', '08:39:19', '17:13:02', 1),
(965, 'E08', '2025-10-14', '08:21:32', '16:46:43', 1),
(966, 'E08', '2025-10-15', '08:22:02', '17:55:24', 1),
(967, 'E08', '2025-10-16', '08:02:00', '17:51:32', 1),
(968, 'E08', '2025-10-17', '08:05:46', '17:47:18', 1),
(969, 'E08', '2025-10-19', '07:55:06', '17:50:43', 0),
(970, 'E08', '2025-10-20', '08:37:24', '17:23:32', 1),
(971, 'E08', '2025-10-22', '08:02:01', '17:26:32', 1),
(972, 'E08', '2025-10-24', '08:06:41', '16:55:49', 1),
(973, 'E08', '2025-10-26', '08:33:30', '17:18:57', 1),
(974, 'E08', '2025-11-02', '08:29:17', '17:00:09', 1),
(975, 'E08', '2025-11-03', '07:42:45', '17:23:54', 0),
(976, 'E08', '2025-11-04', '08:09:17', '17:48:15', 1),
(977, 'E08', '2025-11-05', '08:28:24', '17:04:36', 1),
(978, 'E08', '2025-11-06', '08:01:29', '16:55:34', 1),
(979, 'E08', '2025-11-07', '08:32:35', '17:01:03', 1),
(980, 'E08', '2025-11-09', '08:35:48', '16:58:50', 1),
(981, 'E08', '2025-11-10', '07:45:49', '16:34:33', 0),
(982, 'E08', '2025-11-11', '08:19:31', '17:06:36', 1),
(983, 'E08', '2025-11-15', '08:16:17', '16:44:52', 1),
(984, 'E08', '2025-11-17', '08:27:21', '16:52:37', 1),
(985, 'E08', '2025-11-18', '08:21:27', '17:40:54', 1),
(986, 'E08', '2025-11-19', '08:38:06', '16:51:53', 1),
(987, 'E08', '2025-11-20', '08:29:19', '16:46:10', 1),
(988, 'E08', '2025-11-21', '08:17:17', '17:43:03', 1),
(989, 'E08', '2025-11-23', '07:45:22', '17:46:06', 0),
(990, 'E08', '2025-11-24', '07:55:25', '17:06:47', 0),
(991, 'E08', '2025-11-25', '07:48:12', '17:47:58', 0),
(992, 'E08', '2025-11-26', '07:40:26', '16:54:35', 0),
(993, 'E08', '2025-12-01', '08:34:04', '17:12:35', 1),
(994, 'E08', '2025-12-02', '08:33:36', '17:13:09', 1),
(995, 'E08', '2025-12-03', '07:48:53', '17:23:00', 0),
(996, 'E08', '2025-12-04', '08:23:58', '16:44:50', 1),
(997, 'E08', '2025-12-05', '08:17:59', '16:56:01', 1),
(998, 'E08', '2025-12-06', '08:31:51', '17:31:25', 1),
(999, 'E08', '2025-12-07', '07:42:55', '17:40:42', 0),
(1000, 'E08', '2025-12-08', '08:13:21', '17:08:54', 1),
(1001, 'E08', '2025-12-09', '07:50:06', '17:02:42', 0),
(1002, 'E08', '2025-12-10', '08:08:02', '17:06:14', 1),
(1003, 'E08', '2025-12-11', '08:30:53', '17:06:39', 1),
(1004, 'E08', '2025-12-12', '07:54:12', '17:33:50', 0),
(1005, 'E08', '2025-12-13', '07:43:02', '17:37:12', 0),
(1006, 'E08', '2025-12-14', '08:19:55', '17:22:31', 1),
(1007, 'E08', '2025-12-15', '08:31:34', '17:17:49', 1),
(1008, 'E08', '2025-12-17', '08:25:02', '17:02:35', 1),
(1009, 'E08', '2025-12-18', '08:22:26', '17:47:26', 1),
(1010, 'E08', '2025-12-20', '07:43:41', '17:01:07', 0),
(1011, 'E08', '2025-12-21', '08:21:04', '17:41:06', 1),
(1012, 'E08', '2025-12-22', '07:46:48', '17:48:52', 0),
(1013, 'E08', '2025-12-24', '08:26:49', '16:44:14', 1),
(1014, 'E08', '2025-12-25', '08:26:28', '17:17:02', 1),
(1015, 'E08', '2025-12-26', '08:32:58', '17:18:56', 1),
(1016, 'E09', '2025-06-02', '08:03:09', '17:39:26', 1),
(1017, 'E09', '2025-06-03', '07:51:13', '17:45:08', 0),
(1018, 'E09', '2025-06-04', '08:13:34', '17:56:22', 1),
(1019, 'E09', '2025-06-06', '07:54:11', '16:32:15', 0),
(1020, 'E09', '2025-06-07', '07:40:12', '17:39:21', 0),
(1021, 'E09', '2025-06-08', '08:34:02', '17:57:51', 1),
(1022, 'E09', '2025-06-10', '07:57:09', '17:18:15', 0),
(1023, 'E09', '2025-06-11', '08:10:38', '16:37:24', 1),
(1024, 'E09', '2025-06-12', '07:48:54', '16:39:28', 0),
(1025, 'E09', '2025-06-15', '08:25:38', '16:46:41', 1),
(1026, 'E09', '2025-06-16', '08:20:02', '17:06:13', 1),
(1027, 'E09', '2025-06-18', '07:51:15', '17:06:37', 0),
(1028, 'E09', '2025-06-19', '07:48:21', '16:55:16', 0),
(1029, 'E09', '2025-06-20', '07:45:17', '17:13:25', 0),
(1030, 'E09', '2025-06-22', '07:41:01', '16:48:51', 0),
(1031, 'E09', '2025-06-23', '08:00:59', '17:38:36', 1),
(1032, 'E09', '2025-06-24', '08:11:17', '16:59:04', 1),
(1033, 'E09', '2025-06-26', '07:55:54', '17:12:46', 0),
(1034, 'E09', '2025-07-01', '08:08:50', '17:29:24', 1),
(1035, 'E09', '2025-07-02', '07:58:34', '17:57:41', 0),
(1036, 'E09', '2025-07-03', '08:27:26', '16:41:17', 1),
(1037, 'E09', '2025-07-04', '08:33:56', '17:35:43', 1),
(1038, 'E09', '2025-07-05', '08:14:48', '16:33:27', 1),
(1039, 'E09', '2025-07-06', '07:48:27', '17:01:38', 0),
(1040, 'E09', '2025-07-07', '08:17:12', '16:38:37', 1),
(1041, 'E09', '2025-07-08', '08:28:13', '16:44:49', 1),
(1042, 'E09', '2025-07-09', '08:13:56', '17:23:21', 1),
(1043, 'E09', '2025-07-10', '08:13:20', '17:58:03', 1),
(1044, 'E09', '2025-07-11', '07:51:23', '16:54:42', 0),
(1045, 'E09', '2025-07-12', '07:51:29', '17:19:21', 0),
(1046, 'E09', '2025-07-15', '08:24:45', '17:00:01', 1),
(1047, 'E09', '2025-07-16', '07:48:59', '17:11:17', 0),
(1048, 'E09', '2025-07-17', '08:30:38', '17:31:56', 1),
(1049, 'E09', '2025-07-18', '08:08:46', '17:30:25', 1),
(1050, 'E09', '2025-07-19', '08:14:33', '16:41:17', 1),
(1051, 'E09', '2025-07-20', '07:47:22', '17:52:18', 0),
(1052, 'E09', '2025-07-21', '07:56:35', '17:39:23', 0),
(1053, 'E09', '2025-07-23', '08:39:01', '17:13:34', 1),
(1054, 'E09', '2025-07-24', '08:33:37', '16:35:27', 1),
(1055, 'E09', '2025-07-25', '08:35:45', '17:40:10', 1),
(1056, 'E09', '2025-08-01', '08:24:41', '16:36:58', 1),
(1057, 'E09', '2025-08-03', '07:52:28', '17:09:33', 0),
(1058, 'E09', '2025-08-04', '08:13:01', '16:32:41', 1),
(1059, 'E09', '2025-08-05', '08:04:19', '17:17:38', 1),
(1060, 'E09', '2025-08-06', '08:14:02', '17:18:56', 1),
(1061, 'E09', '2025-08-08', '07:52:20', '17:30:47', 0),
(1062, 'E09', '2025-08-09', '08:26:23', '17:22:43', 1),
(1063, 'E09', '2025-08-10', '07:57:28', '17:26:27', 0),
(1064, 'E09', '2025-08-11', '08:05:50', '17:02:56', 1),
(1065, 'E09', '2025-08-12', '08:15:26', '17:00:39', 1),
(1066, 'E09', '2025-08-13', '08:17:57', '17:03:21', 1),
(1067, 'E09', '2025-08-14', '08:19:49', '17:10:47', 1),
(1068, 'E09', '2025-08-15', '07:40:50', '16:52:05', 0),
(1069, 'E09', '2025-08-18', '08:07:23', '16:35:31', 1),
(1070, 'E09', '2025-08-19', '08:10:06', '17:32:46', 1),
(1071, 'E09', '2025-08-20', '08:29:00', '16:42:27', 1),
(1072, 'E09', '2025-08-21', '08:27:37', '16:51:51', 1),
(1073, 'E09', '2025-08-22', '08:06:20', '17:32:28', 1),
(1074, 'E09', '2025-08-24', '08:38:22', '17:42:18', 1),
(1075, 'E09', '2025-09-02', '08:00:45', '17:33:59', 1),
(1076, 'E09', '2025-09-03', '08:07:02', '17:33:15', 1),
(1077, 'E09', '2025-09-05', '07:42:21', '16:37:08', 0),
(1078, 'E09', '2025-09-06', '07:49:23', '17:55:10', 0),
(1079, 'E09', '2025-09-07', '08:08:14', '17:21:03', 1),
(1080, 'E09', '2025-09-08', '08:05:23', '17:45:37', 1),
(1081, 'E09', '2025-09-09', '07:48:27', '17:51:39', 0),
(1082, 'E09', '2025-09-11', '08:33:44', '17:54:12', 1),
(1083, 'E09', '2025-09-12', '07:49:01', '17:40:01', 0),
(1084, 'E09', '2025-09-13', '08:31:33', '17:58:13', 1),
(1085, 'E09', '2025-09-14', '08:20:33', '17:06:53', 1),
(1086, 'E09', '2025-09-16', '07:59:43', '16:30:37', 0),
(1087, 'E09', '2025-09-18', '08:38:02', '16:45:14', 1),
(1088, 'E09', '2025-09-19', '07:52:44', '16:50:41', 0),
(1089, 'E09', '2025-09-20', '08:32:23', '17:44:30', 1),
(1090, 'E09', '2025-09-21', '07:46:57', '16:31:46', 0),
(1091, 'E09', '2025-09-22', '08:21:47', '16:50:34', 1),
(1092, 'E09', '2025-09-24', '08:25:33', '16:33:57', 1),
(1093, 'E09', '2025-09-25', '08:14:36', '16:35:16', 1),
(1094, 'E09', '2025-09-26', '08:18:17', '17:15:11', 1),
(1095, 'E09', '2025-10-01', '08:08:30', '17:22:46', 1),
(1096, 'E09', '2025-10-02', '08:26:24', '17:01:18', 1),
(1097, 'E09', '2025-10-03', '07:43:02', '17:59:46', 0),
(1098, 'E09', '2025-10-04', '07:50:58', '17:06:48', 0),
(1099, 'E09', '2025-10-05', '07:55:15', '17:40:30', 0),
(1100, 'E09', '2025-10-07', '08:17:52', '17:51:06', 1),
(1101, 'E09', '2025-10-08', '08:01:17', '17:54:30', 1),
(1102, 'E09', '2025-10-09', '08:00:10', '17:41:00', 1),
(1103, 'E09', '2025-10-10', '07:58:50', '17:38:34', 0),
(1104, 'E09', '2025-10-11', '07:43:05', '17:29:01', 0),
(1105, 'E09', '2025-10-13', '08:33:27', '17:14:43', 1),
(1106, 'E09', '2025-10-14', '08:14:12', '17:07:13', 1),
(1107, 'E09', '2025-10-15', '08:12:59', '17:30:46', 1),
(1108, 'E09', '2025-10-16', '08:16:26', '17:47:08', 1),
(1109, 'E09', '2025-10-17', '08:24:46', '17:00:39', 1),
(1110, 'E09', '2025-10-18', '07:58:00', '16:39:41', 0),
(1111, 'E09', '2025-10-19', '08:31:59', '17:07:42', 1),
(1112, 'E09', '2025-10-20', '07:53:08', '17:24:49', 0),
(1113, 'E09', '2025-10-21', '07:47:03', '17:07:52', 0),
(1114, 'E09', '2025-10-22', '08:09:41', '16:49:48', 1),
(1115, 'E09', '2025-10-23', '08:05:01', '16:51:32', 1),
(1116, 'E09', '2025-10-24', '07:40:30', '16:48:35', 0),
(1117, 'E09', '2025-10-26', '07:43:56', '16:36:50', 0),
(1118, 'E09', '2025-11-02', '08:33:04', '17:02:40', 1),
(1119, 'E09', '2025-11-04', '07:46:06', '17:02:13', 0),
(1120, 'E09', '2025-11-05', '08:01:00', '16:56:38', 1),
(1121, 'E09', '2025-11-06', '07:55:35', '16:30:56', 0),
(1122, 'E09', '2025-11-07', '07:59:54', '17:45:44', 0),
(1123, 'E09', '2025-11-08', '08:12:15', '16:34:34', 1),
(1124, 'E09', '2025-11-09', '07:43:09', '17:00:36', 0),
(1125, 'E09', '2025-11-10', '08:21:37', '17:45:39', 1),
(1126, 'E09', '2025-11-16', '08:28:43', '17:09:55', 1),
(1127, 'E09', '2025-11-17', '08:14:49', '17:19:59', 1),
(1128, 'E09', '2025-11-19', '08:07:22', '17:36:53', 1),
(1129, 'E09', '2025-11-20', '08:10:20', '17:13:51', 1),
(1130, 'E09', '2025-11-21', '07:48:06', '17:52:35', 0),
(1131, 'E09', '2025-11-24', '08:28:15', '16:52:23', 1),
(1132, 'E09', '2025-11-25', '08:04:31', '17:19:34', 1),
(1133, 'E09', '2025-11-26', '08:39:12', '17:01:31', 1),
(1134, 'E09', '2025-12-01', '08:34:21', '16:44:00', 1),
(1135, 'E09', '2025-12-03', '08:39:23', '17:10:15', 1),
(1136, 'E09', '2025-12-04', '08:39:29', '16:44:13', 1),
(1137, 'E09', '2025-12-05', '08:16:07', '17:20:51', 1),
(1138, 'E09', '2025-12-07', '08:36:01', '17:12:46', 1),
(1139, 'E09', '2025-12-08', '08:06:51', '17:16:18', 1),
(1140, 'E09', '2025-12-09', '08:16:16', '17:00:01', 1),
(1141, 'E09', '2025-12-10', '07:56:24', '17:42:12', 0),
(1142, 'E09', '2025-12-12', '07:50:31', '16:50:26', 0),
(1143, 'E09', '2025-12-13', '08:02:00', '16:30:26', 1),
(1144, 'E09', '2025-12-14', '08:16:28', '16:53:58', 1),
(1145, 'E09', '2025-12-15', '08:24:18', '16:45:18', 1),
(1146, 'E09', '2025-12-16', '08:19:55', '17:07:56', 1),
(1147, 'E09', '2025-12-18', '07:47:49', '17:39:37', 0),
(1148, 'E09', '2025-12-19', '07:43:40', '17:48:53', 0),
(1149, 'E09', '2025-12-21', '07:54:17', '16:37:58', 0),
(1150, 'E09', '2025-12-22', '08:02:43', '17:33:35', 1),
(1151, 'E09', '2025-12-23', '08:31:58', '16:42:32', 1),
(1152, 'E10', '2025-06-02', '07:55:41', '17:30:35', 0),
(1153, 'E10', '2025-06-03', '08:33:23', '17:33:17', 1),
(1154, 'E10', '2025-06-04', '07:47:24', '16:37:01', 0),
(1155, 'E10', '2025-06-06', '07:55:34', '17:33:35', 0),
(1156, 'E10', '2025-06-07', '08:19:09', '17:59:58', 1),
(1157, 'E10', '2025-06-09', '08:34:05', '17:50:25', 1),
(1158, 'E10', '2025-06-10', '07:48:07', '17:04:48', 0),
(1159, 'E10', '2025-06-11', '08:08:44', '17:42:59', 1),
(1160, 'E10', '2025-06-12', '08:19:33', '17:09:38', 1),
(1161, 'E10', '2025-06-13', '08:28:14', '17:01:00', 1),
(1162, 'E10', '2025-06-14', '08:11:15', '17:30:30', 1),
(1163, 'E10', '2025-06-15', '08:38:36', '17:13:51', 1),
(1164, 'E10', '2025-06-16', '07:44:17', '17:45:22', 0),
(1165, 'E10', '2025-06-17', '08:01:03', '17:45:18', 1),
(1166, 'E10', '2025-06-20', '07:51:55', '16:31:28', 0),
(1167, 'E10', '2025-06-21', '08:02:36', '17:08:34', 1),
(1168, 'E10', '2025-06-23', '08:30:31', '17:49:28', 1),
(1169, 'E10', '2025-06-24', '08:27:41', '16:57:40', 1),
(1170, 'E10', '2025-06-26', '08:25:27', '16:53:15', 1),
(1171, 'E10', '2025-07-02', '08:12:18', '17:36:09', 1),
(1172, 'E10', '2025-07-05', '07:53:27', '16:49:09', 0),
(1173, 'E10', '2025-07-06', '07:59:08', '17:07:48', 0),
(1174, 'E10', '2025-07-08', '08:31:49', '17:54:43', 1),
(1175, 'E10', '2025-07-10', '08:05:22', '17:46:44', 1),
(1176, 'E10', '2025-07-11', '08:04:56', '16:38:28', 1),
(1177, 'E10', '2025-07-12', '08:30:16', '17:16:30', 1),
(1178, 'E10', '2025-07-14', '08:27:21', '17:19:11', 1),
(1179, 'E10', '2025-07-15', '07:51:09', '17:45:07', 0),
(1180, 'E10', '2025-07-16', '08:14:21', '16:31:32', 1),
(1181, 'E10', '2025-07-17', '08:27:10', '17:44:37', 1),
(1182, 'E10', '2025-07-18', '08:06:49', '17:48:44', 1),
(1183, 'E10', '2025-07-20', '08:16:23', '17:06:46', 1),
(1184, 'E10', '2025-07-21', '08:33:28', '17:40:43', 1),
(1185, 'E10', '2025-07-22', '08:35:11', '17:44:54', 1),
(1186, 'E10', '2025-07-23', '08:11:00', '17:03:47', 1),
(1187, 'E10', '2025-07-24', '08:10:30', '17:20:30', 1),
(1188, 'E10', '2025-07-25', '08:23:11', '17:38:10', 1),
(1189, 'E10', '2025-07-26', '08:32:02', '17:10:44', 1),
(1190, 'E10', '2025-08-01', '08:36:56', '17:38:31', 1),
(1191, 'E10', '2025-08-02', '08:10:49', '17:32:07', 1),
(1192, 'E10', '2025-08-03', '08:08:45', '17:29:57', 1),
(1193, 'E10', '2025-08-04', '08:08:05', '17:29:26', 1),
(1194, 'E10', '2025-08-05', '08:10:25', '17:45:51', 1),
(1195, 'E10', '2025-08-06', '08:36:04', '17:23:32', 1),
(1196, 'E10', '2025-08-09', '08:36:49', '16:51:56', 1),
(1197, 'E10', '2025-08-10', '07:49:24', '17:28:34', 0),
(1198, 'E10', '2025-08-11', '08:38:01', '17:13:33', 1),
(1199, 'E10', '2025-08-12', '07:48:24', '16:43:04', 0),
(1200, 'E10', '2025-08-13', '07:45:44', '17:20:22', 0),
(1201, 'E10', '2025-08-14', '08:32:34', '17:46:17', 1),
(1202, 'E10', '2025-08-15', '08:10:20', '17:32:53', 1),
(1203, 'E10', '2025-08-16', '08:27:28', '16:32:06', 1),
(1204, 'E10', '2025-08-17', '08:18:43', '17:59:48', 1),
(1205, 'E10', '2025-08-19', '07:52:09', '16:47:38', 0),
(1206, 'E10', '2025-08-20', '07:56:23', '16:52:27', 0),
(1207, 'E10', '2025-08-21', '08:03:30', '17:30:45', 1),
(1208, 'E10', '2025-08-23', '07:55:56', '17:06:54', 0),
(1209, 'E10', '2025-08-24', '07:42:09', '17:07:50', 0),
(1210, 'E10', '2025-08-25', '08:22:30', '17:20:28', 1),
(1211, 'E10', '2025-08-26', '08:22:31', '17:15:48', 1),
(1212, 'E10', '2025-09-01', '08:14:00', '17:21:58', 1),
(1213, 'E10', '2025-09-03', '08:07:31', '17:31:18', 1),
(1214, 'E10', '2025-09-06', '08:30:51', '17:54:47', 1),
(1215, 'E10', '2025-09-09', '08:24:34', '16:34:19', 1),
(1216, 'E10', '2025-09-11', '08:11:36', '17:50:48', 1),
(1217, 'E10', '2025-09-12', '08:31:01', '17:17:15', 1),
(1218, 'E10', '2025-09-14', '08:25:59', '17:09:25', 1),
(1219, 'E10', '2025-09-15', '07:48:21', '16:32:14', 0),
(1220, 'E10', '2025-09-16', '08:07:28', '16:45:16', 1),
(1221, 'E10', '2025-09-17', '08:31:54', '17:51:08', 1),
(1222, 'E10', '2025-09-18', '08:31:25', '17:19:21', 1),
(1223, 'E10', '2025-09-20', '08:11:30', '16:30:19', 1),
(1224, 'E10', '2025-09-21', '07:52:04', '17:31:09', 0),
(1225, 'E10', '2025-09-22', '08:35:52', '16:54:40', 1),
(1226, 'E10', '2025-09-23', '07:43:46', '17:22:27', 0),
(1227, 'E10', '2025-09-24', '08:32:46', '16:49:52', 1),
(1228, 'E10', '2025-09-25', '08:20:02', '17:54:26', 1),
(1229, 'E10', '2025-09-26', '08:17:57', '16:38:30', 1),
(1230, 'E10', '2025-10-01', '08:15:23', '16:50:17', 1),
(1231, 'E10', '2025-10-02', '07:46:48', '17:14:20', 0),
(1232, 'E10', '2025-10-05', '07:53:45', '16:44:08', 0),
(1233, 'E10', '2025-10-08', '08:30:50', '17:51:20', 1),
(1234, 'E10', '2025-10-09', '07:50:26', '17:54:31', 0),
(1235, 'E10', '2025-10-12', '08:11:32', '17:07:47', 1),
(1236, 'E10', '2025-10-13', '08:01:20', '16:48:46', 1),
(1237, 'E10', '2025-10-14', '07:55:17', '17:01:06', 0),
(1238, 'E10', '2025-10-15', '08:26:56', '16:31:49', 1),
(1239, 'E10', '2025-10-16', '08:22:42', '16:56:34', 1),
(1240, 'E10', '2025-10-17', '08:29:08', '16:36:29', 1),
(1241, 'E10', '2025-10-18', '07:58:08', '17:42:02', 0),
(1242, 'E10', '2025-10-22', '08:33:50', '17:40:25', 1),
(1243, 'E10', '2025-10-23', '08:25:05', '16:38:53', 1),
(1244, 'E10', '2025-10-24', '08:34:00', '17:40:23', 1),
(1245, 'E10', '2025-10-25', '08:22:26', '17:51:27', 1),
(1246, 'E10', '2025-10-26', '07:57:53', '16:55:28', 0),
(1247, 'E10', '2025-11-01', '08:25:11', '16:48:22', 1),
(1248, 'E10', '2025-11-02', '07:51:47', '17:32:42', 0),
(1249, 'E10', '2025-11-03', '08:02:59', '16:50:52', 1),
(1250, 'E10', '2025-11-05', '08:24:07', '17:25:40', 1),
(1251, 'E10', '2025-11-06', '08:14:34', '16:50:00', 1),
(1252, 'E10', '2025-11-07', '07:54:46', '16:37:31', 0),
(1253, 'E10', '2025-11-08', '07:48:36', '17:31:17', 0),
(1254, 'E10', '2025-11-09', '08:29:47', '16:50:14', 1),
(1255, 'E10', '2025-11-10', '08:10:13', '17:25:05', 1),
(1256, 'E10', '2025-11-11', '08:34:26', '17:50:06', 1),
(1257, 'E10', '2025-11-12', '08:38:28', '17:31:44', 1),
(1258, 'E10', '2025-11-13', '08:08:24', '17:46:23', 1),
(1259, 'E10', '2025-11-14', '08:14:11', '17:04:07', 1),
(1260, 'E10', '2025-11-16', '08:05:09', '17:33:47', 1),
(1261, 'E10', '2025-11-17', '07:58:11', '17:29:13', 0),
(1262, 'E10', '2025-11-18', '08:35:52', '17:16:12', 1),
(1263, 'E10', '2025-11-19', '07:59:29', '16:57:28', 0),
(1264, 'E10', '2025-11-20', '08:30:32', '17:20:07', 1),
(1265, 'E10', '2025-11-21', '08:17:03', '16:58:24', 1),
(1266, 'E10', '2025-11-22', '08:20:40', '16:49:16', 1),
(1267, 'E10', '2025-11-24', '08:16:47', '17:08:46', 1),
(1268, 'E10', '2025-11-25', '07:56:48', '17:11:10', 0),
(1269, 'E10', '2025-11-26', '08:31:35', '17:56:23', 1),
(1270, 'E10', '2025-12-01', '07:53:16', '17:10:03', 0),
(1271, 'E10', '2025-12-02', '08:08:27', '17:31:42', 1),
(1272, 'E10', '2025-12-04', '08:30:06', '16:53:48', 1),
(1273, 'E10', '2025-12-05', '07:57:38', '16:31:35', 0),
(1274, 'E10', '2025-12-06', '08:38:38', '16:54:12', 1),
(1275, 'E10', '2025-12-07', '07:55:17', '16:33:19', 0),
(1276, 'E10', '2025-12-08', '08:39:23', '17:32:00', 1),
(1277, 'E10', '2025-12-09', '07:58:36', '16:41:10', 0),
(1278, 'E10', '2025-12-10', '07:44:51', '16:59:56', 0),
(1279, 'E10', '2025-12-11', '07:46:17', '16:53:39', 0),
(1280, 'E10', '2025-12-12', '07:52:29', '16:33:53', 0),
(1281, 'E10', '2025-12-13', '08:29:44', '17:03:15', 1),
(1282, 'E10', '2025-12-14', '08:21:37', '17:04:52', 1),
(1283, 'E10', '2025-12-15', '07:47:04', '16:31:54', 0),
(1284, 'E10', '2025-12-16', '08:21:48', '16:50:32', 1),
(1285, 'E10', '2025-12-18', '08:21:02', '17:34:41', 1),
(1286, 'E10', '2025-12-19', '08:13:21', '16:43:40', 1),
(1287, 'E10', '2025-12-22', '08:22:00', '16:54:43', 1),
(1288, 'E10', '2025-12-23', '08:12:19', '17:48:49', 1),
(1289, 'E10', '2025-12-24', '07:51:12', '17:28:06', 0),
(1290, 'E10', '2025-12-25', '08:04:09', '16:30:49', 1),
(1291, 'E10', '2025-12-26', '07:49:46', '16:57:00', 0);

--
-- Triggers `employee_checkin`
--
DELIMITER $$
CREATE TRIGGER `trg_checkin_late` BEFORE INSERT ON `employee_checkin` FOR EACH ROW BEGIN
    IF NEW.CheckInTime > '08:00:00' THEN
        SET NEW.IsLate = 1;
    ELSE
        SET NEW.IsLate = 0;
    END IF;
END
$$
DELIMITER ;
DELIMITER $$
CREATE TRIGGER `trg_checkin_only_active` BEFORE INSERT ON `employee_checkin` FOR EACH ROW BEGIN
    IF NOT EXISTS (
        SELECT 1
        FROM EMPLOYEE
        WHERE EmployeeID = NEW.EmployeeID
          AND Status = 'Active'
    ) THEN
        SIGNAL SQLSTATE '45000'
        SET MESSAGE_TEXT = 'Employee is not Active – cannot check in';
    END IF;
END
$$
DELIMITER ;
DELIMITER $$
CREATE TRIGGER `trg_checkin_update_payroll` AFTER INSERT ON `employee_checkin` FOR EACH ROW BEGIN
    DECLARE v_month INT;
    DECLARE v_year INT;

    SET v_month = MONTH(NEW.WorkDate);
    SET v_year  = YEAR(NEW.WorkDate);

    UPDATE EMPLOYEE_PAYROLL p
    SET
        p.WorkDays = (
            SELECT COUNT(*)
            FROM EMPLOYEE_CHECKIN c
            WHERE c.EmployeeID = NEW.EmployeeID
              AND MONTH(c.WorkDate) = v_month
              AND YEAR(c.WorkDate) = v_year
        ),
        p.LateWorkday = (
            SELECT COUNT(*)
            FROM EMPLOYEE_CHECKIN c
            WHERE c.EmployeeID = NEW.EmployeeID
              AND MONTH(c.WorkDate) = v_month
              AND YEAR(c.WorkDate) = v_year
              AND c.IsLate = 1
        )
    WHERE p.EmployeeID = NEW.EmployeeID
      AND p.Month = v_month
      AND p.Year = v_year;
END
$$
DELIMITER ;
DELIMITER $$
CREATE TRIGGER `trg_checkin_update_payroll_after_update` AFTER UPDATE ON `employee_checkin` FOR EACH ROW BEGIN
    DECLARE v_month INT;
    DECLARE v_year INT;

    SET v_month = MONTH(NEW.WorkDate);
    SET v_year  = YEAR(NEW.WorkDate);

    UPDATE EMPLOYEE_PAYROLL p
    SET
        p.WorkDays = (
            SELECT COUNT(*)
            FROM EMPLOYEE_CHECKIN c
            WHERE c.EmployeeID = NEW.EmployeeID
              AND MONTH(c.WorkDate) = v_month
              AND YEAR(c.WorkDate) = v_year
        ),
        p.LateWorkday = (
            SELECT COUNT(*)
            FROM EMPLOYEE_CHECKIN c
            WHERE c.EmployeeID = NEW.EmployeeID
              AND MONTH(c.WorkDate) = v_month
              AND YEAR(c.WorkDate) = v_year
              AND c.IsLate = 1
        )
    WHERE p.EmployeeID = NEW.EmployeeID
      AND p.Month = v_month
      AND p.Year = v_year;
END
$$
DELIMITER ;
DELIMITER $$
CREATE TRIGGER `trg_checkout_valid` BEFORE UPDATE ON `employee_checkin` FOR EACH ROW BEGIN
    IF OLD.CheckOutTime IS NOT NULL THEN
        SIGNAL SQLSTATE '45000'
        SET MESSAGE_TEXT = 'Already checked out';
    END IF;

    IF NEW.CheckOutTime <= OLD.CheckInTime THEN
        SIGNAL SQLSTATE '45000'
        SET MESSAGE_TEXT = 'Checkout time must be after checkin time';
    END IF;
END
$$
DELIMITER ;
DELIMITER $$
CREATE TRIGGER `trg_log_checkin` AFTER INSERT ON `employee_checkin` FOR EACH ROW BEGIN
    INSERT INTO EMPLOYEE_ATTENDANCE_LOG
    (EmployeeID, WorkDate, Action, ActionTime, Note)
    VALUES
    (NEW.EmployeeID, NEW.WorkDate, 'CHECKIN', NOW(), 'Employee check-in');
END
$$
DELIMITER ;
DELIMITER $$
CREATE TRIGGER `trg_log_checkout` AFTER UPDATE ON `employee_checkin` FOR EACH ROW BEGIN
    IF NEW.CheckOutTime IS NOT NULL THEN
        INSERT INTO EMPLOYEE_ATTENDANCE_LOG
        (EmployeeID, WorkDate, Action, ActionTime, Note)
        VALUES
        (NEW.EmployeeID, NEW.WorkDate, 'CHECKOUT', NOW(), 'Employee check-out');
    END IF;
END
$$
DELIMITER ;

-- --------------------------------------------------------

--
-- Table structure for table `employee_payroll`
--

CREATE TABLE `employee_payroll` (
  `PayrollID` varchar(30) NOT NULL,
  `EmployeeID` varchar(30) NOT NULL,
  `Month` tinyint(4) NOT NULL,
  `Year` smallint(6) NOT NULL,
  `BaseSalary` decimal(12,2) NOT NULL,
  `WorkDays` int(11) DEFAULT 0,
  `LateWorkday` int(11) DEFAULT 0,
  `Bonus` decimal(12,2) DEFAULT 0.00,
  `Penalty` decimal(12,2) DEFAULT 0.00,
  `TotalSalary` decimal(12,2) DEFAULT NULL
) ENGINE=InnoDB DEFAULT CHARSET=utf8mb4 COLLATE=utf8mb4_general_ci;

--
-- Dumping data for table `employee_payroll`
--

INSERT INTO `employee_payroll` (`PayrollID`, `EmployeeID`, `Month`, `Year`, `BaseSalary`, `WorkDays`, `LateWorkday`, `Bonus`, `Penalty`, `TotalSalary`) VALUES
('P01', 'E01', 6, 2025, 12000000.00, 18, 11, 1000000.00, 300000.00, 9007692.00),
('P02', 'E02', 6, 2025, 8500000.00, 24, 13, 800000.00, 400000.00, 8246154.00),
('P03', 'E03', 6, 2025, 7800000.00, 18, 12, 700000.00, 500000.00, 5600000.00),
('P04', 'E04', 6, 2025, 9000000.00, 24, 17, 900000.00, 200000.00, 9007692.00),
('P05', 'E06', 6, 2025, 8800000.00, 19, 16, 600000.00, 350000.00, 6680769.00),
('P06', 'E07', 6, 2025, 8300000.00, 20, 14, 500000.00, 450000.00, 6434615.00),
('P07', 'E08', 6, 2025, 8400000.00, 20, 15, 500000.00, 250000.00, 6711538.00),
('P08', 'E09', 6, 2025, 8600000.00, 18, 8, 500000.00, 300000.00, 6153846.00),
('P09', 'E10', 6, 2025, 8800000.00, 19, 13, 500000.00, 500000.00, 6430769.00),
('P10', 'E01', 7, 2025, 12000000.00, 21, 11, 1400000.00, 300000.00, 10792308.00),
('P11', 'E02', 7, 2025, 8500000.00, 22, 12, 850000.00, 400000.00, 7642308.00),
('P12', 'E03', 7, 2025, 7800000.00, 21, 14, 700000.00, 500000.00, 6500000.00),
('P13', 'E04', 7, 2025, 9000000.00, 19, 13, 950000.00, 200000.00, 7326923.00),
('P14', 'E06', 7, 2025, 8200000.00, 18, 10, 650000.00, 350000.00, 5976923.00),
('P15', 'E07', 7, 2025, 8300000.00, 20, 13, 500000.00, 450000.00, 6434615.00),
('P16', 'E08', 7, 2025, 8400000.00, 23, 14, 500000.00, 250000.00, 7680769.00),
('P17', 'E09', 7, 2025, 8600000.00, 22, 15, 500000.00, 300000.00, 7476923.00),
('P18', 'E10', 7, 2025, 8800000.00, 19, 16, 500000.00, 500000.00, 6430769.00),
('P19', 'E01', 8, 2025, 12000000.00, 22, 10, 920000.00, 300000.00, 10773846.00),
('P20', 'E02', 8, 2025, 8500000.00, 21, 7, 870000.00, 400000.00, 7335385.00),
('P21', 'E03', 8, 2025, 7800000.00, 21, 11, 720000.00, 500000.00, 6520000.00),
('P22', 'E04', 8, 2025, 9000000.00, 23, 16, 960000.00, 200000.00, 8721538.00),
('P23', 'E06', 8, 2025, 8200000.00, 21, 15, 680000.00, 350000.00, 6953077.00),
('P24', 'E07', 8, 2025, 8300000.00, 21, 12, 500000.00, 450000.00, 6753846.00),
('P25', 'E08', 8, 2025, 8400000.00, 21, 15, 500000.00, 250000.00, 7034615.00),
('P26', 'E09', 8, 2025, 8600000.00, 19, 15, 500000.00, 300000.00, 6484615.00),
('P27', 'E10', 8, 2025, 8800000.00, 22, 15, 500000.00, 500000.00, 7446154.00),
('P28', 'E01', 9, 2025, 12000000.00, 16, 9, 930000.00, 300000.00, 8014615.00),
('P29', 'E02', 9, 2025, 8500000.00, 17, 11, 880000.00, 400000.00, 6037692.00),
('P30', 'E03', 9, 2025, 7800000.00, 21, 16, 750000.00, 500000.00, 6550000.00),
('P31', 'E04', 9, 2025, 9000000.00, 21, 17, 970000.00, 200000.00, 8039231.00),
('P32', 'E06', 9, 2025, 8200000.00, 23, 17, 700000.00, 350000.00, 7603846.00),
('P33', 'E07', 9, 2025, 8300000.00, 23, 15, 500000.00, 450000.00, 7392308.00),
('P34', 'E08', 9, 2025, 8400000.00, 21, 11, 500000.00, 250000.00, 7034615.00),
('P35', 'E09', 9, 2025, 8600000.00, 20, 13, 500000.00, 300000.00, 6815385.00),
('P36', 'E10', 9, 2025, 8800000.00, 18, 15, 500000.00, 500000.00, 6092308.00),
('P37', 'E01', 10, 2025, 12000000.00, 21, 13, 940000.00, 300000.00, 10332308.00),
('P38', 'E02', 10, 2025, 8500000.00, 20, 19, 890000.00, 400000.00, 7028462.00),
('P39', 'E03', 10, 2025, 7800000.00, 22, 13, 760000.00, 500000.00, 6860000.00),
('P40', 'E04', 10, 2025, 9000000.00, 20, 15, 980000.00, 200000.00, 7703077.00),
('P41', 'E06', 10, 2025, 8200000.00, 22, 12, 720000.00, 350000.00, 7308462.00),
('P42', 'E07', 10, 2025, 8300000.00, 21, 13, 500000.00, 450000.00, 6753846.00),
('P43', 'E08', 10, 2025, 8400000.00, 20, 17, 500000.00, 250000.00, 6711538.00),
('P44', 'E09', 10, 2025, 8600000.00, 23, 13, 500000.00, 300000.00, 7807692.00),
('P45', 'E10', 10, 2025, 8800000.00, 17, 11, 500000.00, 500000.00, 5753846.00),
('P46', 'E01', 11, 2025, 12000000.00, 19, 11, 950000.00, 300000.00, 9419231.00),
('P47', 'E02', 11, 2025, 8500000.00, 22, 11, 900000.00, 400000.00, 7692308.00),
('P48', 'E03', 11, 2025, 7800000.00, 21, 12, 780000.00, 500000.00, 6580000.00),
('P49', 'E04', 11, 2025, 9000000.00, 16, 10, 990000.00, 200000.00, 6328462.00),
('P50', 'E06', 11, 2025, 8200000.00, 21, 14, 750000.00, 350000.00, 7023077.00),
('P51', 'E07', 11, 2025, 8300000.00, 22, 16, 500000.00, 450000.00, 7073077.00),
('P52', 'E08', 11, 2025, 8400000.00, 19, 13, 500000.00, 250000.00, 6388462.00),
('P53', 'E09', 11, 2025, 8600000.00, 16, 11, 500000.00, 300000.00, 5492308.00),
('P54', 'E10', 11, 2025, 8800000.00, 23, 17, 500000.00, 500000.00, 7784615.00),
('P55', 'E01', 12, 2025, 12000000.00, 21, 12, 1000000.00, 300000.00, 10392308.00),
('P56', 'E02', 12, 2025, 8500000.00, 21, 15, 950000.00, 400000.00, 7415385.00),
('P57', 'E03', 12, 2025, 7800000.00, 22, 15, 800000.00, 500000.00, 6900000.00),
('P58', 'E04', 12, 2025, 9000000.00, 20, 15, 1100000.00, 200000.00, 7823077.00),
('P59', 'E06', 12, 2025, 8200000.00, 24, 15, 850000.00, 350000.00, 8069231.00),
('P60', 'E07', 12, 2025, 8300000.00, 19, 13, 600000.00, 450000.00, 6215385.00),
('P61', 'E08', 12, 2025, 8400000.00, 23, 16, 600000.00, 250000.00, 7780769.00),
('P62', 'E09', 12, 2025, 8600000.00, 18, 13, 600000.00, 300000.00, 6253846.00),
('P63', 'E10', 12, 2025, 8800000.00, 22, 12, 600000.00, 500000.00, 7546154.00);

-- --------------------------------------------------------

--
-- Table structure for table `employee_penalty`
--

CREATE TABLE `employee_penalty` (
  `PenaltyID` varchar(30) NOT NULL,
  `PayrollID` varchar(30) DEFAULT NULL,
  `Description` varchar(255) DEFAULT NULL,
  `Amount` decimal(12,2) DEFAULT NULL,
  `PenaltyDate` date DEFAULT curdate()
) ENGINE=InnoDB DEFAULT CHARSET=utf8mb4 COLLATE=utf8mb4_general_ci;

--
-- Dumping data for table `employee_penalty`
--

INSERT INTO `employee_penalty` (`PenaltyID`, `PayrollID`, `Description`, `Amount`, `PenaltyDate`) VALUES
('PE0601', 'P01', 'Phạt đi trễ nhiều', 300000.00, '2025-06-30'),
('PE0602', 'P02', 'Phạt đi trễ nhiều', 400000.00, '2025-06-30'),
('PE0603', 'P03', 'Phạt đi trễ nhiều', 500000.00, '2025-06-30'),
('PE0604', 'P04', 'Phạt đi trễ nhiều', 200000.00, '2025-06-30'),
('PE0605', 'P05', 'Phạt đi trễ nhiều', 350000.00, '2025-06-30'),
('PE0606', 'P06', 'Phạt đi trễ nhiều', 450000.00, '2025-06-30'),
('PE0607', 'P07', 'Phạt đi trễ nhiều', 250000.00, '2025-06-30'),
('PE0608', 'P08', 'Phạt đi trễ nhiều', 300000.00, '2025-06-30'),
('PE0609', 'P09', 'Phạt đi trễ nhiều', 500000.00, '2025-06-30'),
('PE0701', 'P10', 'Phạt đi trễ nhiều', 300000.00, '2025-07-31'),
('PE0702', 'P11', 'Phạt đi trễ nhiều', 400000.00, '2025-07-31'),
('PE0703', 'P12', 'Phạt đi trễ nhiều', 500000.00, '2025-07-31'),
('PE0704', 'P13', 'Phạt đi trễ nhiều', 200000.00, '2025-07-31'),
('PE0705', 'P14', 'Phạt đi trễ nhiều', 350000.00, '2025-07-31'),
('PE0706', 'P15', 'Phạt đi trễ nhiều', 450000.00, '2025-07-31'),
('PE0707', 'P16', 'Phạt đi trễ nhiều', 250000.00, '2025-07-31'),
('PE0708', 'P17', 'Phạt đi trễ nhiều', 300000.00, '2025-07-31'),
('PE0709', 'P18', 'Phạt đi trễ nhiều', 500000.00, '2025-07-31'),
('PE0801', 'P19', 'Phạt đi trễ nhiều', 300000.00, '2025-08-31'),
('PE0802', 'P20', 'Phạt đi trễ nhiều', 400000.00, '2025-08-31'),
('PE0803', 'P21', 'Phạt đi trễ nhiều', 500000.00, '2025-08-31'),
('PE0804', 'P22', 'Phạt đi trễ nhiều', 200000.00, '2025-08-31'),
('PE0805', 'P23', 'Phạt đi trễ nhiều', 350000.00, '2025-08-31'),
('PE0806', 'P24', 'Phạt đi trễ nhiều', 450000.00, '2025-08-31'),
('PE0807', 'P25', 'Phạt đi trễ nhiều', 250000.00, '2025-08-31'),
('PE0808', 'P26', 'Phạt đi trễ nhiều', 300000.00, '2025-08-31'),
('PE0809', 'P27', 'Phạt đi trễ nhiều', 500000.00, '2025-08-31'),
('PE0901', 'P28', 'Phạt đi trễ nhiều', 300000.00, '2025-09-30'),
('PE0902', 'P29', 'Phạt đi trễ nhiều', 400000.00, '2025-09-30'),
('PE0903', 'P30', 'Phạt đi trễ nhiều', 500000.00, '2025-09-30'),
('PE0904', 'P31', 'Phạt đi trễ nhiều', 200000.00, '2025-09-30'),
('PE0905', 'P32', 'Phạt đi trễ nhiều', 350000.00, '2025-09-30'),
('PE0906', 'P33', 'Phạt đi trễ nhiều', 450000.00, '2025-09-30'),
('PE0907', 'P34', 'Phạt đi trễ nhiều', 250000.00, '2025-09-30'),
('PE0908', 'P35', 'Phạt đi trễ nhiều', 300000.00, '2025-09-30'),
('PE0909', 'P36', 'Phạt đi trễ nhiều', 500000.00, '2025-09-30'),
('PE1001', 'P37', 'Phạt đi trễ nhiều', 300000.00, '2025-10-31'),
('PE1002', 'P38', 'Phạt đi trễ nhiều', 400000.00, '2025-10-31'),
('PE1003', 'P39', 'Phạt đi trễ nhiều', 500000.00, '2025-10-31'),
('PE1004', 'P40', 'Phạt đi trễ nhiều', 200000.00, '2025-10-31'),
('PE1005', 'P41', 'Phạt đi trễ nhiều', 350000.00, '2025-10-31'),
('PE1006', 'P42', 'Phạt đi trễ nhiều', 450000.00, '2025-10-31'),
('PE1007', 'P43', 'Phạt đi trễ nhiều', 250000.00, '2025-10-31'),
('PE1008', 'P44', 'Phạt đi trễ nhiều', 300000.00, '2025-10-31'),
('PE1009', 'P45', 'Phạt đi trễ nhiều', 500000.00, '2025-10-31'),
('PE1101', 'P46', 'Phạt đi trễ nhiều', 300000.00, '2025-11-30'),
('PE1102', 'P47', 'Phạt đi trễ nhiều', 400000.00, '2025-11-30'),
('PE1103', 'P48', 'Phạt đi trễ nhiều', 500000.00, '2025-11-30'),
('PE1104', 'P49', 'Phạt đi trễ nhiều', 200000.00, '2025-11-30'),
('PE1105', 'P50', 'Phạt đi trễ nhiều', 350000.00, '2025-11-30'),
('PE1106', 'P51', 'Phạt đi trễ nhiều', 450000.00, '2025-11-30'),
('PE1107', 'P52', 'Phạt đi trễ nhiều', 250000.00, '2025-11-30'),
('PE1108', 'P53', 'Phạt đi trễ nhiều', 300000.00, '2025-11-30'),
('PE1109', 'P54', 'Phạt đi trễ nhiều', 500000.00, '2025-11-30'),
('PE1201', 'P55', 'Phạt đi trễ nhiều', 300000.00, '2025-12-31'),
('PE1202', 'P56', 'Phạt đi trễ nhiều', 400000.00, '2025-12-31'),
('PE1203', 'P57', 'Phạt đi trễ nhiều', 500000.00, '2025-12-31'),
('PE1204', 'P58', 'Phạt đi trễ nhiều', 200000.00, '2025-12-31'),
('PE1205', 'P59', 'Phạt đi trễ nhiều', 350000.00, '2025-12-31'),
('PE1206', 'P60', 'Phạt đi trễ nhiều', 450000.00, '2025-12-31'),
('PE1207', 'P61', 'Phạt đi trễ nhiều', 250000.00, '2025-12-31'),
('PE1208', 'P62', 'Phạt đi trễ nhiều', 300000.00, '2025-12-31'),
('PE1209', 'P63', 'Phạt đi trễ nhiều', 500000.00, '2025-12-31');

--
-- Triggers `employee_penalty`
--
DELIMITER $$
CREATE TRIGGER `trg_penalty_update_payroll` AFTER INSERT ON `employee_penalty` FOR EACH ROW BEGIN
    UPDATE EMPLOYEE_PAYROLL
    SET Penalty = IFNULL(Penalty, 0) + NEW.Amount
    WHERE PayrollID = NEW.PayrollID;
END
$$
DELIMITER ;

-- --------------------------------------------------------

--
-- Table structure for table `import`
--

CREATE TABLE `import` (
  `ImportID` varchar(30) NOT NULL,
  `ImportTime` datetime NOT NULL DEFAULT current_timestamp(),
  `Note` varchar(255) DEFAULT NULL
) ENGINE=InnoDB DEFAULT CHARSET=utf8mb4 COLLATE=utf8mb4_general_ci;

--
-- Dumping data for table `import`
--

INSERT INTO `import` (`ImportID`, `ImportTime`, `Note`) VALUES
('IM001', '2026-01-15 09:32:20', 'Morning restock'),
('IM20260115174153', '2026-01-15 17:41:53', 'Restock from UI');

-- --------------------------------------------------------

--
-- Table structure for table `import_detail`
--

CREATE TABLE `import_detail` (
  `ImportID` varchar(30) NOT NULL,
  `ProductID` varchar(30) NOT NULL,
  `Quantity` int(11) NOT NULL,
  `CostPrice` decimal(12,2) NOT NULL DEFAULT 0.00
) ENGINE=InnoDB DEFAULT CHARSET=utf8mb4 COLLATE=utf8mb4_general_ci;

--
-- Dumping data for table `import_detail`
--

INSERT INTO `import_detail` (`ImportID`, `ProductID`, `Quantity`, `CostPrice`) VALUES
('IM001', 'PD01', 6, 80000.00),
('IM001', 'PD02', 7, 60000.00),
('IM001', 'PD03', 5, 90000.00),
('IM001', 'PD04', 8, 85000.00),
('IM001', 'PD05', 6, 55000.00),
('IM001', 'PD06', 7, 50000.00),
('IM001', 'PD07', 5, 52000.00),
('IM001', 'PD08', 8, 70000.00),
('IM001', 'PD09', 6, 65000.00),
('IM001', 'PD10', 7, 60000.00),
('IM001', 'PD11', 5, 75000.00),
('IM001', 'PD12', 8, 80000.00),
('IM20260115174153', 'PD01', 6, 80000.00);

-- --------------------------------------------------------

--
-- Table structure for table `orderdetail`
--

CREATE TABLE `orderdetail` (
  `OrderDetailID` int(11) NOT NULL,
  `OrderID` int(11) NOT NULL,
  `ProductID` varchar(30) NOT NULL,
  `Quantity` int(11) NOT NULL,
  `UnitPrice` decimal(12,2) NOT NULL,
  `CostPrice` decimal(12,2) NOT NULL,
  `PromoID` varchar(30) DEFAULT NULL,
  `DiscountAmount` decimal(12,2) DEFAULT 0.00
) ENGINE=InnoDB DEFAULT CHARSET=utf8mb4 COLLATE=utf8mb4_general_ci;

-- --------------------------------------------------------

--
-- Table structure for table `orders`
--

CREATE TABLE `orders` (
  `OrderID` int(11) NOT NULL,
  `OrderDate` datetime NOT NULL DEFAULT current_timestamp(),
  `CustomerID` int(11) NOT NULL,
  `Total` decimal(12,2) NOT NULL,
  `PaymentMethod` enum('Transfer','Cash') NOT NULL
) ENGINE=InnoDB DEFAULT CHARSET=utf8mb4 COLLATE=utf8mb4_general_ci;

-- --------------------------------------------------------

--
-- Table structure for table `product`
--

CREATE TABLE `product` (
  `ProductID` varchar(30) NOT NULL,
  `ProductName` varchar(150) NOT NULL,
  `CategoryID` varchar(30) NOT NULL,
  `Quantity` int(11) NOT NULL DEFAULT 0,
  `Unit` varchar(20) DEFAULT NULL,
  `CostPrice` decimal(12,2) NOT NULL DEFAULT 0.00,
  `Price` decimal(12,2) NOT NULL DEFAULT 0.00,
  `Description` varchar(255) DEFAULT NULL,
  `Image` varchar(255) DEFAULT NULL
) ENGINE=InnoDB DEFAULT CHARSET=utf8mb4 COLLATE=utf8mb4_general_ci;

--
-- Dumping data for table `product`
--

INSERT INTO `product` (`ProductID`, `ProductName`, `CategoryID`, `Quantity`, `Unit`, `CostPrice`, `Price`, `Description`, `Image`) VALUES
('PD01', 'Strawberry Short Cake', 'C01', 6, 'slice', 80000.00, 160000.00, 'Fresh strawberry...', 'strawberryshort.jpg'),
('PD02', 'Lemon Short Cake', 'C01', 0, 'slice', 60000.00, 120000.00, 'Lemon curd on top', 'lemonshort.jpg'),
('PD03', 'W Cheesecake', 'C01', 0, 'slice', 90000.00, 135000.00, '', ''),
('PD04', 'Matcha Chiffon', 'C01', 0, 'slice', 85000.00, 135000.00, '', ''),
('PD05', 'Earl Grey Chiffon', 'C01', 0, 'slice', 55000.00, 100000.00, '', ''),
('PD06', 'Whole wheat Cookie', 'C03', 0, 'pack', 50000.00, 38000.00, '', ''),
('PD07', 'Nut Cookie', 'C03', 0, 'pack', 52000.00, 38000.00, '', ''),
('PD08', 'Choco Fondue', 'C03', 0, 'jar', 70000.00, 120000.00, '', ''),
('PD09', 'Choco Merigue', 'C03', 0, 'pack', 65000.00, 45000.00, '', ''),
('PD10', 'Lemon Cake', 'C02', 0, 'pack', 60000.00, 70000.00, '', ''),
('PD11', 'Choco Muffin', 'C02', 0, 'pack', 75000.00, 75000.00, '', ''),
('PD12', 'Earl Grey Financier', 'C02', 0, 'pack', 80000.00, 48000.00, '', '');

-- --------------------------------------------------------

--
-- Table structure for table `product_category`
--

CREATE TABLE `product_category` (
  `CategoryID` varchar(30) NOT NULL,
  `CategoryName` varchar(100) NOT NULL
) ENGINE=InnoDB DEFAULT CHARSET=utf8mb4 COLLATE=utf8mb4_general_ci;

--
-- Dumping data for table `product_category`
--

INSERT INTO `product_category` (`CategoryID`, `CategoryName`) VALUES
('C01', 'Cake'),
('C02', 'Baked'),
('C03', 'Cookie');

-- --------------------------------------------------------

--
-- Table structure for table `promotion`
--

CREATE TABLE `promotion` (
  `PromoID` varchar(30) NOT NULL,
  `PromoName` varchar(100) NOT NULL,
  `Description` varchar(255) DEFAULT NULL,
  `StartTime` time NOT NULL,
  `EndTime` time NOT NULL,
  `PromoType` enum('percent','fixed') NOT NULL,
  `Value` decimal(12,2) NOT NULL DEFAULT 0.00,
  `Status` enum('Active','Inactive') NOT NULL DEFAULT 'Active'
) ENGINE=InnoDB DEFAULT CHARSET=utf8mb4 COLLATE=utf8mb4_general_ci;

--
-- Dumping data for table `promotion`
--

INSERT INTO `promotion` (`PromoID`, `PromoName`, `Description`, `StartTime`, `EndTime`, `PromoType`, `Value`, `Status`) VALUES
('PR01', 'Bread Discount', 'Discount for bread products', '00:00:00', '23:59:59', 'percent', 10.00, 'Active'),
('PR02', 'Cake Special', 'Special discount for cakes', '00:00:00', '23:59:59', 'fixed', 20.00, 'Active'),
('PR03', 'Cookie Promo', 'Discount for cookie products', '00:00:00', '23:59:59', 'percent', 5.00, 'Inactive');

-- --------------------------------------------------------

--
-- Table structure for table `promotion_product`
--

CREATE TABLE `promotion_product` (
  `PromoID` varchar(30) NOT NULL,
  `ProductID` varchar(30) NOT NULL
) ENGINE=InnoDB DEFAULT CHARSET=utf8mb4 COLLATE=utf8mb4_general_ci;

--
-- Dumping data for table `promotion_product`
--

INSERT INTO `promotion_product` (`PromoID`, `ProductID`) VALUES
('PR02', 'PD01'),
('PR02', 'PD02');

-- --------------------------------------------------------

--
-- Table structure for table `system_config`
--

CREATE TABLE `system_config` (
  `ConfigKey` varchar(50) NOT NULL,
  `ConfigValue` varchar(50) NOT NULL
) ENGINE=InnoDB DEFAULT CHARSET=utf8mb4 COLLATE=utf8mb4_general_ci;

--
-- Dumping data for table `system_config`
--

INSERT INTO `system_config` (`ConfigKey`, `ConfigValue`) VALUES
('LAST_RESET_DATE', '2026-01-15');

-- --------------------------------------------------------

--
-- Stand-in structure for view `vw_employeesalary`
-- (See below for the actual view)
--
CREATE TABLE `vw_employeesalary` (
`EmployeeID` varchar(30)
,`FullName` varchar(100)
,`Month` tinyint(4)
,`Year` smallint(6)
,`WorkDays` int(11)
,`BaseSalary` decimal(12,2)
,`Bonus` decimal(12,2)
,`Penalty` decimal(12,2)
,`TotalSalary` decimal(12,2)
);

-- --------------------------------------------------------

--
-- Structure for view `vw_employeesalary`
--
DROP TABLE IF EXISTS `vw_employeesalary`;

CREATE ALGORITHM=UNDEFINED DEFINER=`root`@`localhost` SQL SECURITY DEFINER VIEW `vw_employeesalary`  AS SELECT `e`.`EmployeeID` AS `EmployeeID`, `e`.`FullName` AS `FullName`, `p`.`Month` AS `Month`, `p`.`Year` AS `Year`, `p`.`WorkDays` AS `WorkDays`, `p`.`BaseSalary` AS `BaseSalary`, `p`.`Bonus` AS `Bonus`, `p`.`Penalty` AS `Penalty`, `p`.`TotalSalary` AS `TotalSalary` FROM (`employee` `e` join `employee_payroll` `p` on(`e`.`EmployeeID` = `p`.`EmployeeID`)) ORDER BY `p`.`Year` ASC, `p`.`Month` ASC, `e`.`EmployeeID` ASC ;

--
-- Indexes for dumped tables
--

--
-- Indexes for table `employee`
--
ALTER TABLE `employee`
  ADD PRIMARY KEY (`EmployeeID`);

--
-- Indexes for table `employee_attendance_log`
--
ALTER TABLE `employee_attendance_log`
  ADD PRIMARY KEY (`LogID`),
  ADD KEY `fk_log_employee` (`EmployeeID`);

--
-- Indexes for table `employee_bonus`
--
ALTER TABLE `employee_bonus`
  ADD PRIMARY KEY (`BonusID`),
  ADD KEY `fk_bonus_payroll` (`PayrollID`);

--
-- Indexes for table `employee_checkin`
--
ALTER TABLE `employee_checkin`
  ADD PRIMARY KEY (`CheckInID`),
  ADD UNIQUE KEY `uq_employee_date` (`EmployeeID`,`WorkDate`);

--
-- Indexes for table `employee_payroll`
--
ALTER TABLE `employee_payroll`
  ADD PRIMARY KEY (`PayrollID`),
  ADD UNIQUE KEY `uq_employee_month_year` (`EmployeeID`,`Month`,`Year`);

--
-- Indexes for table `employee_penalty`
--
ALTER TABLE `employee_penalty`
  ADD PRIMARY KEY (`PenaltyID`),
  ADD KEY `fk_penalty_payroll` (`PayrollID`);

--
-- Indexes for table `import`
--
ALTER TABLE `import`
  ADD PRIMARY KEY (`ImportID`),
  ADD KEY `idx_import_time` (`ImportTime`);

--
-- Indexes for table `import_detail`
--
ALTER TABLE `import_detail`
  ADD PRIMARY KEY (`ImportID`,`ProductID`),
  ADD KEY `idx_import_detail_product` (`ProductID`);

--
-- Indexes for table `orderdetail`
--
ALTER TABLE `orderdetail`
  ADD PRIMARY KEY (`OrderDetailID`),
  ADD KEY `fk_order_ref` (`OrderID`);

--
-- Indexes for table `orders`
--
ALTER TABLE `orders`
  ADD PRIMARY KEY (`OrderID`);

--
-- Indexes for table `product`
--
ALTER TABLE `product`
  ADD PRIMARY KEY (`ProductID`),
  ADD KEY `idx_product_category` (`CategoryID`),
  ADD KEY `idx_product_name` (`ProductName`);

--
-- Indexes for table `product_category`
--
ALTER TABLE `product_category`
  ADD PRIMARY KEY (`CategoryID`);

--
-- Indexes for table `promotion`
--
ALTER TABLE `promotion`
  ADD PRIMARY KEY (`PromoID`),
  ADD KEY `idx_promotion_status` (`Status`),
  ADD KEY `idx_promotion_time` (`StartTime`,`EndTime`);

--
-- Indexes for table `promotion_product`
--
ALTER TABLE `promotion_product`
  ADD PRIMARY KEY (`PromoID`,`ProductID`),
  ADD UNIQUE KEY `ProductID` (`ProductID`),
  ADD KEY `idx_pp_product` (`ProductID`),
  ADD KEY `idx_pp_promo` (`PromoID`);

--
-- Indexes for table `system_config`
--
ALTER TABLE `system_config`
  ADD PRIMARY KEY (`ConfigKey`);

--
-- AUTO_INCREMENT for dumped tables
--

--
-- AUTO_INCREMENT for table `employee_attendance_log`
--
ALTER TABLE `employee_attendance_log`
  MODIFY `LogID` int(11) NOT NULL AUTO_INCREMENT, AUTO_INCREMENT=2583;

--
-- AUTO_INCREMENT for table `employee_checkin`
--
ALTER TABLE `employee_checkin`
  MODIFY `CheckInID` int(11) NOT NULL AUTO_INCREMENT, AUTO_INCREMENT=1292;

--
-- AUTO_INCREMENT for table `orderdetail`
--
ALTER TABLE `orderdetail`
  MODIFY `OrderDetailID` int(11) NOT NULL AUTO_INCREMENT;

--
-- AUTO_INCREMENT for table `orders`
--
ALTER TABLE `orders`
  MODIFY `OrderID` int(11) NOT NULL AUTO_INCREMENT;

--
-- Constraints for dumped tables
--

--
-- Constraints for table `employee_attendance_log`
--
ALTER TABLE `employee_attendance_log`
  ADD CONSTRAINT `fk_log_employee` FOREIGN KEY (`EmployeeID`) REFERENCES `employee` (`EmployeeID`);

--
-- Constraints for table `employee_bonus`
--
ALTER TABLE `employee_bonus`
  ADD CONSTRAINT `fk_bonus_payroll` FOREIGN KEY (`PayrollID`) REFERENCES `employee_payroll` (`PayrollID`);

--
-- Constraints for table `employee_checkin`
--
ALTER TABLE `employee_checkin`
  ADD CONSTRAINT `fk_checkin_employee` FOREIGN KEY (`EmployeeID`) REFERENCES `employee` (`EmployeeID`);

--
-- Constraints for table `employee_payroll`
--
ALTER TABLE `employee_payroll`
  ADD CONSTRAINT `fk_payroll_employee` FOREIGN KEY (`EmployeeID`) REFERENCES `employee` (`EmployeeID`);

--
-- Constraints for table `employee_penalty`
--
ALTER TABLE `employee_penalty`
  ADD CONSTRAINT `fk_penalty_payroll` FOREIGN KEY (`PayrollID`) REFERENCES `employee_payroll` (`PayrollID`);

--
-- Constraints for table `import_detail`
--
ALTER TABLE `import_detail`
  ADD CONSTRAINT `fk_id_import` FOREIGN KEY (`ImportID`) REFERENCES `import` (`ImportID`) ON DELETE CASCADE ON UPDATE CASCADE,
  ADD CONSTRAINT `fk_id_product` FOREIGN KEY (`ProductID`) REFERENCES `product` (`ProductID`) ON UPDATE CASCADE;

--
-- Constraints for table `orderdetail`
--
ALTER TABLE `orderdetail`
  ADD CONSTRAINT `fk_order_ref` FOREIGN KEY (`OrderID`) REFERENCES `orders` (`OrderID`) ON DELETE CASCADE;

--
-- Constraints for table `product`
--
ALTER TABLE `product`
  ADD CONSTRAINT `fk_product_category` FOREIGN KEY (`CategoryID`) REFERENCES `product_category` (`CategoryID`) ON UPDATE CASCADE;

--
-- Constraints for table `promotion_product`
--
ALTER TABLE `promotion_product`
  ADD CONSTRAINT `fk_pp_product` FOREIGN KEY (`ProductID`) REFERENCES `product` (`ProductID`) ON UPDATE CASCADE,
  ADD CONSTRAINT `fk_pp_promo` FOREIGN KEY (`PromoID`) REFERENCES `promotion` (`PromoID`) ON DELETE CASCADE ON UPDATE CASCADE;
COMMIT;

/*!40101 SET CHARACTER_SET_CLIENT=@OLD_CHARACTER_SET_CLIENT */;
/*!40101 SET CHARACTER_SET_RESULTS=@OLD_CHARACTER_SET_RESULTS */;
/*!40101 SET COLLATION_CONNECTION=@OLD_COLLATION_CONNECTION */;
